{"type":"FeatureCollection","features":[{"type":"Feature","id":"107-鶯-01","geometry":{"type":"Point","coordinates":[121.35149475311896,24.954772209585542]},"properties":{"name":"榕樹","code":"107-鶯-01","county":"新北市","scientific_name":"Ficus microcarpa","address":"鶯歌區中正一路65巷11號旁","land_parcel":"國慶段05770001","diameter_m":0.74,"girth_m":2.32,"estimated_age":167,"status":"公告列管","countyCode":"65000"}},{"type":"Feature","id":"107-鶯-02","geometry":{"type":"Point","coordinates":[121.3649575161895,24.976416795783628]},"properties":{"name":"榕樹","code":"107-鶯-02","county":"新北市","scientific_name":"Ficus microcarpa","address":"鶯歌區東湖街圳頭坑 5 號前路旁(日月圓咖啡前)","land_parcel":"東湖段24","diameter_m":2.17,"girth_m":6.8,"estimated_age":217,"status":"公告列管","countyCode":"65000"}},{"type":"Feature","id":"107-鶯-03","geometry":{"type":"Point","coordinates":[121.36613693375136,24.976666691831795]},"properties":{"name":"榕樹","code":"107-鶯-03","county":"新北市","scientific_name":"Ficus microcarpa","address":"鶯歌區東湖街圳頭坑5號左後方山上 (日月圓咖啡前步道往上走)","land_parcel":"東湖段15","diameter_m":2,"girth_m":6.28,"estimated_age":207,"status":"公告列管","countyCode":"65000"}},{"type":"Feature","id":"107-峽-01","geometry":{"type":"Point","coordinates":[121.38871811920212,24.893991226247117]},"properties":{"name":"樟樹","code":"107-峽-01","county":"新北市","scientific_name":"Cinnamomum camphora","address":"三峽區添福里9鄰 (添福里199號)","land_parcel":"白雞段白雞小段01800099","diameter_m":1.05,"girth_m":3.3000000000000003,"estimated_age":117,"status":"公告列管","countyCode":"65000"}},{"type":"Feature","id":"107-峽-02","geometry":{"type":"Point","coordinates":[121.38897688599387,24.894441970742054]},"properties":{"name":"楓香","code":"107-峽-02","county":"新北市","scientific_name":"Liquidambar formosana","address":"三峽區添福里 9 鄰 (鹿興宮前)","land_parcel":"白雞段白雞小段0180008","diameter_m":0.8,"girth_m":2.5,"estimated_age":117,"status":"公告列管","countyCode":"65000"}},{"type":"Feature","id":"107-峽-03","geometry":{"type":"Point","coordinates":[121.38077168342161,24.894598559109774]},"properties":{"name":"榕樹","code":"107-峽-03","county":"新北市","scientific_name":"Ficus microcarpa","address":"三峽區添福里 9 鄰 \n(鹿崛福德宮)","land_parcel":"白雞段白雞小段01800214","diameter_m":1.206731121667,"girth_m":3.7725985739279997,"estimated_age":117,"status":"公告列管","countyCode":"65000"}},{"type":"Feature","id":"107-土-02","geometry":{"type":"Point","coordinates":[121.45733498170245,24.97244203227708]},"properties":{"name":"榕樹","code":"107-土-02","county":"新北市","scientific_name":"Ficus microcarpa","address":"土城區青雲路380 巷1號(德霖技術學院罕見樓後方 土地公廟後)","land_parcel":"石門段06240000","diameter_m":2.41,"girth_m":7.58,"estimated_age":137,"status":"公告列管","countyCode":"65000"}},{"type":"Feature","id":"107-土-03","geometry":{"type":"Point","coordinates":[121.44077809598127,24.96783339626442]},"properties":{"name":"樟樹","code":"107-土-03","county":"新北市","scientific_name":"Cinnamomum camphora","address":"土城區忠義路65之1號(大墓公廟後方小山丘上晉興宮後方)","land_parcel":"忠義段04310000","diameter_m":1.58,"girth_m":4.97,"estimated_age":107,"status":"公告列管","countyCode":"65000"}},{"type":"Feature","id":"107-土-04","geometry":{"type":"Point","coordinates":[121.42344024650659,24.94301983573506]},"properties":{"name":"榕樹","code":"107-土-04","county":"新北市","scientific_name":"Ficus microcarpa","address":"土城區龍泉路69號(長興宮 編號056580路燈旁)","land_parcel":"祖田段06520000","diameter_m":1.457737973711,"girth_m":4.564263357871,"estimated_age":87,"status":"公告列管","countyCode":"65000"}},{"type":"Feature","id":"107-土-05","geometry":{"type":"Point","coordinates":[121.41474456745722,24.951413520181013]},"properties":{"name":"香楠","code":"107-土-05","county":"新北市","scientific_name":"Machilus zuihoensis","address":"土城區龍泉路 39之 1 號(福成宮後)","land_parcel":"祖田段11780000","diameter_m":1.1,"girth_m":3.45,"estimated_age":307,"status":"公告列管","countyCode":"65000"}},{"type":"Feature","id":"107-土-06","geometry":{"type":"Point","coordinates":[121.41769416981411,24.95685836204824]},"properties":{"name":"雀榕","code":"107-土-06","county":"新北市","scientific_name":"Ficus superba var. japonica","address":"土城區中央路四段125巷25號前(大愛園區)","land_parcel":"運校段10340000","diameter_m":0.92,"girth_m":2.88,"estimated_age":70,"status":"公告列管","countyCode":"65000"}},{"type":"Feature","id":"107-土-08","geometry":{"type":"Point","coordinates":[121.4358063152862,24.948166414522248]},"properties":{"name":"香楠","code":"107-土-08","county":"新北市","scientific_name":"Machilus zuihoensis","address":"土城區永寧路121-1號","land_parcel":"建安段02990000","diameter_m":1.29,"girth_m":4.05,"estimated_age":200,"status":"公告列管","countyCode":"65000"}},{"type":"Feature","id":"107-土-09","geometry":{"type":"Point","coordinates":[121.44289133725381,24.97439065830069]},"properties":{"name":"榕樹","code":"107-土-09","county":"新北市","scientific_name":"Ficus microcarpa","address":"土城區和平路11號-廣場中央 (五穀先帝廟-神農宮後，仁德公園內 座椅區)","land_parcel":"土城段01620000","diameter_m":1.37,"girth_m":4.3,"estimated_age":107,"status":"公告列管","countyCode":"65000"}},{"type":"Feature","id":"107-土-10","geometry":{"type":"Point","coordinates":[121.44361407624208,24.974307252287318]},"properties":{"name":"榕樹","code":"107-土-10","county":"新北市","scientific_name":"Ficus microcarpa","address":"土城區和平路11號-廣場右 (五穀先帝廟-神農宮後，仁德公園內 土城老人俱樂部左側)","land_parcel":"土城段01620000","diameter_m":1.26,"girth_m":3.95,"estimated_age":107,"status":"公告列管","countyCode":"65000"}},{"type":"Feature","id":"107-土-12","geometry":{"type":"Point","coordinates":[121.4434951249054,24.974280521974887]},"properties":{"name":"榕樹","code":"107-土-12","county":"新北市","scientific_name":"Ficus microcarpa","address":"土城區和平路11號-廣場左 (五穀先帝廟-神農宮後，仁德公園內近圍欄)","land_parcel":"土城段01620000","diameter_m":1.3800000000000001,"girth_m":4.32,"estimated_age":107,"status":"公告列管","countyCode":"65000"}},{"type":"Feature","id":"107-土-14","geometry":{"type":"Point","coordinates":[121.44871391898509,24.990398321434935]},"properties":{"name":"榕樹","code":"107-土-14","county":"新北市","scientific_name":"Ficus microcarpa","address":"土城區中央路一段45巷3號(德興宮後)","land_parcel":"學成段00650000","diameter_m":1.42,"girth_m":4.45,"estimated_age":107,"status":"公告列管","countyCode":"65000"}},{"type":"Feature","id":"107-土-15","geometry":{"type":"Point","coordinates":[121.44867462349914,24.99048872207471]},"properties":{"name":"九芎","code":"107-土-15","county":"新北市","scientific_name":"Lagerstroemia subcostata","address":"土城區中央路一段45巷3號 (德興宮後)","land_parcel":"學成段00650000","diameter_m":0.64,"girth_m":2,"estimated_age":107,"status":"公告列管","countyCode":"65000"}},{"type":"Feature","id":"107-土-16","geometry":{"type":"Point","coordinates":[121.45955110757902,24.971776147620496]},"properties":{"name":"樟樹","code":"107-土-16","county":"新北市","scientific_name":"Cinnamomum camphora","address":"土城區青雲路585-1號旁 (福興宮後-青龍嶺步道旁)","land_parcel":"石門段04640000","diameter_m":0.61,"girth_m":1.9100000000000001,"estimated_age":107,"status":"公告列管","countyCode":"65000"}},{"type":"Feature","id":"107-土-18","geometry":{"type":"Point","coordinates":[121.4647498773913,24.96886194958437]},"properties":{"name":"荔枝","code":"107-土-18","county":"新北市","scientific_name":"Litchi chinensis","address":"土城區青雲路587巷六福宮 9-1 號後山上 (沿著步道走，遇到三叉路口往右，前行 30 m)","land_parcel":"尖山段04190000","diameter_m":1.17,"girth_m":3.68,"estimated_age":207,"status":"公告列管","countyCode":"65000"}},{"type":"Feature","id":"107-土-20","geometry":{"type":"Point","coordinates":[121.44163216565703,24.960156850972666]},"properties":{"name":"榕樹","code":"107-土-20","county":"新北市","scientific_name":"Ficus microcarpa","address":"土城區承天路 62 巷2號左轉底打鐵坑 (土地公廟後)","land_parcel":"永和段06970000","diameter_m":1.3507405376310002,"girth_m":4.251305681788,"estimated_age":200,"status":"公告列管","countyCode":"65000"}},{"type":"Feature","id":"107-土-21","geometry":{"type":"Point","coordinates":[121.4482823613286,24.950585086384432]},"properties":{"name":"九丁榕","code":"107-土-21","county":"新北市","scientific_name":"Ficus nervosa","address":"土城區承天路121號(石壁寮溪步道上桐花客棧後)","land_parcel":"南天母段04640000","diameter_m":1.352479205016,"girth_m":4.255749052752,"estimated_age":77,"status":"公告列管","countyCode":"65000"}},{"type":"Feature","id":"107-板-01","geometry":{"type":"Point","coordinates":[121.43511437406579,24.996388307447376]},"properties":{"name":"榕樹","code":"107-板-01","county":"新北市","scientific_name":"Ficus microcarpa","address":"板橋區大觀路三段2巷21號","land_parcel":"大同段02530004","diameter_m":1.53,"girth_m":4.8,"estimated_age":117,"status":"公告列管","countyCode":"65000"}},{"type":"Feature","id":"107-板-02","geometry":{"type":"Point","coordinates":[121.47086537914414,25.029864245869515]},"properties":{"name":"榕樹","code":"107-板-02","county":"新北市","scientific_name":"Ficus microcarpa","address":"板橋區吳鳳路50巷46號(農村公園)","land_parcel":"江子翠段溪頭小段01320002","diameter_m":1.730837947354,"girth_m":5.437830449729001,"estimated_age":107,"status":"公告列管","countyCode":"65000"}},{"type":"Feature","id":"107-板-03","geometry":{"type":"Point","coordinates":[121.47541523962308,25.025137068863188]},"properties":{"name":"榕樹","code":"107-板-03","county":"新北市","scientific_name":"Ficus microcarpa","address":"板橋區雙十路二段33巷 62 號前 (八德公園旁)","land_parcel":"江子翠段第一崁小段00640002","diameter_m":1.011385188739,"girth_m":3.182766092568,"estimated_age":107,"status":"公告列管","countyCode":"65000"}},{"type":"Feature","id":"107-板-04","geometry":{"type":"Point","coordinates":[121.47544517396568,25.02519114203224]},"properties":{"name":"榕樹","code":"107-板-04","county":"新北市","scientific_name":"Ficus microcarpa","address":"板橋區雙十路二段33巷62號前(八德公園)","land_parcel":"江子翠段第一崁小段00590007","diameter_m":1.767059704707,"girth_m":5.529529817263,"estimated_age":117,"status":"公告列管","countyCode":"65000"}},{"type":"Feature","id":"107-板-05","geometry":{"type":"Point","coordinates":[121.46492051506797,25.016864350474943]},"properties":{"name":"榕樹","code":"107-板-05","county":"新北市","scientific_name":"Ficus microcarpa","address":"板橋區漢生東路3號(板橋區文化路與 漢生西路交叉口的綠地)","land_parcel":"新板段一小段00020000","diameter_m":1.3673331708110001,"girth_m":4.287190222045,"estimated_age":107,"status":"公告列管","countyCode":"65000"}},{"type":"Feature","id":"107-板-06","geometry":{"type":"Point","coordinates":[121.46464350158183,25.016973554426045]},"properties":{"name":"榕樹","code":"107-板-06","county":"新北市","scientific_name":"Ficus microcarpa","address":"板橋區漢生東路3號(板橋區文化路與漢生西路交叉口的綠地)","land_parcel":"新板段一小段00020000","diameter_m":1.6272676485450002,"girth_m":5.115134406836,"estimated_age":107,"status":"公告列管","countyCode":"65000"}},{"type":"Feature","id":"107-樹-01","geometry":{"type":"Point","coordinates":[121.42489312265938,24.991253702060796]},"properties":{"name":"茄苳","code":"107-樹-01","county":"新北市","scientific_name":"Bischofia javanica","address":"樹林區樹北里鎮前街 112 號(樹林火車站前)","land_parcel":"博愛段07530001","diameter_m":0.92,"girth_m":2.9,"estimated_age":117,"status":"公告列管","countyCode":"65000"}},{"type":"Feature","id":"107-樹-02","geometry":{"type":"Point","coordinates":[121.42494255904582,24.99122647619146]},"properties":{"name":"茄苳","code":"107-樹-02","county":"新北市","scientific_name":"Bischofia javanica","address":"樹林區樹北里鎮前街 112 號(樹林火車站前)","land_parcel":"博愛段07610001","diameter_m":0.5700000000000001,"girth_m":1.8,"estimated_age":117,"status":"公告列管","countyCode":"65000"}},{"type":"Feature","id":"107-樹-04","geometry":{"type":"Point","coordinates":[121.42117118233504,24.997863920490015]},"properties":{"name":"茄苳","code":"107-樹-04","county":"新北市","scientific_name":"Bischofia javanica","address":"新北市樹林區豐林街64號 (福德宮內 左後方遮雨棚內)","land_parcel":"大安段07180000","diameter_m":0.5700000000000001,"girth_m":1.8,"estimated_age":122,"status":"公告列管","countyCode":"65000"}},{"type":"Feature","id":"107-樹-05","geometry":{"type":"Point","coordinates":[121.40476726476243,24.961949891485197]},"properties":{"name":"榕樹、烏桕、雀榕","code":"107-樹-05","county":"新北市","scientific_name":"Ficus microcarpa； Sapium sebiferum；Ficus superba var. japonica","address":"新北市樹林區柑園街一段38巷8弄(福德宮後)","land_parcel":"北園段03460000","diameter_m":2.1337759957410003,"girth_m":6.687675231349,"estimated_age":217,"status":"公告列管","countyCode":"65000"}},{"type":"Feature","id":"107-樹-06","geometry":{"type":"Point","coordinates":[121.38747550406514,24.95563996200709]},"properties":{"name":"榕樹","code":"107-樹-06","county":"新北市","scientific_name":"Ficus microcarpa","address":"樹林區柑園街二段30巷，進入巷口的左側(福興宮對面)","land_parcel":"西園段08400000","diameter_m":1.131724348064,"girth_m":3.557934794231,"estimated_age":267,"status":"公告列管","countyCode":"65000"}},{"type":"Feature","id":"107-樹-07","geometry":{"type":"Point","coordinates":[121.38572275049023,24.94613770112481]},"properties":{"name":"雀榕","code":"107-樹-07","county":"新北市","scientific_name":"Ficus superba var. japonica","address":"樹林區佳園路三段 219 巷 3 號前 (隆恩宮土地公廟)","land_parcel":"南園段09290000","diameter_m":1.31,"girth_m":4.11,"estimated_age":217,"status":"公告列管","countyCode":"65000"}},{"type":"Feature","id":"107-樹-08","geometry":{"type":"Point","coordinates":[121.39186399386219,24.987344830908103]},"properties":{"name":"榕樹","code":"107-樹-08","county":"新北市","scientific_name":"Ficus microcarpa","address":"樹林區東和街(往廣雲宮方向)84號 福興宮土地公廟旁","land_parcel":"山子腳段橫坑子小段02050002","diameter_m":1.17,"girth_m":3.66,"estimated_age":132,"status":"公告列管","countyCode":"65000"}},{"type":"Feature","id":"107-樹-09","geometry":{"type":"Point","coordinates":[121.3788830811063,24.972969312753925]},"properties":{"name":"無患子","code":"107-樹-09","county":"新北市","scientific_name":"Sapindus saponaria","address":"樹林區民和街83巷 10 號前(福德園內 涼亭左側)","land_parcel":"石灰坑段石灰小段01380001","diameter_m":1.11,"girth_m":3.5,"estimated_age":117,"status":"公告列管","countyCode":"65000"}},{"type":"Feature","id":"107-樹-10","geometry":{"type":"Point","coordinates":[121.37892258845564,24.972933099056917]},"properties":{"name":"樟樹","code":"107-樹-10","county":"新北市","scientific_name":"Cinnamomum camphora","address":"樹林區民和街83巷 10 號前(福德園內 涼亭後方)","land_parcel":"石灰坑段石灰小段01380001","diameter_m":0.89,"girth_m":2.8000000000000003,"estimated_age":117,"status":"公告列管","countyCode":"65000"}},{"type":"Feature","id":"107-樹-11","geometry":{"type":"Point","coordinates":[121.36828627567203,24.976661389942947]},"properties":{"name":"榕樹","code":"107-樹-11","county":"新北市","scientific_name":"Ficus microcarpa","address":"樹林區民和街樂山里光明產業道路(石灰段)","land_parcel":"大湖段圳子頭坑小段00010001","diameter_m":1.45,"girth_m":4.55,"estimated_age":357,"status":"公告列管","countyCode":"65000"}},{"type":"Feature","id":"107-樹-12","geometry":{"type":"Point","coordinates":[121.40237302573395,24.974884871716487]},"properties":{"name":"茄苳","code":"107-樹-12","county":"新北市","scientific_name":"Bischofia javanica","address":"樹林區中山路三段5號-廣場右邊 (山佳國小內 操場前至美樓旁)","land_parcel":"味王段06450000","diameter_m":0.7000000000000001,"girth_m":2.2,"estimated_age":107,"status":"公告列管","countyCode":"65000"}},{"type":"Feature","id":"107-樹-13","geometry":{"type":"Point","coordinates":[121.40212546898171,24.974903597148703]},"properties":{"name":"茄苳","code":"107-樹-13","county":"新北市","scientific_name":"Bischofia javanica","address":"樹林區中山路三段5號-靠近運動場右邊 (山佳國\n小內 操場旁至善樓前)","land_parcel":"味王段06450000","diameter_m":2.27905682246,"girth_m":0.72470683728,"estimated_age":107,"status":"公告列管","countyCode":"65000"}},{"type":"Feature","id":"107-樹-14","geometry":{"type":"Point","coordinates":[121.40217502143521,24.974912491560737]},"properties":{"name":"茄苳","code":"107-樹-14","county":"新北市","scientific_name":"Bischofia javanica","address":"樹林區中山路三段5號-靠近運動場左邊(山佳國小內 操場旁旗桿左側)","land_parcel":"味王段06450000","diameter_m":0.54,"girth_m":1.7,"estimated_age":107,"status":"公告列管","countyCode":"65000"}},{"type":"Feature","id":"107-樹-15","geometry":{"type":"Point","coordinates":[121.40206636407767,24.975003067747885]},"properties":{"name":"茄苳","code":"107-樹-15","county":"新北市","scientific_name":"Bischofia javanica","address":"樹林區中山路三段5號-靠近運動場中間 (山佳國小璞園內垃圾回收桶前)","land_parcel":"味王段06450000","diameter_m":0.77,"girth_m":2.42,"estimated_age":107,"status":"公告列管","countyCode":"65000"}},{"type":"Feature","id":"107-樹-16","geometry":{"type":"Point","coordinates":[121.40217531498298,24.97500277345739]},"properties":{"name":"茄苳","code":"107-樹-16","county":"新北市","scientific_name":"Bischofia javanica","address":"樹林區中山路三段5號-廣場中央 (山佳國小璞園內)","land_parcel":"味王段06450000","diameter_m":0.88,"girth_m":2.75,"estimated_age":107,"status":"公告列管","countyCode":"65000"}},{"type":"Feature","id":"107-莊-01","geometry":{"type":"Point","coordinates":[121.45248655023283,25.033243697269498]},"properties":{"name":"榕樹","code":"107-莊-01","county":"新北市","scientific_name":"Ficus microcarpa","address":"新莊區環漢路二段8號                (路燈定位編號24416旁)","land_parcel":"文德段08430000","diameter_m":0.96,"girth_m":3,"estimated_age":67,"status":"公告列管","countyCode":"65000"}},{"type":"Feature","id":"107-莊-15","geometry":{"type":"Point","coordinates":[121.45590196535672,25.03502986249071]},"properties":{"name":"榕樹","code":"107-莊-15","county":"新北市","scientific_name":"Ficus microcarpa","address":"新莊區思明街19號(文德社區公園內)","land_parcel":"恆安段11330023","diameter_m":0.925742944883,"girth_m":2.90688837075,"estimated_age":117,"status":"公告列管","countyCode":"65000"}},{"type":"Feature","id":"107-莊-16","geometry":{"type":"Point","coordinates":[121.45591187472891,25.03502983209067]},"properties":{"name":"榕樹","code":"107-莊-16","county":"新北市","scientific_name":"Ficus microcarpa","address":"新莊區思明街19號(文德社區公園內，鐵皮屋前)","land_parcel":"恆安段11330023","diameter_m":0.845990543682,"girth_m":2.6541100203270003,"estimated_age":117,"status":"公告列管","countyCode":"65000"}},{"type":"Feature","id":"107-莊-17","geometry":{"type":"Point","coordinates":[121.45608010039126,25.034966118818662]},"properties":{"name":"榕樹","code":"107-莊-17","county":"新北市","scientific_name":"Ficus microcarpa","address":"新莊區思明街 19 號(文德社區公園，鐵皮屋內)","land_parcel":"恆安段11320000","diameter_m":1.25463141998,"girth_m":3.933370056326,"estimated_age":117,"status":"公告列管","countyCode":"65000"}},{"type":"Feature","id":"107-莊-18","geometry":{"type":"Point","coordinates":[121.45595234649647,25.03525541180577]},"properties":{"name":"榕樹","code":"107-莊-18","county":"新北市","scientific_name":"Ficus microcarpa","address":"新莊區思明街19號旁，兩棟建築物中間","land_parcel":"恆安段10970000","diameter_m":1.158317745698,"girth_m":3.6224991373360003,"estimated_age":117,"status":"公告列管","countyCode":"65000"}},{"type":"Feature","id":"107-莊-19","geometry":{"type":"Point","coordinates":[121.45612107319829,25.035327119273614]},"properties":{"name":"榕樹","code":"107-莊-19","county":"新北市","scientific_name":"Ficus microcarpa","address":"新莊區碧江街9號斜對面(文德公園旁 巷子內)","land_parcel":"恆安段11270001","diameter_m":1.2800390619039999,"girth_m":4.024040258248,"estimated_age":117,"status":"公告列管","countyCode":"65000"}},{"type":"Feature","id":"107-莊-20","geometry":{"type":"Point","coordinates":[121.41052879399055,25.03278771608935]},"properties":{"name":"雀榕","code":"107-莊-20","county":"新北市","scientific_name":"Ficussuperba  var. japonica","address":"新莊區壽山路61號前面 (青年公園入口處)","land_parcel":"壽山段06440000","diameter_m":1.643045951883,"girth_m":5.162363799656,"estimated_age":107,"status":"公告列管","countyCode":"65000"}},{"type":"Feature","id":"107-泰-01","geometry":{"type":"Point","coordinates":[121.43188653382866,25.061969394362063]},"properties":{"name":"樟樹","code":"107-泰-01","county":"新北市","scientific_name":"Cinnamomum camphora","address":"泰山區泰林路二段255 號      (泰山國小 機車棚旁)","land_parcel":"黎明段01630000","diameter_m":1.06,"girth_m":3.3200000000000003,"estimated_age":117,"status":"公告列管","countyCode":"65000"}},{"type":"Feature","id":"107-重-01","geometry":{"type":"Point","coordinates":[121.49203714287948,25.06117738465927]},"properties":{"name":"茄苳","code":"107-重-01","county":"新北市","scientific_name":"Bischofia javanica","address":"三重區重新路三段94號              (三重區中山藝術公園內)","land_parcel":"過田段00400000","diameter_m":0.74,"girth_m":2.33,"estimated_age":107,"status":"公告列管","countyCode":"65000"}},{"type":"Feature","id":"107-蘆-01","geometry":{"type":"Point","coordinates":[121.46643546430822,25.079469693899995]},"properties":{"name":"九芎","code":"107-蘆-01","county":"新北市","scientific_name":"Lagerstroemia subcostata","address":"蘆洲區九芎街91號前(九芎公廟後)","land_parcel":"九芎段 07360000","diameter_m":0.483,"girth_m":1.5173879700000001,"estimated_age":80,"status":"公告列管","countyCode":"65000"}},{"type":"Feature","id":"107-八-01","geometry":{"type":"Point","coordinates":[121.40961544907795,25.12761275283009]},"properties":{"name":"茄苳","code":"107-八-01","county":"新北市","scientific_name":"Bischofia javanica","address":"八里區荖阡坑95號前 (廖添丁洞步道左前方)","land_parcel":"荖阡段779","diameter_m":0.8200000000000001,"girth_m":2.58,"estimated_age":117,"status":"公告列管","countyCode":"65000"}},{"type":"Feature","id":"107-八-02","geometry":{"type":"Point","coordinates":[121.40952580578525,25.127495635522944]},"properties":{"name":"茄苳","code":"107-八-02","county":"新北市","scientific_name":"Bischofia javanica","address":"八里區荖阡坑 95號前 ( 編號75茄苳旁邊)","land_parcel":"荖阡段783","diameter_m":1.11,"girth_m":3.5,"estimated_age":107,"status":"公告列管","countyCode":"65000"}},{"type":"Feature","id":"107-八-03","geometry":{"type":"Point","coordinates":[121.41173753344829,25.12460955047425]},"properties":{"name":"茄苳","code":"107-八-03","county":"新北市","scientific_name":"Bischofia javanica","address":"八里區荖阡坑路5鄰46號(汽車棚旁)","land_parcel":"荖阡段1185","diameter_m":1.45,"girth_m":4.5600000000000005,"estimated_age":167,"status":"公告列管","countyCode":"65000"}},{"type":"Feature","id":"107-八-05","geometry":{"type":"Point","coordinates":[121.40976266646504,25.127151913851762]},"properties":{"name":"茄苳","code":"107-八-05","county":"新北市","scientific_name":"Bischofia javanica","address":"八里區荖阡坑95-3號屋後方(八里區荖阡里第4鄰鄰長家旁小路上去)","land_parcel":"荖阡段781","diameter_m":1.07,"girth_m":3.36,"estimated_age":124,"status":"公告列管","countyCode":"65000"}},{"type":"Feature","id":"107-八-06","geometry":{"type":"Point","coordinates":[121.40846049674842,25.126234643949644]},"properties":{"name":"茄苳","code":"107-八-06","county":"新北市","scientific_name":"Bischofia javanica","address":"八里區荖阡坑路73-5號建築物右手邊(一條通往柚子果園的小路進去後直走70公尺左右，即可找到老樹)","land_parcel":"荖阡段798","diameter_m":1.59,"girth_m":5,"estimated_age":117,"status":"公告列管","countyCode":"65000"}},{"type":"Feature","id":"107-八-07","geometry":{"type":"Point","coordinates":[121.40912086754777,25.127993298212083]},"properties":{"name":"榕樹","code":"107-八-07","county":"新北市","scientific_name":"Ficus microcarpa","address":"八里區荖阡坑85號房子前面小坡","land_parcel":"荖阡段771","diameter_m":1.1400000000000001,"girth_m":3.5700000000000003,"estimated_age":127,"status":"公告列管","countyCode":"65000"}},{"type":"Feature","id":"107-八-09","geometry":{"type":"Point","coordinates":[121.41792940321244,25.134477958688233]},"properties":{"name":"大葉楠","code":"107-八-09","county":"新北市","scientific_name":"Machilus kusanoi var. kusanoi","address":"八里區埤頭村華富山路15號 (華富山福德宮旁)","land_parcel":"小八里坌段楓櫃斗湖小段317-2\n(新：楓櫃段1305)","diameter_m":1.18,"girth_m":3.71,"estimated_age":140,"status":"公告列管","countyCode":"65000"}},{"type":"Feature","id":"107-八-11","geometry":{"type":"Point","coordinates":[121.40589043348328,25.146753481419996]},"properties":{"name":"榕樹","code":"107-八-11","county":"新北市","scientific_name":"Ficus microcarpa","address":"八里區中華路二段205巷內(石頭公廟後方鐵皮屋內)","land_parcel":"小八里坌段舊城小段199-2","diameter_m":2.07,"girth_m":6.5,"estimated_age":167,"status":"公告列管","countyCode":"65000"}},{"type":"Feature","id":"107-八-12","geometry":{"type":"Point","coordinates":[121.40586094686843,25.14683481473947]},"properties":{"name":"榕樹","code":"107-八-12","county":"新北市","scientific_name":"Ficus microcarpa","address":"八里區中華路二段 205 巷內(石頭公廟左側鐵皮屋內)","land_parcel":"小八里坌段舊城小段199-2","diameter_m":1.87,"girth_m":5.88,"estimated_age":107,"status":"公告列管","countyCode":"65000"}},{"type":"Feature","id":"107-林-02","geometry":{"type":"Point","coordinates":[121.33568071484068,25.1227248371258]},"properties":{"name":"榕樹","code":"107-林-02","county":"新北市","scientific_name":"Ficus microcarpa","address":"林口區44號(林口區瑞平村瑞平派出所左前)","land_parcel":"瑞樹坑段瑞樹坑小段01210002\n瑞樹坑段瑞樹坑小段01210000","diameter_m":1.651,"girth_m":5.186765090000001,"estimated_age":117,"status":"公告列管","countyCode":"65000"}},{"type":"Feature","id":"107-中-01","geometry":{"type":"Point","coordinates":[121.47241634602416,25.000138601951964]},"properties":{"name":"黑松","code":"107-中-01","county":"新北市","scientific_name":"Pinus thunbergii","address":"中和區莒光路160-1 號(消防局後方自強公園饅 頭山上休憩平台後方)","land_parcel":"自強段 00470000","diameter_m":0.61,"girth_m":1.9000000000000001,"estimated_age":107,"status":"公告列管","countyCode":"65000"}},{"type":"Feature","id":"107-中-02","geometry":{"type":"Point","coordinates":[121.48763470077458,24.98892157877282]},"properties":{"name":"榕樹","code":"107-中-02","county":"新北市","scientific_name":"Ficus microcarpa","address":"中和區圓通路429號(牛埔福德宮旁)","land_parcel":"國道段16","diameter_m":0.72,"girth_m":2.2619448,"estimated_age":120,"status":"公告列管","countyCode":"65000"}},{"type":"Feature","id":"107-中-03","geometry":{"type":"Point","coordinates":[121.49235621913246,24.98217106687867]},"properties":{"name":"樟樹","code":"107-中-03","county":"新北市","scientific_name":"Cinnamomum camphora","address":"中和區圓通路367巷 64號(圓通寺往慈雲寺步道上)","land_parcel":"盛昌段1042","diameter_m":1.05,"girth_m":3.3000000000000003,"estimated_age":119,"status":"公告列管","countyCode":"65000"}},{"type":"Feature","id":"107-中-04","geometry":{"type":"Point","coordinates":[121.49755490690463,24.98424831729007]},"properties":{"name":"雀榕","code":"107-中-04","county":"新北市","scientific_name":"Ficus superba var. japonica","address":"中和區圓通路367巷64號(圓通寺後方國旗嶺登山區 福靈宮後方)","land_parcel":"烘爐地段06170000","diameter_m":4.46,"girth_m":14,"estimated_age":367,"status":"公告列管","countyCode":"65000"}},{"type":"Feature","id":"107-永-01","geometry":{"type":"Point","coordinates":[121.51466526648534,24.997055257327894]},"properties":{"name":"刺桐","code":"107-永-01","county":"新北市","scientific_name":"Erythrina variegata","address":"永和區安樂路46號 (永和安樂宮旁)","land_parcel":"民治段04470000, 民治段04480000, 民治段04490000","diameter_m":1.5,"girth_m":4.7,"estimated_age":87,"status":"公告列管","countyCode":"65000"}},{"type":"Feature","id":"107-店-01","geometry":{"type":"Point","coordinates":[121.51238952216592,24.96663817680226]},"properties":{"name":"臺灣朴樹","code":"107-店-01","county":"新北市","scientific_name":"Celtis formosana","address":"新店區柴埕路 22巷內(左側墓旁)","land_parcel":"祥和段258-6","diameter_m":1.1,"girth_m":3.45,"estimated_age":117,"status":"公告列管","countyCode":"65000"}},{"type":"Feature","id":"107-店-04","geometry":{"type":"Point","coordinates":[121.4842519034052,24.95133019148642]},"properties":{"name":"樟樹","code":"107-店-04","county":"新北市","scientific_name":"Cinnamomum camphora","address":"新店區建業路2-1號(建業福德宮後方)","land_parcel":"香坡段970","diameter_m":1.18,"girth_m":3.7,"estimated_age":117,"status":"公告列管","countyCode":"65000"}},{"type":"Feature","id":"107-店-05","geometry":{"type":"Point","coordinates":[121.53728094516784,24.97869331787302]},"properties":{"name":"樟樹","code":"107-店-05","county":"新北市","scientific_name":"Cinnamomum camphora","address":"新店區民族路108 號(大豐國小 汽車棚)","land_parcel":"大豐段 04190000","diameter_m":0.86,"girth_m":2.7,"estimated_age":107,"status":"公告列管","countyCode":"65000"}},{"type":"Feature","id":"107-店-06","geometry":{"type":"Point","coordinates":[121.53746925276002,24.978719722517845]},"properties":{"name":"樟樹","code":"107-店-06","county":"新北市","scientific_name":"Cinnamomum camphora","address":"新店區民族路108 號(大豐國小 籃球場)","land_parcel":"大豐段 04190000","diameter_m":0.89,"girth_m":2.77,"estimated_age":107,"status":"公告列管","countyCode":"65000"}},{"type":"Feature","id":"107-店-07","geometry":{"type":"Point","coordinates":[121.53900021004252,24.952722098804376]},"properties":{"name":"榕樹","code":"107-店-07","county":"新北市","scientific_name":"Ficus microcarpa","address":"新店區新店路 2 號\n(新店國小蕨類植物園區)","land_parcel":"北宜段 06000000","diameter_m":1.82,"girth_m":5.7,"estimated_age":107,"status":"公告列管","countyCode":"65000"}},{"type":"Feature","id":"107-店-09","geometry":{"type":"Point","coordinates":[121.57044468016515,24.96414297250075]},"properties":{"name":"樟樹","code":"107-店-09","county":"新北市","scientific_name":"Cinnamomum camphora","address":"新店區員潭里玉山路103-6號\n(神正福德宮後方)","land_parcel":"青潭段德高嶺小段02090002\n青潭段德高嶺小段05960000","diameter_m":0.9500000000000001,"girth_m":2.97,"estimated_age":200,"status":"公告列管","countyCode":"65000"}},{"type":"Feature","id":"107-店-10","geometry":{"type":"Point","coordinates":[121.5336363994404,24.900639567740875]},"properties":{"name":"九丁榕","code":"107-店-10","county":"新北市","scientific_name":"Ficus nervosa","address":"新店區平廣路一 段 50號(廟公樹)","land_parcel":"平廣段 00060129","diameter_m":2.54,"girth_m":7.95,"estimated_age":1017,"status":"公告列管","countyCode":"65000"}},{"type":"Feature","id":"107-烏-01","geometry":{"type":"Point","coordinates":[121.55189900043469,24.864911531994995]},"properties":{"name":"大葉雀榕","code":"107-烏-01","county":"新北市","scientific_name":"Ficus caulocarpa","address":"烏來區烏來街45號前(新店分局烏來分駐所前)","land_parcel":"南勢段00630000\n南勢段00620000","diameter_m":2.271,"girth_m":7.134550890000001,"estimated_age":107,"status":"公告列管","countyCode":"65000"}},{"type":"Feature","id":"107-深-01","geometry":{"type":"Point","coordinates":[121.5983060195118,25.007603158645775]},"properties":{"name":"九丁榕","code":"107-深-01","county":"新北市","scientific_name":"Ficus nervosa","address":"深坑區萬福路63巷內","land_parcel":"萬順寮段大坑外股小段 02270000","diameter_m":1.01,"girth_m":3.17,"estimated_age":217,"status":"公告列管","countyCode":"65000"}},{"type":"Feature","id":"107-深-02","geometry":{"type":"Point","coordinates":[121.61265944362768,25.001207037816386]},"properties":{"name":"茄苳","code":"107-深-02","county":"新北市","scientific_name":"Bischofia javanica","address":"深坑區深坑街162號(T字路路中心)","land_parcel":"埔新段13770000\n埔新段13780000","diameter_m":1.1500000000000001,"girth_m":3.62,"estimated_age":117,"status":"公告列管","countyCode":"65000"}},{"type":"Feature","id":"107-深-03","geometry":{"type":"Point","coordinates":[121.61275837332866,25.001179546189995]},"properties":{"name":"樟樹","code":"107-深-03","county":"新北市","scientific_name":"Cinnamomum camphora","address":"深坑區深坑街163-1號","land_parcel":"埔新段13780000\n埔新段13770000","diameter_m":1.05,"girth_m":3.3000000000000003,"estimated_age":137,"status":"公告列管","countyCode":"65000"}},{"type":"Feature","id":"107-深-04","geometry":{"type":"Point","coordinates":[121.61645400007933,25.00127261352834]},"properties":{"name":"青剛櫟","code":"107-深-04","county":"新北市","scientific_name":"Quercus glauca","address":"深坑區文化街45號(深坑國小內)","land_parcel":"埔新段 05000000","diameter_m":0.47200000000000003,"girth_m":1.48283048,"estimated_age":107,"status":"公告列管","countyCode":"65000"}},{"type":"Feature","id":"107-深-05","geometry":{"type":"Point","coordinates":[121.61626694934958,25.001508117689696]},"properties":{"name":"樟樹","code":"107-深-05","county":"新北市","scientific_name":"Cinnamomum camphora","address":"深坑區文化街45號(深坑國小內)","land_parcel":"埔新段04990000\n埔新段10500000","diameter_m":1,"girth_m":3.14,"estimated_age":107,"status":"公告列管","countyCode":"65000"}},{"type":"Feature","id":"107-汐-01","geometry":{"type":"Point","coordinates":[121.67292873276686,25.066182493438042]},"properties":{"name":"茄苳","code":"107-汐-01","county":"新北市","scientific_name":"Bischofia javanica","address":"汐止區新台五路二段246號(添福宮後)","land_parcel":"崇德段15360000","diameter_m":1.56,"girth_m":4.89,"estimated_age":237,"status":"公告列管","countyCode":"65000"}},{"type":"Feature","id":"107-平-03","geometry":{"type":"Point","coordinates":[121.7583525065842,25.04924986856905]},"properties":{"name":"茄苳","code":"107-平-03","county":"新北市","scientific_name":"Bischofia javanica","address":"平溪區十分寮段石灼坑12號前","land_parcel":"十分寮段石灼坑小段00980000","diameter_m":1.1300000000000001,"girth_m":3.5500000000000003,"estimated_age":207,"status":"公告列管","countyCode":"65000"}},{"type":"Feature","id":"107-坪-01","geometry":{"type":"Point","coordinates":[121.71131016687167,24.93598330930533]},"properties":{"name":"臺灣油杉","code":"107-坪-01","county":"新北市","scientific_name":"Keteleeria davidiana var. formosana","address":"坪林區坪林街114號(坪林國小內)","land_parcel":"坪林段坪林小段00390020","diameter_m":0.49,"girth_m":1.55,"estimated_age":90,"status":"公告列管","countyCode":"65000"}},{"type":"Feature","id":"107-瑞-02","geometry":{"type":"Point","coordinates":[121.8431317945483,25.109666336325766]},"properties":{"name":"樟樹","code":"107-瑞-02","county":"新北市","scientific_name":"Cinnamomum camphora","address":"瑞芳區豎崎路24號(九份派出所前)","land_parcel":"火庚子寮段01660003","diameter_m":1.054,"girth_m":3.31123586,"estimated_age":117,"status":"公告列管","countyCode":"65000"}},{"type":"Feature","id":"107-貢-01","geometry":{"type":"Point","coordinates":[121.91917321307794,25.01586049870843]},"properties":{"name":"榕樹","code":"107-貢-01","county":"新北市","scientific_name":"Ficus microcarpa","address":"新北市貢寮區德心街10號(德心宮後方斜坡旁)","land_parcel":"下雙溪段下雙溪小段00450002","diameter_m":1.268,"girth_m":3.98353612,"estimated_age":217,"status":"公告列管","countyCode":"65000"}},{"type":"Feature","id":"107-貢-13","geometry":{"type":"Point","coordinates":[121.94699608309479,25.012399857382476]},"properties":{"name":"銀葉樹","code":"107-貢-13","county":"新北市","scientific_name":"Heritiera littoralis","address":"貢寮區龜壽谷街30之12號旁小路進入(溪邊左側需過溪)","land_parcel":"田寮洋段虎子山小段02580002","diameter_m":0.91,"girth_m":2.86,"estimated_age":167,"status":"公告列管","countyCode":"65000"}},{"type":"Feature","id":"107-貢-14","geometry":{"type":"Point","coordinates":[121.94701617306943,25.012435839715128]},"properties":{"name":"雀榕","code":"107-貢-14","county":"新北市","scientific_name":"Ficus superba var. japonica","address":"貢寮區龜壽谷街30之12號旁小路進入(溪邊右側)","land_parcel":"田寮洋段虎子山小段 00780001","diameter_m":1.05,"girth_m":3.3000000000000003,"estimated_age":107,"status":"公告列管","countyCode":"65000"}},{"type":"Feature","id":"107-貢-15","geometry":{"type":"Point","coordinates":[121.94718624582256,25.01265141813183]},"properties":{"name":"銀葉樹","code":"107-貢-15","county":"新北市","scientific_name":"Heritiera littoralis","address":"貢寮區龜壽谷街30之12號旁小路進入(入口處 小紅屋旁)","land_parcel":"田寮洋段虎子山小段00770000","diameter_m":0.43,"girth_m":1.35,"estimated_age":107,"status":"公告列管","countyCode":"65000"}},{"type":"Feature","id":"107-五-01","geometry":{"type":"Point","coordinates":[121.42536542641045,25.12527525801101]},"properties":{"name":"茄苳","code":"107-五-01","county":"新北市","scientific_name":"Bischofia javanica","address":"五股區凌雲路三段57號(左邊)","land_parcel":"觀音坑段內岩小段 00090000, \n觀音坑段內岩小段00080000","diameter_m":0.89,"girth_m":2.79,"estimated_age":107,"status":"公告列管","countyCode":"65000"}},{"type":"Feature","id":"107-五-02","geometry":{"type":"Point","coordinates":[121.42549568786592,25.125663091134026]},"properties":{"name":"紅楠","code":"107-五-02","county":"新北市","scientific_name":"Machilus thunbergii","address":"五股區凌雲路三段55號後(工具間旁)","land_parcel":"觀音坑段內岩小段 00080001, \n觀音坑段內岩小段00080000","diameter_m":1.1400000000000001,"girth_m":3.58,"estimated_age":117,"status":"公告列管","countyCode":"65000"}},{"type":"Feature","id":"107-五-03","geometry":{"type":"Point","coordinates":[121.42563414645822,25.125554356760524]},"properties":{"name":"茄苳","code":"107-五-03","county":"新北市","scientific_name":"Bischofia javanica","address":"五股區凌雲路三段53號前(土地公廟旁)","land_parcel":"觀音坑段內岩小段 00110001, \n觀音坑段內岩小段00630010, \n觀音坑段內岩小段00080001,\n 觀音坑段內岩小段00080003","diameter_m":2.32,"girth_m":7.3,"estimated_age":317,"status":"公告列管","countyCode":"65000"}},{"type":"Feature","id":"107-五-04","geometry":{"type":"Point","coordinates":[121.42561324957735,25.12524746239226]},"properties":{"name":"茄苳","code":"107-五-04","county":"新北市","scientific_name":"Bischofia javanica","address":"五股區凌雲路三段55號(右邊溜滑梯旁)","land_parcel":"觀音坑段內岩小段 00640008","diameter_m":1.34,"girth_m":4.22,"estimated_age":317,"status":"公告列管","countyCode":"65000"}},{"type":"Feature","id":"107-五-06","geometry":{"type":"Point","coordinates":[121.42469066396919,25.128021725890505]},"properties":{"name":"榕樹","code":"107-五-06","county":"新北市","scientific_name":"Ficus microcarpa","address":"五股區觀音村凌雲路三段 116 號\n(凌雲禪寺尖山步道｢回頭是岸」的門簷前)","land_parcel":"觀音坑段內岩小段 00730000, \n觀音坑段內岩小段00730003","diameter_m":2.3000000000000003,"girth_m":7.23,"estimated_age":127,"status":"公告列管","countyCode":"65000"}},{"type":"Feature","id":"107-五-07","geometry":{"type":"Point","coordinates":[121.41997542354447,25.11505278502739]},"properties":{"name":"楓香","code":"107-五-07","county":"新北市","scientific_name":"Liquidambar formosana","address":"五股區中直路49號(直坑福德宮後)","land_parcel":"觀音坑段直坑小段 00430001","diameter_m":1.76,"girth_m":5.54,"estimated_age":127,"status":"公告列管","countyCode":"65000"}},{"type":"Feature","id":"107-五-08","geometry":{"type":"Point","coordinates":[121.44208045238076,25.090892565495277]},"properties":{"name":"楓香","code":"107-五-08","county":"新北市","scientific_name":"Liquidambar formosana","address":"新北市五股區御史路21號對面","land_parcel":"御史段02860000, \n御史段02920000","diameter_m":0.9,"girth_m":2.84,"estimated_age":117,"status":"公告列管","countyCode":"65000"}},{"type":"Feature","id":"107-五-09","geometry":{"type":"Point","coordinates":[121.42516195114577,25.092251087352192]},"properties":{"name":"茄苳","code":"107-五-09","county":"新北市","scientific_name":"Bischofia javanica","address":"五股區民義路一段287巷5號旁","land_parcel":"五股坑段冷水坑小段 00060008,\n五股坑段冷水坑小段 00030003","diameter_m":1,"girth_m":3.14,"estimated_age":217,"status":"公告列管","countyCode":"65000"}},{"type":"Feature","id":"107-五-10","geometry":{"type":"Point","coordinates":[121.42000237897155,25.099723001888343]},"properties":{"name":"龍眼","code":"107-五-10","county":"新北市","scientific_name":"Euphoria longana","address":"五股區民義路二段22巷19弄23號\n(龍雲宮師碑前20m處空地)","land_parcel":"五股坑段五股坑小段 13480001","diameter_m":0.8200000000000001,"girth_m":2.57,"estimated_age":132,"status":"公告列管","countyCode":"65000"}},{"type":"Feature","id":"107-淡-01","geometry":{"type":"Point","coordinates":[121.48331861755084,25.157941492904246]},"properties":{"name":"樟樹","code":"107-淡-01","county":"新北市","scientific_name":"Cinnamomum camphora","address":"淡水區坪頂路757號(坪頂國小內)","land_parcel":"坪頂段1078","diameter_m":0.76,"girth_m":2.4,"estimated_age":117,"status":"公告列管","countyCode":"65000"}},{"type":"Feature","id":"107-淡-02","geometry":{"type":"Point","coordinates":[121.48419364876312,25.158480313297428]},"properties":{"name":"楓香","code":"107-淡-02","county":"新北市","scientific_name":"Liquidambar formosana","address":"淡水區坪頂路757號(坪頂國小內)","land_parcel":"坪頂段1079","diameter_m":0.89,"girth_m":2.8000000000000003,"estimated_age":117,"status":"公告列管","countyCode":"65000"}},{"type":"Feature","id":"107-淡-04","geometry":{"type":"Point","coordinates":[121.47838890534,25.168168148525403]},"properties":{"name":"楓香","code":"107-淡-04","county":"新北市","scientific_name":"Liquidambar formosana","address":"淡水區鄧公路22號(福德宮旁上空地)","land_parcel":"樹興段1489","diameter_m":0.89,"girth_m":2.8000000000000003,"estimated_age":117,"status":"公告列管","countyCode":"65000"}},{"type":"Feature","id":"107-淡-05","geometry":{"type":"Point","coordinates":[121.45490675630882,25.18126052731788]},"properties":{"name":"雀榕","code":"107-淡-05","county":"新北市","scientific_name":"Ficus superba var. Japonica","address":"淡水區北投子62-6號(三塊厝公車站)","land_parcel":"北投子段190-9","diameter_m":2.2800000000000002,"girth_m":7.15,"estimated_age":117,"status":"公告列管","countyCode":"65000"}},{"type":"Feature","id":"107-淡-06","geometry":{"type":"Point","coordinates":[121.47647357272072,25.185842056559242]},"properties":{"name":"榕樹","code":"107-淡-06","county":"新北市","scientific_name":"Ficus microcarpa","address":"淡水區北新路二段15號(水源國小內左一)","land_parcel":"水琭頭段鄒厝崙小段00090000","diameter_m":1.48,"girth_m":4.65,"estimated_age":117,"status":"公告列管","countyCode":"65000"}},{"type":"Feature","id":"107-淡-07","geometry":{"type":"Point","coordinates":[121.47668227565082,25.185931663895495]},"properties":{"name":"榕樹","code":"107-淡-07","county":"新北市","scientific_name":"Ficus microcarpa","address":"淡水區北新肚二段15號(水源國小內右一)","land_parcel":"水琭頭段鄒厝崙小段00090000","diameter_m":2.64,"girth_m":8.3,"estimated_age":117,"status":"公告列管","countyCode":"65000"}},{"type":"Feature","id":"107-淡-08","geometry":{"type":"Point","coordinates":[121.48309937148827,25.18034060355551]},"properties":{"name":"雀榕","code":"107-淡-08","county":"新北市","scientific_name":"Ficus superba var. Japonica","address":"淡水區南勢埔27號前","land_parcel":"水源段154","diameter_m":2.18,"girth_m":6.8500000000000005,"estimated_age":167,"status":"公告列管","countyCode":"65000"}},{"type":"Feature","id":"107-淡-09","geometry":{"type":"Point","coordinates":[121.4848839799033,25.187557127888923]},"properties":{"name":"雀榕","code":"107-淡-09","county":"新北市","scientific_name":"Ficus superba var. Japonica","address":"淡水區北新路三段54號(民宅內)","land_parcel":"忠源段696","diameter_m":1.24,"girth_m":3.9,"estimated_age":137,"status":"公告列管","countyCode":"65000"}},{"type":"Feature","id":"107-淡-10","geometry":{"type":"Point","coordinates":[121.50176537719089,25.191075900502785]},"properties":{"name":"榕樹","code":"107-淡-10","county":"新北市","scientific_name":"Ficus microcarpa","address":"淡水區楓樹湖20鄰19號前(腳後崙公車站旁)","land_parcel":"水琭頭段楓樹湖小段00090001","diameter_m":2.95,"girth_m":9.25,"estimated_age":117,"status":"公告列管","countyCode":"65000"}},{"type":"Feature","id":"107-淡-12","geometry":{"type":"Point","coordinates":[121.48322478010645,25.197041895832783]},"properties":{"name":"楓香","code":"107-淡-12","county":"新北市","scientific_name":"Liquidambar formosana","address":"淡水區忠寮里大埤頭6號前","land_parcel":"中田寮段大埤頭小段00270001","diameter_m":1.59,"girth_m":5,"estimated_age":137,"status":"公告列管","countyCode":"65000"}},{"type":"Feature","id":"107-淡-13","geometry":{"type":"Point","coordinates":[121.4821253837058,25.197551047892045]},"properties":{"name":"楓香","code":"107-淡-13","county":"新北市","scientific_name":"Liquidambar formosana","address":"淡水區忠寮里大埤頭6號","land_parcel":"中田寮段大埤頭小段00310000","diameter_m":0.89,"girth_m":2.8000000000000003,"estimated_age":137,"status":"公告列管","countyCode":"65000"}},{"type":"Feature","id":"107-淡-16","geometry":{"type":"Point","coordinates":[121.48114100102588,25.19881139079619]},"properties":{"name":"楓香","code":"107-淡-16","county":"新北市","scientific_name":"Liquidambar formosana","address":"淡水區忠寮里後寮路2號","land_parcel":"忠寮段 542","diameter_m":1.23,"girth_m":3.85,"estimated_age":137,"status":"公告列管","countyCode":"65000"}},{"type":"Feature","id":"107-淡-17","geometry":{"type":"Point","coordinates":[121.43639019453731,25.17193619861108]},"properties":{"name":"雀榕","code":"107-淡-17","county":"新北市","scientific_name":"Ficus superba var. japonica","address":"淡水區中正路229-9號(淡水老街-榕堤餐廳後)","land_parcel":"中正段685","diameter_m":1.111,"girth_m":3.49030649,"estimated_age":107,"status":"公告列管","countyCode":"65000"}},{"type":"Feature","id":"107-淡-18","geometry":{"type":"Point","coordinates":[121.43641009969136,25.1719541959368]},"properties":{"name":"榕樹","code":"107-淡-18","county":"新北市","scientific_name":"Ficus microcarpa","address":"淡水區中正路229-9號(淡水老街-榕堤餐廳後)","land_parcel":"中正段685","diameter_m":1.124,"girth_m":3.5311471599999997,"estimated_age":107,"status":"公告列管","countyCode":"65000"}},{"type":"Feature","id":"107-淡-19","geometry":{"type":"Point","coordinates":[121.43630129618458,25.172044796732887]},"properties":{"name":"榕樹","code":"107-淡-19","county":"新北市","scientific_name":"Ficus microcarpa","address":"淡水區中正路229-9號(淡水老街-榕堤餐廳後)","land_parcel":"中正段683","diameter_m":0.9279999999999999,"girth_m":2.91539552,"estimated_age":107,"status":"公告列管","countyCode":"65000"}},{"type":"Feature","id":"107-淡-20","geometry":{"type":"Point","coordinates":[121.43630129618458,25.172044796732887]},"properties":{"name":"榕樹","code":"107-淡-20","county":"新北市","scientific_name":"Ficus microcarpa","address":"淡水區中正路229-9號(淡水老街-榕堤餐廳後)","land_parcel":"中正段683","diameter_m":0.735,"girth_m":2.30906865,"estimated_age":107,"status":"公告列管","countyCode":"65000"}},{"type":"Feature","id":"107-淡-21","geometry":{"type":"Point","coordinates":[121.4362023165959,25.17210828448436]},"properties":{"name":"榕樹","code":"107-淡-21","county":"新北市","scientific_name":"Ficus microcarpa","address":"淡水區中正路229-9號(淡水老街-榕堤餐廳旁停車場前第一株)","land_parcel":"中正段663","diameter_m":1.78,"girth_m":5.6000000000000005,"estimated_age":107,"status":"公告列管","countyCode":"65000"}},{"type":"Feature","id":"107-淡-22","geometry":{"type":"Point","coordinates":[121.43617278010028,25.172171567558454]},"properties":{"name":"木麻黃","code":"107-淡-22","county":"新北市","scientific_name":"Casuarina equisetifolia","address":"淡水區中正路229-9號(淡水老街-榕堤餐廳旁停車場前第二株)","land_parcel":"中正段663","diameter_m":0.74,"girth_m":2.31,"estimated_age":107,"status":"公告列管","countyCode":"65000"}},{"type":"Feature","id":"107-淡-23","geometry":{"type":"Point","coordinates":[121.43611322524248,25.172162715031636]},"properties":{"name":"榕樹","code":"107-淡-23","county":"新北市","scientific_name":"Ficus microcarpa","address":"淡水區中正路229-9號(淡水老街-榕堤餐廳旁停車場前第三株)","land_parcel":"中正段663","diameter_m":1.09,"girth_m":3.4243331,"estimated_age":107,"status":"公告列管","countyCode":"65000"}},{"type":"Feature","id":"107-淡-24","geometry":{"type":"Point","coordinates":[121.43610333690417,25.17217177217047]},"properties":{"name":"榕樹","code":"107-淡-24","county":"新北市","scientific_name":"Ficus microcarpa","address":"淡水區中正路229-9號(淡水老街-榕堤餐廳旁停車場前第四株)","land_parcel":"中正段663","diameter_m":0.91,"girth_m":2.85,"estimated_age":107,"status":"公告列管","countyCode":"65000"}},{"type":"Feature","id":"107-淡-25","geometry":{"type":"Point","coordinates":[121.4360636229628,25.172162861166395]},"properties":{"name":"榕樹","code":"107-淡-25","county":"新北市","scientific_name":"Ficus microcarpa","address":"淡水區中正路229-9號(淡水老街-榕堤餐廳旁停車場前最後一株)","land_parcel":"中正段663","diameter_m":0.45,"girth_m":1.4000000000000001,"estimated_age":107,"status":"公告列管","countyCode":"65000"}},{"type":"Feature","id":"107-淡-26","geometry":{"type":"Point","coordinates":[121.43599443664742,25.172235289012296]},"properties":{"name":"榕樹","code":"107-淡-26","county":"新北市","scientific_name":"Ficus microcarpa","address":"淡水區中正路21巷1-7號(圍牆內)","land_parcel":"中正段663","diameter_m":0.86,"girth_m":2.7,"estimated_age":107,"status":"公告列管","countyCode":"65000"}},{"type":"Feature","id":"107-淡-27","geometry":{"type":"Point","coordinates":[121.43592518604112,25.17228966100502]},"properties":{"name":"榕樹","code":"107-淡-27","county":"新北市","scientific_name":"Ficus microcarpa","address":"淡水區中正路21巷7號(左側)","land_parcel":"中正段663","diameter_m":0.8300000000000001,"girth_m":2.6,"estimated_age":107,"status":"公告列管","countyCode":"65000"}},{"type":"Feature","id":"107-淡-29","geometry":{"type":"Point","coordinates":[121.43958052143866,25.215026319147892]},"properties":{"name":"榕樹","code":"107-淡-29","county":"新北市","scientific_name":"Ficus microcarpa","address":"淡水區龜仔山福德宮旁","land_parcel":"下圭柔山段04420008","diameter_m":2.8000000000000003,"girth_m":8.8,"estimated_age":117,"status":"公告列管","countyCode":"65000"}},{"type":"Feature","id":"107-芝-01","geometry":{"type":"Point","coordinates":[121.50779839207873,25.217489025556766]},"properties":{"name":"茄苳","code":"107-芝-01","county":"新北市","scientific_name":"Bischofia javanica","address":"三芝區北新莊店仔里9-2號(北海福座停車場)","land_parcel":"北新庄子段龜子山小段00370000","diameter_m":1.21,"girth_m":3.8000000000000003,"estimated_age":217,"status":"公告列管","countyCode":"65000"}},{"type":"Feature","id":"107-芝-03","geometry":{"type":"Point","coordinates":[121.49563683306953,25.25555572418417]},"properties":{"name":"雀榕","code":"107-芝-03","county":"新北市","scientific_name":"Ficus superba var. japonica","address":"三芝區古庄里6號 (編號442333路燈前)","land_parcel":"舊小基隆段山豬堀小段00670001","diameter_m":1.541,"girth_m":4.84119019,"estimated_age":217,"status":"公告列管","countyCode":"65000"}},{"type":"Feature","id":"107-芝-04","geometry":{"type":"Point","coordinates":[121.50765979243862,25.27729000894989]},"properties":{"name":"榕樹","code":"107-芝-04","county":"新北市","scientific_name":"Ficus microcarpa","address":"三芝區新庄子51之13號(編號447221路燈前)","land_parcel":"新小基隆段新庄子小段00010009","diameter_m":1.9100000000000001,"girth_m":6,"estimated_age":137,"status":"公告列管","countyCode":"65000"}},{"type":"Feature","id":"107-芝-05","geometry":{"type":"Point","coordinates":[121.5069710730775,25.278809049963037]},"properties":{"name":"榕樹","code":"107-芝-05","county":"新北市","scientific_name":"Ficus microcarpa","address":"三芝區新庄子48之3號","land_parcel":"新小基隆段新庄子小段00010004","diameter_m":2,"girth_m":6.28318,"estimated_age":107,"status":"公告列管","countyCode":"65000"}},{"type":"Feature","id":"107-石-01","geometry":{"type":"Point","coordinates":[121.56633455302558,25.288911887952032]},"properties":{"name":"朴子樹","code":"107-石-01","county":"新北市","scientific_name":"Celtis sinensis","address":"石門區中山路30之1號","land_parcel":"石門段石門小段00790000","diameter_m":0.8,"girth_m":2.5,"estimated_age":null,"status":"公告列管","countyCode":"65000"}},{"type":"Feature","id":"107-石-02","geometry":{"type":"Point","coordinates":[121.55327985477722,25.274282272227634]},"properties":{"name":"雀榕","code":"107-石-02","county":"新北市","scientific_name":"Ficus superba var. japonica","address":"石門區大溪墘 9-3 號(聖明宮內，到2樓後要再上去)","land_parcel":"老梅段大溪墘小段 00800000","diameter_m":3.98,"girth_m":12.5,"estimated_age":null,"status":"公告列管","countyCode":"65000"}},{"type":"Feature","id":"107-石-03","geometry":{"type":"Point","coordinates":[121.54838644856986,25.27460748055981]},"properties":{"name":"雀榕","code":"107-石-03","county":"新北市","scientific_name":"Ficus superba var. japonica","address":"石門區大丘田49號後山中(需徒步進入深處才能找到)","land_parcel":"老梅段大丘田小段 01380005","diameter_m":3.25,"girth_m":10.200000000000001,"estimated_age":null,"status":"公告列管","countyCode":"65000"}},{"type":"Feature","id":"107-石-04","geometry":{"type":"Point","coordinates":[121.53422702358262,25.294782346518016]},"properties":{"name":"雀榕","code":"107-石-04","county":"新北市","scientific_name":"Ficus superba var. japonica","address":"石門區楓林路 14 之 1 號(民宅後方斜坡上)","land_parcel":"頭圍段楓林小段01050000","diameter_m":0.9620000000000001,"girth_m":3.02220958,"estimated_age":null,"status":"公告列管","countyCode":"65000"}},{"type":"Feature","id":"107-石-05","geometry":{"type":"Point","coordinates":[121.53432624711223,25.294763931561764]},"properties":{"name":"雀榕","code":"107-石-05","county":"新北市","scientific_name":"Ficus superba var. japonica","address":"石門區楓林路 14 之 1 號(民宅後方斜坡上)","land_parcel":"頭圍段楓林小段01050000","diameter_m":2.72,"girth_m":8.55,"estimated_age":null,"status":"公告列管","countyCode":"65000"}},{"type":"Feature","id":"107-金-01","geometry":{"type":"Point","coordinates":[121.63678360067298,25.223534800263995]},"properties":{"name":"雀榕","code":"107-金-01","county":"新北市","scientific_name":"Ficus superba var. Japonica","address":"金山區中山路234號(金山國小內教室前右)司令台後方","land_parcel":"文化段06100000","diameter_m":0.7000000000000001,"girth_m":2.2,"estimated_age":117,"status":"公告列管","countyCode":"65000"}},{"type":"Feature","id":"107-金-03","geometry":{"type":"Point","coordinates":[121.63668633170222,25.223914384931064]},"properties":{"name":"榕樹","code":"107-金-03","county":"新北市","scientific_name":"Ficus microcarpa","address":"金山區中山路234號(金山國小操場旁)","land_parcel":"文化段06100000","diameter_m":1.301,"girth_m":4.08720859,"estimated_age":117,"status":"公告列管","countyCode":"65000"}},{"type":"Feature","id":"107-金-04","geometry":{"type":"Point","coordinates":[121.63702935679598,25.223082353582107]},"properties":{"name":"雀榕","code":"107-金-04","county":"新北市","scientific_name":"Ficus superba var. Japonica","address":"金山區中山路234號(金山國小教室前藍球場下方活力樓及籃球場中間)","land_parcel":"文化段06100000","diameter_m":1.308,"girth_m":4.1091997199999994,"estimated_age":117,"status":"公告列管","countyCode":"65000"}},{"type":"Feature","id":"107-金-05","geometry":{"type":"Point","coordinates":[121.61530629646259,25.241157695275994]},"properties":{"name":"雀榕","code":"107-金-05","county":"新北市","scientific_name":"Ficus superba var. Japonica","address":"金山區三界村半嶺路 14-5 號(法鼓大學內法鼓文理學院前最大株)","land_parcel":"中角段西勢湖小段01200000","diameter_m":2.8000000000000003,"girth_m":8.8,"estimated_age":117,"status":"公告列管","countyCode":"65000"}},{"type":"Feature","id":"107-金-06","geometry":{"type":"Point","coordinates":[121.61533652834189,25.241247846903402]},"properties":{"name":"雀榕","code":"107-金-06","county":"新北市","scientific_name":"Ficus superba var. Japonica","address":"金山區三界村半嶺路14-5號(法鼓大學內法鼓文理學院前最 大株雀榕的旁邊)","land_parcel":"中角段西勢湖小段01200000","diameter_m":0.93,"girth_m":2.93,"estimated_age":117,"status":"公告列管","countyCode":"65000"}},{"type":"Feature","id":"107-金-07","geometry":{"type":"Point","coordinates":[121.6153360737533,25.241157571243644]},"properties":{"name":"雀榕","code":"107-金-07","county":"新北市","scientific_name":"Ficus superba var. Japonica","address":"金山區三界村半嶺路14-5號(法鼓大學內法鼓文理學院前第三株)","land_parcel":"中角段西勢湖小段01200000","diameter_m":1.1500000000000001,"girth_m":3.6,"estimated_age":117,"status":"公告列管","countyCode":"65000"}},{"type":"Feature","id":"107-金-08","geometry":{"type":"Point","coordinates":[121.61398218353504,24.970334632507633]},"properties":{"name":"雀榕","code":"107-金-08","county":"新北市","scientific_name":"Ficus superba var. Japonica","address":"金山區三界村半嶺路14-5號(法鼓大學內法鼓文理學院前第四株)","land_parcel":"中角段西勢湖小段01200000","diameter_m":1.35,"girth_m":4.25,"estimated_age":117,"status":"公告列管","countyCode":"63000"}},{"type":"Feature","id":"107-金-09","geometry":{"type":"Point","coordinates":[121.61530620554953,25.241139640143807]},"properties":{"name":"雀榕","code":"107-金-09","county":"新北市","scientific_name":"Ficus superba var. Japonica","address":"金山區三界村半嶺路14-5號(法鼓大學內法鼓文理學院前第五株)","land_parcel":"中角段西勢湖小段01200000","diameter_m":1.25,"girth_m":3.94,"estimated_age":117,"status":"公告列管","countyCode":"65000"}},{"type":"Feature","id":"107-金-10","geometry":{"type":"Point","coordinates":[121.6152664115937,25.24112175037844]},"properties":{"name":"雀榕","code":"107-金-10","county":"新北市","scientific_name":"Ficus superba var. Japonica","address":"金山區三界村半嶺路14-5號(法鼓大學內法鼓文理學院前第六株)","land_parcel":"中角段西勢湖小段01200000","diameter_m":0.8620000000000001,"girth_m":2.7080505799999997,"estimated_age":117,"status":"公告列管","countyCode":"65000"}},{"type":"Feature","id":"107-金-11","geometry":{"type":"Point","coordinates":[121.61523631615256,25.241058681432612]},"properties":{"name":"雀榕","code":"107-金-11","county":"新北市","scientific_name":"Ficus superba var. Japonica","address":"金山區三界村半嶺路14-5號(法鼓大學內法鼓文理學院前第七株)","land_parcel":"中角段西勢湖小段01200000","diameter_m":0.295,"girth_m":0.9267690500000001,"estimated_age":117,"status":"公告列管","countyCode":"65000"}},{"type":"Feature","id":"107-萬-01","geometry":{"type":"Point","coordinates":[121.63846738420769,25.1676997152405]},"properties":{"name":"茄苳","code":"107-萬-01","county":"新北市","scientific_name":"Bischofia javanica","address":"萬里區雙興村大坪路一號    (大坪國小內，廚房旁邊)","land_parcel":"中萬里加投段大坪小段 01550000","diameter_m":1.18,"girth_m":3.7,"estimated_age":117,"status":"公告列管","countyCode":"65000"}},{"type":"Feature","id":"107-萬-02","geometry":{"type":"Point","coordinates":[121.63836813955554,25.16769111542144]},"properties":{"name":"錫欖橄欖","code":"107-萬-02","county":"新北市","scientific_name":"Elaeocarpus serratus","address":"萬里區雙興村大坪路 1 號    (大坪國小內，大門口左側)","land_parcel":"中萬里加投段大坪小段 01550000","diameter_m":0.9109999999999999,"girth_m":2.86198849,"estimated_age":107,"status":"公告列管","countyCode":"65000"}},{"type":"Feature","id":"107-淡-31","geometry":{"type":"Point","coordinates":[121.49174563281616,25.191452606748186]},"properties":{"name":"楓香","code":"107-淡-31","county":"新北市","scientific_name":"Liquidambar formosana","address":"淡水區北新路三段171號(觀光果園公車站土地公廟旁)","land_parcel":"中田寮段泉州厝小段9-2","diameter_m":0.76,"girth_m":2.4,"estimated_age":107,"status":"公告列管","countyCode":"65000"}},{"type":"Feature","id":"107-碇-01","geometry":{"type":"Point","coordinates":[121.65879421659389,24.984452511421583]},"properties":{"name":"幹花榕","code":"107-碇-01","county":"新北市","scientific_name":"Ficus variegata var. garciae","address":"石碇區碇格路一段151號(烏塗親山步道旁摸乳古道旁)","land_parcel":"烏塗窟段摸乳巷小段01330000","diameter_m":0.67,"girth_m":2.1,"estimated_age":107,"status":"公告列管","countyCode":"65000"}},{"type":"Feature","id":"107-碇-02","geometry":{"type":"Point","coordinates":[121.6879802400391,24.98541284012081]},"properties":{"name":"榕樹","code":"107-碇-02","county":"新北市","scientific_name":"Ficus microcarpa","address":"石碇區小粗坑15-8號(皇帝殿旁)","land_parcel":"員潭子坑段小粗坑小段 01840000","diameter_m":2.32,"girth_m":7.3,"estimated_age":107,"status":"公告列管","countyCode":"65000"}},{"type":"Feature","id":"107-碇-03","geometry":{"type":"Point","coordinates":[121.65707577804116,24.990996389830773]},"properties":{"name":"雀榕","code":"107-碇-03","county":"新北市","scientific_name":"Ficus superba var. japonica","address":"石碇區石碇西街55號","land_parcel":"員潭子坑段石崁小段00880013","diameter_m":1.08,"girth_m":3.4,"estimated_age":107,"status":"公告列管","countyCode":"65000"}},{"type":"Feature","id":"107-土-23","geometry":{"type":"Point","coordinates":[121.44311246402079,24.978055464357823]},"properties":{"name":"芒果樹","code":"107-土-23","county":"新北市","scientific_name":"Mangifera indica","address":"土城區員林街員林街12巷路口(員林公園活動中心左側)","land_parcel":"員和段09290000","diameter_m":0.8,"girth_m":2.52,"estimated_age":60,"status":"公告列管","countyCode":"65000"}},{"type":"Feature","id":"107-林-03","geometry":{"type":"Point","coordinates":[121.37855763764766,25.073571674169873]},"properties":{"name":"雀榕","code":"107-林-03","county":"新北市","scientific_name":"Ficus superba var. japonica","address":"林口區文化二路一段230巷9號-林口區仁愛路2段(林口高中)(世大運選手村內)","land_parcel":"國宅段00370000","diameter_m":0.9159999999999999,"girth_m":2.8776964400000002,"estimated_age":57,"status":"公告列管","countyCode":"65000"}},{"type":"Feature","id":"107-林-05","geometry":{"type":"Point","coordinates":[121.37828102869001,25.073879336959426]},"properties":{"name":"榕樹","code":"107-林-05","county":"新北市","scientific_name":"Ficus microcarpa","address":"林口區仁愛路2段林口高中旁(選手村內草地)","land_parcel":"國宅段00370001","diameter_m":2.68,"girth_m":8.4,"estimated_age":57,"status":"公告列管","countyCode":"65000"}},{"type":"Feature","id":"107-林-06","geometry":{"type":"Point","coordinates":[121.37719039431191,25.073800858739514]},"properties":{"name":"榕樹","code":"107-林-06","county":"新北市","scientific_name":"Ficus microcarpa","address":"林口區仁愛路2段林口高中旁(世大運選手村入口處、警衛室旁右手邊)","land_parcel":"國宅段00370002","diameter_m":1.37,"girth_m":4.3,"estimated_age":57,"status":"公告列管","countyCode":"65000"}},{"type":"Feature","id":"107-林-07","geometry":{"type":"Point","coordinates":[121.37508764824506,25.076641031133743]},"properties":{"name":"榕樹","code":"107-林-07","county":"新北市","scientific_name":"Ficus microcarpa","address":"林口區文化二路一段384-5號對面","land_parcel":"國宅段 00370004","diameter_m":1.67,"girth_m":5.25,"estimated_age":57,"status":"公告列管","countyCode":"65000"}},{"type":"Feature","id":"107-土-24","geometry":{"type":"Point","coordinates":[121.44011491301498,24.967943696921385]},"properties":{"name":"樟樹","code":"107-土-24","county":"新北市","scientific_name":"Cinnamomum camphora","address":"土城區忠義路61號(大墓公廟旁)","land_parcel":"忠義段04310000","diameter_m":1.07,"girth_m":3.35,"estimated_age":107,"status":"公告列管","countyCode":"65000"}},{"type":"Feature","id":"107-土-25","geometry":{"type":"Point","coordinates":[121.44002568056591,24.9679168758957]},"properties":{"name":"樟樹","code":"107-土-25","county":"新北市","scientific_name":"Cinnamomum camphora","address":"土城區忠義路61號(大墓公公園 涼亭前)","land_parcel":"忠義段04310000","diameter_m":0.7988116173420001,"girth_m":2.507269431074,"estimated_age":107,"status":"公告列管","countyCode":"65000"}},{"type":"Feature","id":"107-平-04","geometry":{"type":"Point","coordinates":[121.74738159931674,25.027954632737124]},"properties":{"name":"樟樹","code":"107-平-04","county":"新北市","scientific_name":"Cinnamomum camphora","address":"平溪區靜安路二段531號(安養堂旁)\n(觀景亭旁斜坡上水塔旁)","land_parcel":"石底段石底小段110","diameter_m":0.8,"girth_m":2.5100000000000002,"estimated_age":107,"status":"公告列管","countyCode":"65000"}},{"type":"Feature","id":"107-樹-19","geometry":{"type":"Point","coordinates":[121.41044246588375,24.99191721237079]},"properties":{"name":"樟樹","code":"107-樹-19","county":"新北市","scientific_name":"Cinnamomum camphora","address":"樹林區海明街22號(海明寺左側涼亭旁)","land_parcel":"備內段13900000","diameter_m":1.05,"girth_m":3.3000000000000003,"estimated_age":57,"status":"公告列管","countyCode":"65000"}},{"type":"Feature","id":"107-林-08","geometry":{"type":"Point","coordinates":[121.36711223324126,25.081463955722295]},"properties":{"name":"榕樹","code":"107-林-08","county":"新北市","scientific_name":"Ficus microcarpa","address":"林口區湖南里10鄰頭湖路91-2號前面","land_parcel":"南勢埔段頭湖小段03490003, 南勢埔段頭湖小段03520000,","diameter_m":1.1,"girth_m":3.45,"estimated_age":107,"status":"公告列管","countyCode":"65000"}},{"type":"Feature","id":"107-坪-02","geometry":{"type":"Point","coordinates":[121.71327193980844,24.934493340208007]},"properties":{"name":"臺灣油杉","code":"107-坪-02","county":"新北市","scientific_name":"Keteleeria davidiana var. formosana","address":"坪林區水德里水聳淒坑19-1號旁\n(茶業博物館旁 坪林生態園區)","land_parcel":"水聳凄坑段水聳凄坑小段00190000","diameter_m":0.27,"girth_m":0.84,"estimated_age":42,"status":"公告列管","countyCode":"65000"}},{"type":"Feature","id":"107-坪-03","geometry":{"type":"Point","coordinates":[121.71329174153182,24.93449324544189]},"properties":{"name":"臺灣油杉","code":"107-坪-03","county":"新北市","scientific_name":"Keteleeria davidiana var. formosana","address":"坪林區水德里水聳淒坑19-1號旁\n(坪林生態園區)","land_parcel":"水聳凄坑段水聳凄坑小段00190000","diameter_m":0.39,"girth_m":1.22,"estimated_age":42,"status":"公告列管","countyCode":"65000"}},{"type":"Feature","id":"107-坪-05","geometry":{"type":"Point","coordinates":[121.7133122708066,24.934619539301956]},"properties":{"name":"臺灣油杉","code":"107-坪-05","county":"新北市","scientific_name":"Keteleeria davidiana var. formosana","address":"坪林區水德里水聳淒坑19-1號旁(坪林生態園區)","land_parcel":"水聳凄坑段水聳凄坑小段0019000","diameter_m":0.31,"girth_m":0.97,"estimated_age":37,"status":"公告列管","countyCode":"65000"}},{"type":"Feature","id":"107-坪-06","geometry":{"type":"Point","coordinates":[121.7133916337014,24.93464624347532]},"properties":{"name":"臺灣油杉","code":"107-坪-06","county":"新北市","scientific_name":"Keteleeria davidiana var. formosana","address":"坪林區水德里水聳淒坑19-1號旁\n(坪林生態園區)","land_parcel":"水聳凄坑段水聳凄坑小段00170004","diameter_m":0.37,"girth_m":1.1500000000000001,"estimated_age":42,"status":"公告列管","countyCode":"65000"}},{"type":"Feature","id":"107-坪-07","geometry":{"type":"Point","coordinates":[121.71340221024836,24.93476355694934]},"properties":{"name":"臺灣油杉","code":"107-坪-07","county":"新北市","scientific_name":"Keteleeria davidiana var. formosana","address":"坪林區水德里水聳淒坑19-1號旁\n(坪林生態園區)","land_parcel":"水聳凄坑段水聳凄坑小段00170004","diameter_m":0.28,"girth_m":0.88,"estimated_age":42,"status":"公告列管","countyCode":"65000"}},{"type":"Feature","id":"107-坪-11","geometry":{"type":"Point","coordinates":[121.71345964034869,24.934420217751434]},"properties":{"name":"臺灣油杉","code":"107-坪-11","county":"新北市","scientific_name":"Keteleeria davidiana var. formosana","address":"坪林區水德里水聳淒坑19-1號旁\n(坪林生態園區)","land_parcel":"水聳凄坑段水聳凄坑小段00190000","diameter_m":0.39,"girth_m":1.23,"estimated_age":42,"status":"公告列管","countyCode":"65000"}},{"type":"Feature","id":"107-坪-13","geometry":{"type":"Point","coordinates":[121.71344942762757,24.934366098591077]},"properties":{"name":"臺灣油杉","code":"107-坪-13","county":"新北市","scientific_name":"Keteleeria davidiana var. formosana","address":"坪林區水德里水聳淒坑19-1號旁\n(坪林生態園區 休憩涼亭)","land_parcel":"水聳凄坑段水聳凄坑小段00190000","diameter_m":0.33,"girth_m":1.03,"estimated_age":42,"status":"公告列管","countyCode":"65000"}},{"type":"Feature","id":"107-永-02","geometry":{"type":"Point","coordinates":[121.52033263509676,25.004330281641835]},"properties":{"name":"榕樹","code":"107-永-02","county":"新北市","scientific_name":"Ficus microcarpa","address":"永和區永利路71號(永利分隊對面 福和國中正門右側人行道上)","land_parcel":"永利段 01470000","diameter_m":0.9,"girth_m":2.8000000000000003,"estimated_age":40,"status":"公告列管","countyCode":"65000"}},{"type":"Feature","id":"107-永-03","geometry":{"type":"Point","coordinates":[121.50802749329414,25.011387686215993]},"properties":{"name":"榕樹","code":"107-永-03","county":"新北市","scientific_name":"Ficus microcarpa","address":"永和區仁愛路244-1號(永和仁愛公園外 永平路與仁愛路交叉口)","land_parcel":"永平段448","diameter_m":0.718,"girth_m":2.25566162,"estimated_age":50,"status":"公告列管","countyCode":"65000"}},{"type":"Feature","id":"107-永-04","geometry":{"type":"Point","coordinates":[121.50730232456596,25.010920698471544]},"properties":{"name":"榕樹","code":"107-永-04","county":"新北市","scientific_name":"Ficus microcarpa","address":"永和區仁愛路244-1號(永和豐滿店旁入口 公廁前)","land_parcel":"保生段 00050000","diameter_m":0.98,"girth_m":3.0500000000000003,"estimated_age":50,"status":"公告列管","countyCode":"65000"}},{"type":"Feature","id":"107-永-05","geometry":{"type":"Point","coordinates":[121.50728236149448,25.010884654007477]},"properties":{"name":"榕樹","code":"107-永-05","county":"新北市","scientific_name":"Ficus microcarpa","address":"永和區仁愛路244-1號(永和豐滿店旁入口旁)","land_parcel":"保生段 00050000","diameter_m":2.39,"girth_m":7.5,"estimated_age":50,"status":"公告列管","countyCode":"65000"}},{"type":"Feature","id":"107-永-06","geometry":{"type":"Point","coordinates":[121.50583407486175,25.010447208284116]},"properties":{"name":"榕樹","code":"107-永-06","county":"新北市","scientific_name":"Ficus microcarpa","address":"永和區仁愛路244-1號(永和仁愛公園內 緊鄰運動器材)","land_parcel":"保生段 00190000","diameter_m":0.8840000000000001,"girth_m":2.7771655600000003,"estimated_age":50,"status":"公告列管","countyCode":"65000"}},{"type":"Feature","id":"107-永-07","geometry":{"type":"Point","coordinates":[121.50671867930208,25.011139363676822]},"properties":{"name":"榕樹","code":"107-永-07","county":"新北市","scientific_name":"Ficus microcarpa","address":"永和區仁愛路244-1號(永和仁愛公園內 祥和標誌 編號710168路燈旁)","land_parcel":"保生段 00110000","diameter_m":1.8800000000000001,"girth_m":5.9,"estimated_age":60,"status":"公告列管","countyCode":"65000"}},{"type":"Feature","id":"107-永-08","geometry":{"type":"Point","coordinates":[121.50522540653478,25.009392984534145]},"properties":{"name":"榕樹","code":"107-永-08","county":"新北市","scientific_name":"Ficus microcarpa","address":"永和區仁愛路244-1號(永和仁愛公園 標有｢仁愛公園，同濟園地｣圍牆外)","land_parcel":"保生段 00150000","diameter_m":1.69,"girth_m":5.29,"estimated_age":60,"status":"公告列管","countyCode":"65000"}},{"type":"Feature","id":"107-永-09","geometry":{"type":"Point","coordinates":[121.50547704157532,25.010358140821833]},"properties":{"name":"榕樹","code":"107-永-09","county":"新北市","scientific_name":"Ficus microcarpa","address":"新北市永和區仁愛路244-1號(永和仁愛公園 歐式花園廣場","land_parcel":"保生段 00230000","diameter_m":1.4069999999999998,"girth_m":4.42021713,"estimated_age":70,"status":"公告列管","countyCode":"65000"}},{"type":"Feature","id":"107-永-10","geometry":{"type":"Point","coordinates":[121.50530872797003,25.010385797242634]},"properties":{"name":"榕樹","code":"107-永-10","county":"新北市","scientific_name":"Ficus microcarpa","address":"永和區仁愛路244-1號(永和仁愛公園 歐式花園廣場內)","land_parcel":"保生段 00230000","diameter_m":1.3230000000000002,"girth_m":4.1563235700000005,"estimated_age":60,"status":"公告列管","countyCode":"65000"}},{"type":"Feature","id":"107-永-11","geometry":{"type":"Point","coordinates":[121.5064964012233,25.012503370051405]},"properties":{"name":"榕樹","code":"107-永-11","county":"新北市","scientific_name":"Ficus microcarpa","address":"永和區仁愛路244-1號(永和仁愛公園 保安路上停車場旁)","land_parcel":"保生段 00030000","diameter_m":0.983,"girth_m":3.0881829699999996,"estimated_age":60,"status":"公告列管","countyCode":"65000"}},{"type":"Feature","id":"107-永-12","geometry":{"type":"Point","coordinates":[121.51588558918431,25.01647055490241]},"properties":{"name":"印度橡膠樹","code":"107-永-12","county":"新北市","scientific_name":"Ficus elastica","address":"永和區永和路二段303號(永和區中正橋派出所)","land_parcel":"文化段 07050000","diameter_m":1.6300000000000001,"girth_m":5.12,"estimated_age":80,"status":"公告列管","countyCode":"65000"}},{"type":"Feature","id":"107-蘆-03","geometry":{"type":"Point","coordinates":[121.48233687401724,25.0822266007484]},"properties":{"name":"榕樹","code":"107-蘆-03","county":"新北市","scientific_name":"Ficus microcarpa","address":"蘆洲區永安北路二段42之2號(蘆洲區永安兒童公園廁所前方)","land_parcel":"重陽段 01710000","diameter_m":1.18,"girth_m":3.7070762000000004,"estimated_age":45,"status":"公告列管","countyCode":"65000"}},{"type":"Feature","id":"107-蘆-04","geometry":{"type":"Point","coordinates":[121.48372657897909,25.08521939791241]},"properties":{"name":"榕樹","code":"107-蘆-04","county":"新北市","scientific_name":"Ficus microcarpa","address":"三重區永安北路二段173號(蘆洲區三蘆公園  遊戲區內)","land_parcel":"重陽段00410000","diameter_m":1.166,"girth_m":3.66309394,"estimated_age":60,"status":"公告列管","countyCode":"65000"}},{"type":"Feature","id":"107-蘆-05","geometry":{"type":"Point","coordinates":[121.48144237144886,25.084170541637096]},"properties":{"name":"榕樹","code":"107-蘆-05","county":"新北市","scientific_name":"Ficus microcarpa","address":"蘆洲區集賢路354號(蘆洲區尼加拉瓜公園  公共廁所前方)","land_parcel":"重陽段 01400000","diameter_m":0.649,"girth_m":2.0388919100000003,"estimated_age":40,"status":"公告列管","countyCode":"65000"}},{"type":"Feature","id":"107-蘆-08","geometry":{"type":"Point","coordinates":[121.48147264107995,25.08430586455202]},"properties":{"name":"榕樹","code":"107-蘆-08","county":"新北市","scientific_name":"Ficus microcarpa","address":"蘆洲區集賢路354號(蘆洲區尼加拉瓜公園跳舞區內側 長形休憩亭旁)","land_parcel":"重陽段 01400000","diameter_m":0.9400000000000001,"girth_m":2.9530946,"estimated_age":40,"status":"公告列管","countyCode":"65000"}},{"type":"Feature","id":"107-蘆-09","geometry":{"type":"Point","coordinates":[121.4814429011812,25.084305961039917]},"properties":{"name":"榕樹","code":"107-蘆-09","county":"新北市","scientific_name":"Ficus microcarpa","address":"蘆洲區集賢路354號(尼加拉瓜公園 跳舞區外側)","land_parcel":"重陽段 01400000","diameter_m":0.79,"girth_m":2.4818561,"estimated_age":40,"status":"公告列管","countyCode":"65000"}},{"type":"Feature","id":"107-蘆-10","geometry":{"type":"Point","coordinates":[121.4814124903301,25.084134526277115]},"properties":{"name":"榕樹","code":"107-蘆-10","county":"新北市","scientific_name":"Ficus microcarpa","address":"蘆洲區集賢路354號(蘆洲區尼加拉瓜公園入口前方涼亭旁)","land_parcel":"重陽段 01400000","diameter_m":0.615,"girth_m":1.93207785,"estimated_age":40,"status":"公告列管","countyCode":"65000"}},{"type":"Feature","id":"107-蘆-11","geometry":{"type":"Point","coordinates":[121.48119397447324,25.084026898095225]},"properties":{"name":"雞蛋花","code":"107-蘆-11","county":"新北市","scientific_name":"Plumeria rubra","address":"蘆洲區集賢路354號(蘆洲區尼加拉瓜公園入口尼加拉瓜公園紀念碑旁)","land_parcel":"重陽段 01400000","diameter_m":0.1,"girth_m":0.314159,"estimated_age":12,"status":"公告列管","countyCode":"65000"}},{"type":"Feature","id":"107-蘆-12","geometry":{"type":"Point","coordinates":[121.48144247739502,25.084197625517863]},"properties":{"name":"朴子樹","code":"107-蘆-12","county":"新北市","scientific_name":"Celtis sinensis","address":"蘆洲區集賢路354號(蘆洲區尼加拉瓜公園 入口前兒童遊戲區旁)","land_parcel":"重陽段 01400000","diameter_m":0.598,"girth_m":1.8786708200000002,"estimated_age":40,"status":"公告列管","countyCode":"65000"}},{"type":"Feature","id":"107-碇-04","geometry":{"type":"Point","coordinates":[121.64211496025132,25.01326158745859]},"properties":{"name":"榕樹","code":"107-碇-04","county":"新北市","scientific_name":"Ficus microcarpa","address":"石碇區隆盛里八分寮45號(石碇區石碇高中 側門外)","land_parcel":"新興坑段八分寮小段01020002","diameter_m":1.032,"girth_m":3.24212088,"estimated_age":107,"status":"公告列管","countyCode":"65000"}},{"type":"Feature","id":"107-碇-05","geometry":{"type":"Point","coordinates":[121.64223577331747,25.01363121369748]},"properties":{"name":"榕樹","code":"107-碇-05","county":"新北市","scientific_name":"Ficus microcarpa","address":"石碇區隆盛里八分寮45號(石碇區石碇高中)","land_parcel":"新興坑段八分寮小段01970000","diameter_m":0.66,"girth_m":2.08,"estimated_age":107,"status":"公告列管","countyCode":"65000"}},{"type":"Feature","id":"107-碇-06","geometry":{"type":"Point","coordinates":[121.6422430979201,25.01313464208876]},"properties":{"name":"榕樹","code":"107-碇-06","county":"新北市","scientific_name":"Ficus microcarpa","address":"石碇區隆盛里八分寮45號(石碇區石碇高中)","land_parcel":"新興坑段八分寮小段01020002","diameter_m":1.091,"girth_m":3.4274746900000004,"estimated_age":107,"status":"公告列管","countyCode":"65000"}},{"type":"Feature","id":"107-碇-10","geometry":{"type":"Point","coordinates":[121.65932081035577,24.990327414544122]},"properties":{"name":"榕樹","code":"107-碇-10","county":"新北市","scientific_name":"Ficus microcarpa","address":"石碇區石碇西街15號(石碇區石碇國小觀溪平台)","land_parcel":"石碇段石碇小段00770002","diameter_m":0.61,"girth_m":1.93,"estimated_age":107,"status":"公告列管","countyCode":"65000"}},{"type":"Feature","id":"107-碇-11","geometry":{"type":"Point","coordinates":[121.65934066939725,24.990336354556604]},"properties":{"name":"榕樹","code":"107-碇-11","county":"新北市","scientific_name":"Ficus microcarpa","address":"石碇區石碇西街15號(石碇區石碇國小觀溪平台)","land_parcel":"石碇段石碇小段00770002","diameter_m":0.65,"girth_m":2.04,"estimated_age":107,"status":"公告列管","countyCode":"65000"}},{"type":"Feature","id":"107-鶯-04","geometry":{"type":"Point","coordinates":[121.34491742295117,24.950625522657795]},"properties":{"name":"榕樹","code":"107-鶯-04","county":"新北市","scientific_name":"Ficus microcarpa","address":"鶯歌區尖山埔路108號(鶯歌區鶯歌國中，警衛室後方機車棚)","land_parcel":"陶瓷段05050000","diameter_m":0.89,"girth_m":2.8000000000000003,"estimated_age":57,"status":"公告列管","countyCode":"65000"}},{"type":"Feature","id":"107-鶯-08","geometry":{"type":"Point","coordinates":[121.34377213869708,24.951865051929694]},"properties":{"name":"榕樹","code":"107-鶯-08","county":"新北市","scientific_name":"Ficus microcarpa","address":"鶯歌區尖山埔路108號(鶯歌國中，操場落葉回收箱)","land_parcel":"陶瓷段04920000","diameter_m":0.98,"girth_m":3.08,"estimated_age":57,"status":"公告列管","countyCode":"65000"}},{"type":"Feature","id":"107-鶯-09","geometry":{"type":"Point","coordinates":[121.3435708754034,24.950709889159985]},"properties":{"name":"榕樹","code":"107-鶯-09","county":"新北市","scientific_name":"Ficus microcarpa","address":"鶯歌區尖山埔路108號(鶯歌國中停車場內)","land_parcel":"陶瓷段05030000","diameter_m":0.97,"girth_m":3.0500000000000003,"estimated_age":57,"status":"公告列管","countyCode":"65000"}},{"type":"Feature","id":"107-鶯-11","geometry":{"type":"Point","coordinates":[121.34523433585247,24.95063381693423]},"properties":{"name":"榕樹","code":"107-鶯-11","county":"新北市","scientific_name":"Ficus microcarpa","address":"鶯歌區尖山埔路106號(鶯歌區鶯歌國小小南門)","land_parcel":"陶瓷段05090000","diameter_m":1.35,"girth_m":4.25,"estimated_age":57,"status":"公告列管","countyCode":"65000"}},{"type":"Feature","id":"107-鶯-12","geometry":{"type":"Point","coordinates":[121.34502060109375,24.95211495910117]},"properties":{"name":"榕樹","code":"107-鶯-12","county":"新北市","scientific_name":"Ficus microcarpa","address":"鶯歌區尖山埔路106號(鶯歌國小童心橋旁)","land_parcel":"陶瓷段04850000","diameter_m":1.6500000000000001,"girth_m":5.18,"estimated_age":67,"status":"公告列管","countyCode":"65000"}},{"type":"Feature","id":"107-鶯-13","geometry":{"type":"Point","coordinates":[121.34628935390609,24.952536346928877]},"properties":{"name":"榕樹","code":"107-鶯-13","county":"新北市","scientific_name":"Ficus microcarpa","address":"鶯歌區尖山埔路106號(鶯歌國小操場大象溜滑梯後)","land_parcel":"陶瓷段04820000","diameter_m":1.22,"girth_m":3.8200000000000003,"estimated_age":72,"status":"公告列管","countyCode":"65000"}},{"type":"Feature","id":"107-鶯-15","geometry":{"type":"Point","coordinates":[121.346842701981,24.952101699615806]},"properties":{"name":"印度橡膠樹","code":"107-鶯-15","county":"新北市","scientific_name":"Ficus elastica","address":"鶯歌區尖山埔路106號(鶯歌國小以前後門停車場內後有窯)","land_parcel":"陶瓷段04850000","diameter_m":3.14,"girth_m":9.85,"estimated_age":72,"status":"公告列管","countyCode":"65000"}},{"type":"Feature","id":"107-莊-22","geometry":{"type":"Point","coordinates":[121.457201858481,25.051538345173295]},"properties":{"name":"榕樹","code":"107-莊-22","county":"新北市","scientific_name":"Ficus microcarpa","address":"新莊區昌明街1號(福壽公園內，涼亭旁)","land_parcel":"昌隆段03800000","diameter_m":0.7642643521710001,"girth_m":2.3984369910420003,"estimated_age":57,"status":"公告列管","countyCode":"65000"}},{"type":"Feature","id":"107-莊-24","geometry":{"type":"Point","coordinates":[121.4571388579756,25.037219904043724]},"properties":{"name":"榕樹","code":"107-莊-24","county":"新北市","scientific_name":"Ficus microcarpa","address":"新莊區中正路84號(新莊區地藏庵入口處右手邊)","land_parcel":"鴻福段07480000","diameter_m":0.99,"girth_m":3.1,"estimated_age":57,"status":"公告列管","countyCode":"65000"}},{"type":"Feature","id":"107-莊-25","geometry":{"type":"Point","coordinates":[121.45695566078385,25.03859274646791]},"properties":{"name":"榕樹","code":"107-莊-25","county":"新北市","scientific_name":"Ficus microcarpa","address":"新莊區中港路48巷25號(位在地藏庵附設活動中心前方)","land_parcel":"鴻福段06450000","diameter_m":1.32,"girth_m":4.15,"estimated_age":57,"status":"公告列管","countyCode":"65000"}},{"type":"Feature","id":"107-莊-26","geometry":{"type":"Point","coordinates":[121.45746744681746,25.037643215954425]},"properties":{"name":"印度橡膠樹","code":"107-莊-26","county":"新北市","scientific_name":"Ficus elastica","address":"新莊區中正路84號(新莊區地藏庵旁公園內，位於公園燈定位編號724744旁邊)","land_parcel":"鴻福段07480000","diameter_m":2.05,"girth_m":6.45,"estimated_age":60,"status":"公告列管","countyCode":"65000"}},{"type":"Feature","id":"107-莊-27","geometry":{"type":"Point","coordinates":[121.44537882313993,25.037977868881864]},"properties":{"name":"榕樹","code":"107-莊-27","county":"新北市","scientific_name":"Ficus microcarpa","address":"新莊區建中街116巷3弄2號(新莊區新泰公園，慈愛石碑後方)","land_parcel":"忠孝段00200000","diameter_m":1.4541664278889999,"girth_m":4.560701700397,"estimated_age":57,"status":"公告列管","countyCode":"65000"}},{"type":"Feature","id":"107-莊-28","geometry":{"type":"Point","coordinates":[121.4204953123506,25.026304696138045]},"properties":{"name":"刺桐","code":"107-莊-28","county":"新北市","scientific_name":"Erythrina variegata","address":"新莊區富國路77巷(富國公園內，正中間花台)","land_parcel":"裕民段01820001","diameter_m":1.19,"girth_m":3.75,"estimated_age":57,"status":"公告列管","countyCode":"65000"}},{"type":"Feature","id":"107-店-13","geometry":{"type":"Point","coordinates":[121.5005881451649,24.94316884892746]},"properties":{"name":"相思樹","code":"107-店-13","county":"新北市","scientific_name":"Acacia confusa","address":"新店區達觀路45號\n(二叭子植物園長壽亭登山步道上)","land_parcel":"達觀段241","diameter_m":0.747,"girth_m":2.34676773,"estimated_age":127,"status":"公告列管","countyCode":"65000"}},{"type":"Feature","id":"107-店-15","geometry":{"type":"Point","coordinates":[121.49750301889354,24.941779805423547]},"properties":{"name":"香楠","code":"107-店-15","county":"新北市","scientific_name":"Machilus zuihensis","address":"新店區雙城路279號\n(二叭子植物園 前往長壽亭的馬路旁 \n位於編號13463路燈旁)","land_parcel":"達觀段 204","diameter_m":0.97,"girth_m":3.0500000000000003,"estimated_age":117,"status":"公告列管","countyCode":"65000"}},{"type":"Feature","id":"107-店-16","geometry":{"type":"Point","coordinates":[121.53847222038247,24.954276855322014]},"properties":{"name":"樟樹","code":"107-店-16","county":"新北市","scientific_name":"Cinnamomum camphora","address":"新店區國校路 65巷 5 號(新店國小校長宿舍)","land_parcel":"北宜段 05430000","diameter_m":1.11,"girth_m":3.48,"estimated_age":77,"status":"公告列管","countyCode":"65000"}},{"type":"Feature","id":"107-五-16","geometry":{"type":"Point","coordinates":[121.44052443292509,25.082717730414746]},"properties":{"name":"樟樹","code":"107-五-16","county":"新北市","scientific_name":"Cinnamomum camphora","address":"五股區成泰路三段2巷旁綠地內","land_parcel":"芳洲段 02280000","diameter_m":0.7072481884030001,"girth_m":2.221883836206,"estimated_age":107,"status":"公告列管","countyCode":"65000"}},{"type":"Feature","id":"107-貢-16","geometry":{"type":"Point","coordinates":[121.92675202157902,24.994697868185384]},"properties":{"name":"雀榕","code":"107-貢-16","county":"新北市","scientific_name":"Ficus superba var. japonica","address":"貢寮區草嶺古道入口處(樓梯上來右側)","land_parcel":"遠望坑段遠望坑小段04540000","diameter_m":1.6500000000000001,"girth_m":5.17,"estimated_age":57,"status":"公告列管","countyCode":"65000"}},{"type":"Feature","id":"107-貢-17","geometry":{"type":"Point","coordinates":[121.92672122293664,24.994553618039493]},"properties":{"name":"榕樹","code":"107-貢-17","county":"新北市","scientific_name":"Ficus microcarpa","address":"貢寮區草嶺古道入口處(編號307附近)","land_parcel":"遠望坑段遠望坑小段04540000","diameter_m":0.935,"girth_m":2.93738665,"estimated_age":57,"status":"公告列管","countyCode":"65000"}},{"type":"Feature","id":"107-貢-18","geometry":{"type":"Point","coordinates":[121.92680195355868,24.99475172288612]},"properties":{"name":"榕樹","code":"107-貢-18","county":"新北市","scientific_name":"Ficus microcarpa","address":"貢寮區草嶺古道入口處\n(編號307斜對面，樓梯左側，介紹牌上方)","land_parcel":"遠望坑段遠望坑小段04540000","diameter_m":0.524,"girth_m":1.64619316,"estimated_age":57,"status":"公告列管","countyCode":"65000"}},{"type":"Feature","id":"107-金-14","geometry":{"type":"Point","coordinates":[121.64074262676084,25.22147741851825]},"properties":{"name":"榕樹","code":"107-金-14","county":"新北市","scientific_name":"Ficus microcarpa","address":"金山區溫泉路3號(金山區中山溫泉涼亭旁)","land_parcel":"中興段03840001","diameter_m":0.9109999999999999,"girth_m":2.86198849,"estimated_age":62,"status":"公告列管","countyCode":"65000"}},{"type":"Feature","id":"107-金-15","geometry":{"type":"Point","coordinates":[121.6407030721628,25.221504673234612]},"properties":{"name":"榕樹","code":"107-金-15","county":"新北市","scientific_name":"Ficus microcarpa","address":"金山區溫泉路3號(金山區中山溫泉涼亭旁)","land_parcel":"中興段03840001","diameter_m":1.057,"girth_m":3.32066063,"estimated_age":62,"status":"公告列管","countyCode":"65000"}},{"type":"Feature","id":"107-金-16","geometry":{"type":"Point","coordinates":[121.64070330861631,25.22154981096462]},"properties":{"name":"榕樹","code":"107-金-16","county":"新北市","scientific_name":"Ficus microcarpa","address":"金山區溫泉路3號(金山區中山溫泉涼亭旁)","land_parcel":"中興段03840000","diameter_m":1.5919999999999999,"girth_m":5.00141128,"estimated_age":62,"status":"公告列管","countyCode":"65000"}},{"type":"Feature","id":"107-金-17","geometry":{"type":"Point","coordinates":[121.64088118597326,25.221404595794187]},"properties":{"name":"榕樹","code":"107-金-17","county":"新北市","scientific_name":"Ficus microcarpa","address":"金山區溫泉路3號(金山區中山溫泉涼亭旁停車場廁所後方)","land_parcel":"中興段03840001","diameter_m":0.7220000000000001,"girth_m":2.2682279800000003,"estimated_age":62,"status":"公告列管","countyCode":"65000"}},{"type":"Feature","id":"107-金-18","geometry":{"type":"Point","coordinates":[121.64086124314652,25.22138662676124]},"properties":{"name":"榕樹","code":"107-金-18","county":"新北市","scientific_name":"Ficus microcarpa","address":"金山區溫泉路3號(金山區中山溫泉矮牆旁停車場廁所後方)","land_parcel":"中興段03840000","diameter_m":1.7990000000000002,"girth_m":5.65172041,"estimated_age":62,"status":"公告列管","countyCode":"65000"}},{"type":"Feature","id":"107-金-19","geometry":{"type":"Point","coordinates":[121.64007832502149,25.22159765753461]},"properties":{"name":"榕樹","code":"107-金-19","county":"新北市","scientific_name":"Ficus microcarpa","address":"金山區溫泉路3號(金山區中山溫泉公園橋旁)","land_parcel":"中興段369","diameter_m":1.252,"girth_m":3.93327068,"estimated_age":62,"status":"公告列管","countyCode":"65000"}},{"type":"Feature","id":"107-金-20","geometry":{"type":"Point","coordinates":[121.6403266172787,25.221632693100712]},"properties":{"name":"雀榕","code":"107-金-20","county":"新北市","scientific_name":"Ficus superba var. japonica","address":"金山區溫泉路3號(金山區中山溫泉公園入口處第二棵)","land_parcel":"中興段03690000","diameter_m":0.946,"girth_m":2.97194414,"estimated_age":62,"status":"公告列管","countyCode":"65000"}},{"type":"Feature","id":"107-金-21","geometry":{"type":"Point","coordinates":[121.64031636231158,25.221569543267414]},"properties":{"name":"榕樹","code":"107-金-21","county":"新北市","scientific_name":"Ficus microcarpa","address":"金山區溫泉路3號(金山區中山溫泉公園入口處第一棵)","land_parcel":"中興段03700000","diameter_m":1.8519999999999999,"girth_m":5.818224679999999,"estimated_age":62,"status":"公告列管","countyCode":"65000"}},{"type":"Feature","id":"107-永-13","geometry":{"type":"Point","coordinates":[121.5048079545696,25.006640817496457]},"properties":{"name":"榕樹","code":"107-永-13","county":"新北市","scientific_name":"Ficus microcarpa","address":"永和區保生路25號(永和區永平國小 後校舍圍牆邊)","land_parcel":"永平段 09250000","diameter_m":1.098,"girth_m":3.44946582,"estimated_age":60,"status":"公告列管","countyCode":"65000"}},{"type":"Feature","id":"107-永-14","geometry":{"type":"Point","coordinates":[121.50675377364729,25.01244832438248]},"properties":{"name":"榕樹","code":"107-永-14","county":"新北市","scientific_name":"Ficus microcarpa","address":"永和區仁愛路244-1號(永和仁愛公園 永平與保安路口進入，直走30m左右)","land_parcel":"保生段 00030000","diameter_m":0.9400000000000001,"girth_m":2.95,"estimated_age":50,"status":"公告列管","countyCode":"65000"}},{"type":"Feature","id":"107-永-15","geometry":{"type":"Point","coordinates":[121.50674917946239,25.011328850701215]},"properties":{"name":"榕樹","code":"107-永-15","county":"新北市","scientific_name":"Ficus microcarpa","address":"永和區仁愛路244-1號(永和仁愛公園內 祥和標誌前)","land_parcel":"保生段 00050000","diameter_m":0.559,"girth_m":1.75614881,"estimated_age":50,"status":"公告列管","countyCode":"65000"}},{"type":"Feature","id":"107-永-16","geometry":{"type":"Point","coordinates":[121.50680079140017,25.011834250667754]},"properties":{"name":"榕樹","code":"107-永-16","county":"新北市","scientific_name":"Ficus microcarpa","address":"永和區仁愛路244-1號(永和仁愛公園內 拱型涼亭旁)","land_parcel":"保生段 00050000","diameter_m":0.512,"girth_m":1.60849408,"estimated_age":50,"status":"公告列管","countyCode":"65000"}},{"type":"Feature","id":"107-永-17","geometry":{"type":"Point","coordinates":[121.52077631185156,25.013221437679768]},"properties":{"name":"朴子樹","code":"107-永-17","county":"新北市","scientific_name":"Celtis sinensis","address":"新北市永和區竹林路79號(永和區網溪國小操場旁)","land_parcel":"竹林段 04010000","diameter_m":1,"girth_m":3.14,"estimated_age":107,"status":"公告列管","countyCode":"65000"}},{"type":"Feature","id":"107-永-18","geometry":{"type":"Point","coordinates":[121.52228218174525,24.999141297817545]},"properties":{"name":"榕樹","code":"107-永-18","county":"新北市","scientific_name":"Ficus microcarpa","address":"永和區得和路202號(永和區秀朗國小 空中走廊前)","land_parcel":"民權段 00090000","diameter_m":0.9590000000000001,"girth_m":3.01278481,"estimated_age":40,"status":"公告列管","countyCode":"65000"}},{"type":"Feature","id":"107-永-19","geometry":{"type":"Point","coordinates":[121.52077591502734,24.999029212533294]},"properties":{"name":"榕樹","code":"107-永-19","county":"新北市","scientific_name":"Ficus microcarpa","address":"永和區得和路202號(永和區秀朗國小 教材園溫室前)","land_parcel":"民權段 00090000","diameter_m":1.28,"girth_m":4.0200000000000005,"estimated_age":40,"status":"公告列管","countyCode":"65000"}},{"type":"Feature","id":"107-永-20","geometry":{"type":"Point","coordinates":[121.51722537555773,25.00280633521144]},"properties":{"name":"芒果樹","code":"107-永-20","county":"新北市","scientific_name":"Mangifera indica","address":"永和區秀朗路一段120號(永和區永和國小 3號門停車場內)","land_parcel":"安樂段 01460000","diameter_m":1.01,"girth_m":3.15,"estimated_age":57,"status":"公告列管","countyCode":"65000"}},{"type":"Feature","id":"107-永-21","geometry":{"type":"Point","coordinates":[121.51685984770008,25.00305136558333]},"properties":{"name":"茄苳","code":"107-永-21","county":"新北市","scientific_name":"Bischofia javanica","address":"永和區秀朗路一段120號(永和區永和國小 電腦教室前)","land_parcel":"安樂段 01460000","diameter_m":1.16,"girth_m":3.64,"estimated_age":57,"status":"公告列管","countyCode":"65000"}},{"type":"Feature","id":"107-中-05","geometry":{"type":"Point","coordinates":[121.51149646298384,24.999747546743635]},"properties":{"name":"榕樹","code":"107-中-05","county":"新北市","scientific_name":"Ficus microcarpa","address":"中和區中安街6號(中和區 823 紀念公園 運動器材旁)","land_parcel":"公園段 01390000","diameter_m":0.828,"girth_m":2.60123652,"estimated_age":60,"status":"公告列管","countyCode":"65000"}},{"type":"Feature","id":"107-中-07","geometry":{"type":"Point","coordinates":[121.51433436997353,25.000857252171862]},"properties":{"name":"榕樹","code":"107-中-07","county":"新北市","scientific_name":"Ficus microcarpa","address":"中和區中安街6號(中和區 823 紀念公園安樂路旁)","land_parcel":"公園段 01210000","diameter_m":1.271,"girth_m":3.99296089,"estimated_age":70,"status":"公告列管","countyCode":"65000"}},{"type":"Feature","id":"107-中-09","geometry":{"type":"Point","coordinates":[121.51152640663096,24.99980161268433]},"properties":{"name":"印度橡膠樹","code":"107-中-09","county":"新北市","scientific_name":"Ficus elastica","address":"中和區中安街6號(中和區 823 紀念公園 平台廣場","land_parcel":"公園段 01190002","diameter_m":2.39,"girth_m":7.5,"estimated_age":70,"status":"公告列管","countyCode":"65000"}},{"type":"Feature","id":"107-中-10","geometry":{"type":"Point","coordinates":[121.5133895695947,25.002359188118902]},"properties":{"name":"印度橡膠樹","code":"107-中-10","county":"新北市","scientific_name":"Ficus elastica","address":"中和區中安街6號(中和區 823 紀念公園 中和號捐血車左側)","land_parcel":"公園段 01110000","diameter_m":1.58,"girth_m":4.95,"estimated_age":70,"status":"公告列管","countyCode":"65000"}},{"type":"Feature","id":"107-中-11","geometry":{"type":"Point","coordinates":[121.47889088078495,25.00410835386622]},"properties":{"name":"榕樹","code":"107-中-11","county":"新北市","scientific_name":"Ficus microcarpa","address":"中和區員山路455巷10號(中和區員山公園 公廁右側)","land_parcel":"員山段 03200000","diameter_m":0.615,"girth_m":1.93207785,"estimated_age":60,"status":"公告列管","countyCode":"65000"}},{"type":"Feature","id":"107-中-13","geometry":{"type":"Point","coordinates":[121.47835682672005,24.99667085320107]},"properties":{"name":"印度橡膠樹","code":"107-中-13","county":"新北市","scientific_name":"Ficus elastica","address":"中和區民利街9巷2號(中和區嘉穗公園 後山)","land_parcel":"民利段 09750000","diameter_m":3.98,"girth_m":12.5,"estimated_age":300,"status":"公告列管","countyCode":"65000"}},{"type":"Feature","id":"107-中-14","geometry":{"type":"Point","coordinates":[121.48047324934174,24.99830716206087]},"properties":{"name":"雀榕","code":"107-中-14","county":"新北市","scientific_name":"Ficus superba var. japonica","address":"中和區民利街9巷2號(中和區嘉穗公園 遊戲區的涼亭旁)","land_parcel":"民利段 09500000","diameter_m":1.6400000000000001,"girth_m":5.15,"estimated_age":70,"status":"公告列管","countyCode":"65000"}},{"type":"Feature","id":"107-中-15","geometry":{"type":"Point","coordinates":[121.488585828926,24.9930805109383]},"properties":{"name":"茄苳","code":"107-中-15","county":"新北市","scientific_name":"Bischofia javanica","address":"中和區錦和路350號(中和區錦和運動公園 遊戲場旁)","land_parcel":"錦和段 05920000","diameter_m":1.32,"girth_m":4.15,"estimated_age":100,"status":"公告列管","countyCode":"65000"}},{"type":"Feature","id":"107-中-17","geometry":{"type":"Point","coordinates":[121.51119223903294,25.000443760009933]},"properties":{"name":"榕樹","code":"107-中-17","county":"新北市","scientific_name":"Ficus microcarpa","address":"中和區中安街6號(中和區 823紀念公園 中安街腳踏車停放處旁)","land_parcel":"公園段 01190002","diameter_m":1.151,"girth_m":3.6159700900000002,"estimated_age":70,"status":"公告列管","countyCode":"65000"}},{"type":"Feature","id":"107-中-21","geometry":{"type":"Point","coordinates":[121.51136147187772,25.000641797650875]},"properties":{"name":"榕樹","code":"107-中-21","county":"新北市","scientific_name":"Ficus microcarpa","address":"中和區中安街6號(中和區 823紀念公園 中安街腳踏 車停放處旁)","land_parcel":"公園段 01190002","diameter_m":1.207,"girth_m":3.79189913,"estimated_age":70,"status":"公告列管","countyCode":"65000"}},{"type":"Feature","id":"107-中-22","geometry":{"type":"Point","coordinates":[121.51136169608473,25.000695965775027]},"properties":{"name":"榕樹","code":"107-中-22","county":"新北市","scientific_name":"Ficus microcarpa","address":"中和區中安街6號(中和區 823紀念公園 中安街腳踏車停放處旁)","land_parcel":"公園段 01190002","diameter_m":1.0150000000000001,"girth_m":3.1887138499999996,"estimated_age":70,"status":"公告列管","countyCode":"65000"}},{"type":"Feature","id":"107-中-23","geometry":{"type":"Point","coordinates":[121.51142135952988,25.00074992956183]},"properties":{"name":"榕樹","code":"107-中-23","county":"新北市","scientific_name":"Ficus microcarpa","address":"中和區中安街6號(中和區 823紀念公園 中安街腳踏車停放處旁)","land_parcel":"公園段 01190002","diameter_m":0.86,"girth_m":2.7,"estimated_age":70,"status":"公告列管","countyCode":"65000"}},{"type":"Feature","id":"107-中-24","geometry":{"type":"Point","coordinates":[121.51144150897373,25.00083111362812]},"properties":{"name":"榕樹","code":"107-中-24","county":"新北市","scientific_name":"Ficus microcarpa","address":"中和區中安街6號(中和區 823紀念公園 中安街腳踏車停放處旁)","land_parcel":"公園段 01190002","diameter_m":1.43,"girth_m":4.5,"estimated_age":70,"status":"公告列管","countyCode":"65000"}},{"type":"Feature","id":"107-中-25","geometry":{"type":"Point","coordinates":[121.51241536725206,24.999166582814375]},"properties":{"name":"榕樹","code":"107-中-25","county":"新北市","scientific_name":"Ficus microcarpa","address":"中和區中安街6號(中和區 823紀念公園 編號708329公園路燈後)","land_parcel":"公園段 01340000","diameter_m":1.026,"girth_m":3.22327134,"estimated_age":70,"status":"公告列管","countyCode":"65000"}},{"type":"Feature","id":"107-樹-20","geometry":{"type":"Point","coordinates":[121.42849630528285,24.99621792268967]},"properties":{"name":"榕樹","code":"107-樹-20","county":"新北市","scientific_name":"Ficus microcarpa","address":"新北市樹林區樹新路48號(樹林區建國公園入口處近樹新路口)","land_parcel":"樹新段00990000","diameter_m":1.45,"girth_m":4.55,"estimated_age":50,"status":"公告列管","countyCode":"65000"}},{"type":"Feature","id":"107-樹-21","geometry":{"type":"Point","coordinates":[121.38216282719976,24.95094993796783]},"properties":{"name":"榕樹","code":"107-樹-21","county":"新北市","scientific_name":"Ficus microcarpa","address":"新北市樹林區佳園路三段128號(樹林區景觀公園五里活動中心後方)","land_parcel":"大學段二小段00080000","diameter_m":1.348072698336,"girth_m":4.228344829836001,"estimated_age":50,"status":"公告列管","countyCode":"65000"}},{"type":"Feature","id":"107-樹-23","geometry":{"type":"Point","coordinates":[121.3865601156452,24.95109207415057]},"properties":{"name":"榕樹","code":"107-樹-23","county":"新北市","scientific_name":"Ficus microcarpa","address":"新北市樹林區佳園路三段128號(樹林區景觀公園 佳園路三段與學府路交界處)","land_parcel":"大學段二小段00080002","diameter_m":0.9080198235720001,"girth_m":2.8600699292150003,"estimated_age":50,"status":"公告列管","countyCode":"65000"}},{"type":"Feature","id":"107-樹-25","geometry":{"type":"Point","coordinates":[121.38582725710904,24.951075917339384]},"properties":{"name":"白千層","code":"107-樹-25","county":"新北市","scientific_name":"Melaleuca leucadendra","address":"新北市樹林區佳園路三段128號(樹林景觀公園 腳踏車停放 處右側)","land_parcel":"大學段二小段00080000","diameter_m":0.88,"girth_m":2.7600000000000002,"estimated_age":50,"status":"公告列管","countyCode":"65000"}},{"type":"Feature","id":"107-樹-26","geometry":{"type":"Point","coordinates":[121.38557957634094,24.951040445355098]},"properties":{"name":"白千層","code":"107-樹-26","county":"新北市","scientific_name":"Melaleuca leucadendra","address":"新北市樹林區佳園路三段128號(樹林景觀公園 腳踏車停放 處左側)","land_parcel":"大學段二小段00080000","diameter_m":0.7451845409019999,"girth_m":2.343074902772,"estimated_age":50,"status":"公告列管","countyCode":"65000"}},{"type":"Feature","id":"107-樹-27","geometry":{"type":"Point","coordinates":[121.38553014701871,24.95106765820827]},"properties":{"name":"白千層","code":"107-樹-27","county":"新北市","scientific_name":"Melaleuca leucadendra","address":"新北市樹林區佳園路三段128號(樹林景觀公園 編號722852路燈斜前方)","land_parcel":"大學段二小段00080000","diameter_m":0.73,"girth_m":2.3000000000000003,"estimated_age":50,"status":"公告列管","countyCode":"65000"}},{"type":"Feature","id":"107-樹-28","geometry":{"type":"Point","coordinates":[121.41005022684865,25.01699871024099]},"properties":{"name":"榕樹","code":"107-樹-28","county":"新北市","scientific_name":"Ficus microcarpa","address":"樹林區三龍街14巷底(三多公園涼亭旁)","land_parcel":"三龍段07330000","diameter_m":0.7481310045710001,"girth_m":2.342669417566,"estimated_age":40,"status":"公告列管","countyCode":"65000"}},{"type":"Feature","id":"107-樹-29","geometry":{"type":"Point","coordinates":[121.41066545285916,25.01727688688196]},"properties":{"name":"榕樹","code":"107-樹-29","county":"新北市","scientific_name":"Ficus microcarpa","address":"樹林區三龍街14巷底(樹林區三多公園籃球場旁)","land_parcel":"三龍段07330000","diameter_m":0.79,"girth_m":2.48,"estimated_age":40,"status":"公告列管","countyCode":"65000"}},{"type":"Feature","id":"107-樹-30","geometry":{"type":"Point","coordinates":[121.41310789936196,25.006941841625068]},"properties":{"name":"木麻黃","code":"107-樹-30","county":"新北市","scientific_name":"Casuarina equisetifolia","address":"樹林區保安街二段311號前方(光華營區公園近保安街與猐寮街口)","land_parcel":"光武段01500000","diameter_m":0.8300000000000001,"girth_m":2.6,"estimated_age":70,"status":"公告列管","countyCode":"65000"}},{"type":"Feature","id":"107-樹-31","geometry":{"type":"Point","coordinates":[121.42905086965989,24.996162155119624]},"properties":{"name":"榕樹","code":"107-樹-31","county":"新北市","scientific_name":"Ficus microcarpa","address":"新北市樹林區樹新路48號(樹林區建國公園樹林藝文綜合行政大樓施工地旁)","land_parcel":"樹新段00990000","diameter_m":2.2,"girth_m":6.9,"estimated_age":70,"status":"公告列管","countyCode":"65000"}},{"type":"Feature","id":"107-樹-32","geometry":{"type":"Point","coordinates":[121.4290012441851,24.996135213551362]},"properties":{"name":"榕樹","code":"107-樹-32","county":"新北市","scientific_name":"Ficus microcarpa","address":"新北市樹林區樹新路48號(樹林區建國公園樹林藝文綜合行政大樓施工地旁)","land_parcel":"樹新段00990000","diameter_m":2.5500000000000003,"girth_m":8,"estimated_age":70,"status":"公告列管","countyCode":"65000"}},{"type":"Feature","id":"107-樹-33","geometry":{"type":"Point","coordinates":[121.41891681983842,24.996218119385023]},"properties":{"name":"榕樹","code":"107-樹-33","county":"新北市","scientific_name":"Ficus microcarpa","address":"新北市樹林區保安街一段289巷10號(樹林區潭底公園 入口旁)","land_parcel":"備內段02230000","diameter_m":0.7795511529079999,"girth_m":2.448795622342,"estimated_age":50,"status":"公告列管","countyCode":"65000"}},{"type":"Feature","id":"107-樹-34","geometry":{"type":"Point","coordinates":[121.41876752154492,24.99601089036953]},"properties":{"name":"榕樹","code":"107-樹-34","county":"新北市","scientific_name":"Ficus microcarpa","address":"新北市樹林區保安街一段289巷10號(樹林區潭底公園聖蹟亭旁 編號223267路燈後方)","land_parcel":"備內段02230000","diameter_m":0.662193325246,"girth_m":2.083770620774,"estimated_age":50,"status":"公告列管","countyCode":"65000"}},{"type":"Feature","id":"107-樹-35","geometry":{"type":"Point","coordinates":[121.41842969884944,24.99571390919765]},"properties":{"name":"榕樹","code":"107-樹-35","county":"新北市","scientific_name":"Ficus microcarpa","address":"新北市樹林區保安街一段289巷10號(樹林區潭底公園涼亭旁)","land_parcel":"備內段02230000","diameter_m":0.639531078213,"girth_m":2.013007699936,"estimated_age":50,"status":"公告列管","countyCode":"65000"}},{"type":"Feature","id":"107-樹-36","geometry":{"type":"Point","coordinates":[121.41860862331457,24.995893970521422]},"properties":{"name":"苦楝","code":"107-樹-36","county":"新北市","scientific_name":"Melia azedarach","address":"新北市樹林區保安街一段289巷10號(樹林區潭底公園 潭底活動中心對面 籃球場旁)","land_parcel":"備內段02230000","diameter_m":0.552358579186,"girth_m":1.732628061645,"estimated_age":50,"status":"公告列管","countyCode":"65000"}},{"type":"Feature","id":"107-樹-37","geometry":{"type":"Point","coordinates":[121.41782944477413,24.982254489391316]},"properties":{"name":"榕樹","code":"107-樹-37","county":"新北市","scientific_name":"Ficus microcarpa","address":"新北市樹林區大同街43號(樹林區大同國小 操場旁活動中心前)","land_parcel":"太平段08280000","diameter_m":1.752769237521,"girth_m":5.5052338733249995,"estimated_age":87,"status":"公告列管","countyCode":"65000"}},{"type":"Feature","id":"107-樹-38","geometry":{"type":"Point","coordinates":[121.41503365808441,25.002160549875462]},"properties":{"name":"榕樹","code":"107-樹-38","county":"新北市","scientific_name":"Ficus microcarpa","address":"新北市樹林區保安街二段151號(樹林區武林國小兒童遊戲區後)","land_parcel":"武林段07510000","diameter_m":0.8041765975209999,"girth_m":2.540275575602,"estimated_age":62,"status":"公告列管","countyCode":"65000"}},{"type":"Feature","id":"107-樹-39","geometry":{"type":"Point","coordinates":[121.40234439846692,24.975218995030975]},"properties":{"name":"榕樹","code":"107-樹-39","county":"新北市","scientific_name":"Ficus microcarpa","address":"新北市樹林區中山路三段5號(樹林區山佳國小 廚房旁兒童遊戲場內)","land_parcel":"味王段06450000","diameter_m":1.05,"girth_m":3.3000000000000003,"estimated_age":62,"status":"公告列管","countyCode":"65000"}},{"type":"Feature","id":"107-樹-40","geometry":{"type":"Point","coordinates":[121.38958628367507,24.956085871376594]},"properties":{"name":"榕樹","code":"107-樹-40","county":"新北市","scientific_name":"Ficus microcarpa","address":"新北市樹林區柑園街一段353號(樹林區柑園國小大門內)","land_parcel":"東園段07070000","diameter_m":1.7333493589,"girth_m":5.4302394054039995,"estimated_age":67,"status":"公告列管","countyCode":"65000"}},{"type":"Feature","id":"107-樹-41","geometry":{"type":"Point","coordinates":[121.39203091349407,24.971256012535726]},"properties":{"name":"榕樹","code":"107-樹-41","county":"新北市","scientific_name":"Ficus microcarpa","address":"新北市樹林區佳園路一段34號(樹林區育德國小廚房旁)","land_parcel":"佳園段01810000","diameter_m":1.278983971753,"girth_m":4.010610926031,"estimated_age":62,"status":"公告列管","countyCode":"65000"}},{"type":"Feature","id":"107-峽-05","geometry":{"type":"Point","coordinates":[121.3698651899893,24.94155540482502]},"properties":{"name":"榕樹","code":"107-峽-05","county":"新北市","scientific_name":"Ficus microcarpa","address":"三峽區國際一街88號\n(中悅兒童公園內)","land_parcel":"大學段一小段01230000","diameter_m":1.6600000000000001,"girth_m":5.2,"estimated_age":57,"status":"公告列管","countyCode":"65000"}},{"type":"Feature","id":"107-峽-06","geometry":{"type":"Point","coordinates":[121.36982585155698,24.941645785773527]},"properties":{"name":"榕樹","code":"107-峽-06","county":"新北市","scientific_name":"Ficus microcarpa","address":"三峽區國際一街88號\n(中悅兒童公園內)","land_parcel":"大學段一小段01230000","diameter_m":1.03,"girth_m":3.22,"estimated_age":57,"status":"公告列管","countyCode":"65000"}},{"type":"Feature","id":"107-峽-09","geometry":{"type":"Point","coordinates":[121.37742791386279,24.944001174793353]},"properties":{"name":"榕樹","code":"107-峽-09","county":"新北市","scientific_name":"Ficus microcarpa","address":"三峽區大德路85號\n(兒五公園內 北大派出所旁)","land_parcel":"大學段一小段01440000","diameter_m":0.7000000000000001,"girth_m":2.2,"estimated_age":57,"status":"公告列管","countyCode":"65000"}},{"type":"Feature","id":"107-峽-11","geometry":{"type":"Point","coordinates":[121.37629958656558,24.947434790962152]},"properties":{"name":"榕樹","code":"107-峽-11","county":"新北市","scientific_name":"Ficus microcarpa","address":"三峽區學勤路180號\n(遠雄海洋公園陶瓷圍牆邊)","land_parcel":"大學段一小段00040000","diameter_m":0.644515321773,"girth_m":2.017919720901,"estimated_age":57,"status":"公告列管","countyCode":"65000"}},{"type":"Feature","id":"107-峽-12","geometry":{"type":"Point","coordinates":[121.37660694694031,24.94756041084205]},"properties":{"name":"榕樹","code":"107-峽-12","county":"新北市","scientific_name":"Ficus microcarpa","address":"三峽區學勤路180號\n(遠雄海洋公園內)","land_parcel":"大學段一小段00040000","diameter_m":1.02,"girth_m":3.2,"estimated_age":57,"status":"公告列管","countyCode":"65000"}},{"type":"Feature","id":"109-峽-45","geometry":{"type":"Point","coordinates":[121.36868915135635,24.939003300666904]},"properties":{"name":"菩提樹","code":"109-峽-45","county":"新北市","scientific_name":"Ficus religiosa","address":"桃子腳國小","land_parcel":"隆恩段00570000","diameter_m":0.65,"girth_m":2.05,"estimated_age":57,"status":"公告列管","countyCode":"65000"}},{"type":"Feature","id":"109-峽-46","geometry":{"type":"Point","coordinates":[121.36811508911575,24.939085974781037]},"properties":{"name":"菩提樹","code":"109-峽-46","county":"新北市","scientific_name":"Ficus religiosa","address":"桃子腳國小","land_parcel":"隆恩段01330000","diameter_m":1.01,"girth_m":3.16,"estimated_age":57,"status":"公告列管","countyCode":"65000"}},{"type":"Feature","id":"107-峽-15","geometry":{"type":"Point","coordinates":[121.36971501919905,24.934369222065456]},"properties":{"name":"茄苳","code":"107-峽-15","county":"新北市","scientific_name":"Bischofia javanica","address":"三峽區中山路16號(三峽國小舊校門前 郵局前方)","land_parcel":"文化段06410000","diameter_m":0.66,"girth_m":2.06,"estimated_age":77,"status":"公告列管","countyCode":"65000"}},{"type":"Feature","id":"107-峽-16","geometry":{"type":"Point","coordinates":[121.36963599638439,24.934432616442006]},"properties":{"name":"茄苳","code":"107-峽-16","county":"新北市","scientific_name":"Bischofia javanica","address":"三峽區中山路16號\n(三峽國小舊校門前)","land_parcel":"文化段06410000","diameter_m":0.5,"girth_m":1.57,"estimated_age":87,"status":"公告列管","countyCode":"65000"}},{"type":"Feature","id":"107-峽-17","geometry":{"type":"Point","coordinates":[121.36967562899967,24.934441546489406]},"properties":{"name":"茄苳","code":"107-峽-17","county":"新北市","scientific_name":"Bischofia javanica","address":"三峽區中山路16號\n(三峽國小舊校門前)","land_parcel":"文化段06410000","diameter_m":0.34,"girth_m":1.06,"estimated_age":87,"status":"公告列管","countyCode":"65000"}},{"type":"Feature","id":"107-峽-18","geometry":{"type":"Point","coordinates":[121.36967581753018,24.934504744403068]},"properties":{"name":"茄苳","code":"107-峽-18","county":"新北市","scientific_name":"Bischofia javanica","address":"三峽區中山路16號\n(三峽國小舊校門前)","land_parcel":"文化段06410000","diameter_m":0.36,"girth_m":1.1400000000000001,"estimated_age":87,"status":"公告列管","countyCode":"65000"}},{"type":"Feature","id":"107-峽-19","geometry":{"type":"Point","coordinates":[121.36964632869797,24.93457704426042]},"properties":{"name":"茄苳","code":"107-峽-19","county":"新北市","scientific_name":"Bischofia javanica","address":"三峽區中山路16號\n(三峽國小舊校門前)","land_parcel":"文化段06410000","diameter_m":0.32,"girth_m":1,"estimated_age":87,"status":"公告列管","countyCode":"65000"}},{"type":"Feature","id":"107-峽-20","geometry":{"type":"Point","coordinates":[121.36958697395801,24.934595248131295]},"properties":{"name":"茄苳","code":"107-峽-20","county":"新北市","scientific_name":"Bischofia javanica","address":"三峽區中山路16號\n(三峽國小舊校門前)","land_parcel":"文化段06410000","diameter_m":0.56,"girth_m":1.75,"estimated_age":87,"status":"公告列管","countyCode":"65000"}},{"type":"Feature","id":"107-峽-21","geometry":{"type":"Point","coordinates":[121.36963664270777,24.934649295002092]},"properties":{"name":"茄苳","code":"107-峽-21","county":"新北市","scientific_name":"Bischofia javanica","address":"三峽區中山路16號\n(三峽國小舊校門前)","land_parcel":"文化段06410000","diameter_m":0.46,"girth_m":1.45,"estimated_age":87,"status":"公告列管","countyCode":"65000"}},{"type":"Feature","id":"107-峽-22","geometry":{"type":"Point","coordinates":[121.36962668741069,24.934631263010743]},"properties":{"name":"茄苳","code":"107-峽-22","county":"新北市","scientific_name":"Bischofia javanica","address":"三峽區中山路16號\n(三峽國小舊校門前)","land_parcel":"文化段06410000","diameter_m":0.41000000000000003,"girth_m":1.3,"estimated_age":87,"status":"公告列管","countyCode":"65000"}},{"type":"Feature","id":"107-峽-23","geometry":{"type":"Point","coordinates":[121.36954771823275,24.93471271388714]},"properties":{"name":"茄苳","code":"107-峽-23","county":"新北市","scientific_name":"Bischofia javanica","address":"三峽區中山路16號\n(三峽國小舊校門前)","land_parcel":"文化段06410000","diameter_m":0.5700000000000001,"girth_m":1.8,"estimated_age":87,"status":"公告列管","countyCode":"65000"}},{"type":"Feature","id":"107-峽-24","geometry":{"type":"Point","coordinates":[121.36958764712739,24.934820954960905]},"properties":{"name":"茄苳","code":"107-峽-24","county":"新北市","scientific_name":"Bischofia javanica","address":"三峽區中山路16號\n(三峽國小舊校門前)","land_parcel":"文化段06410000","diameter_m":0.41000000000000003,"girth_m":1.3,"estimated_age":87,"status":"公告列管","countyCode":"65000"}},{"type":"Feature","id":"107-峽-25","geometry":{"type":"Point","coordinates":[121.36956770959664,24.93477586269879]},"properties":{"name":"茄苳","code":"107-峽-25","county":"新北市","scientific_name":"Bischofia javanica","address":"三峽區中山路16號\n(三峽國小舊校門前)","land_parcel":"文化段06410000","diameter_m":0.48,"girth_m":1.52,"estimated_age":87,"status":"公告列管","countyCode":"65000"}},{"type":"Feature","id":"107-峽-26","geometry":{"type":"Point","coordinates":[121.36952813072655,24.934784989170556]},"properties":{"name":"茄苳","code":"107-峽-26","county":"新北市","scientific_name":"Bischofia javanica","address":"三峽區中山路16號\n(三峽國小舊校門前)","land_parcel":"文化段06410000","diameter_m":0.34,"girth_m":1.08,"estimated_age":87,"status":"公告列管","countyCode":"65000"}},{"type":"Feature","id":"107-峽-27","geometry":{"type":"Point","coordinates":[121.36958727015153,24.93469455913717]},"properties":{"name":"茄苳","code":"107-峽-27","county":"新北市","scientific_name":"Bischofia javanica","address":"三峽區中山路16號\n(三峽國小舊校門前)","land_parcel":"文化段06410000","diameter_m":0.44,"girth_m":1.37,"estimated_age":87,"status":"公告列管","countyCode":"65000"}},{"type":"Feature","id":"107-峽-28","geometry":{"type":"Point","coordinates":[121.36954744899442,24.934622431154406]},"properties":{"name":"茄苳","code":"107-峽-28","county":"新北市","scientific_name":"Bischofia javanica","address":"三峽區中山路16號\n(三峽國小舊校門前)","land_parcel":"文化段06410000","diameter_m":0.5,"girth_m":1.58,"estimated_age":87,"status":"公告列管","countyCode":"65000"}},{"type":"Feature","id":"107-峽-29","geometry":{"type":"Point","coordinates":[121.36955735043033,24.934622406604593]},"properties":{"name":"茄苳","code":"107-峽-29","county":"新北市","scientific_name":"Bischofia javanica","address":"三峽區中山路16號\n(三峽國小舊校門前)","land_parcel":"文化段06410000","diameter_m":0.34,"girth_m":1.07,"estimated_age":87,"status":"公告列管","countyCode":"65000"}},{"type":"Feature","id":"107-峽-30","geometry":{"type":"Point","coordinates":[121.36963650805646,24.934604153635924]},"properties":{"name":"茄苳","code":"107-峽-30","county":"新北市","scientific_name":"Bischofia javanica","address":"三峽區中山路16號\n(三峽國小舊校門前)","land_parcel":"文化段06410000","diameter_m":0.5700000000000001,"girth_m":1.8,"estimated_age":87,"status":"公告列管","countyCode":"65000"}},{"type":"Feature","id":"107-峽-31","geometry":{"type":"Point","coordinates":[121.36961640897186,24.934504891738634]},"properties":{"name":"茄苳","code":"107-峽-31","county":"新北市","scientific_name":"Bischofia javanica","address":"三峽區中山路16號\n(三峽國小舊校門前)","land_parcel":"文化段06410000","diameter_m":0.22,"girth_m":0.7000000000000001,"estimated_age":87,"status":"公告列管","countyCode":"65000"}},{"type":"Feature","id":"107-峽-32","geometry":{"type":"Point","coordinates":[121.3695867585455,24.934523021944376]},"properties":{"name":"茄苳","code":"107-峽-32","county":"新北市","scientific_name":"Bischofia javanica","address":"三峽區中山路16號\n(三峽國小舊校門前)","land_parcel":"文化段06410000","diameter_m":0.33,"girth_m":1.05,"estimated_age":87,"status":"公告列管","countyCode":"65000"}},{"type":"Feature","id":"107-峽-33","geometry":{"type":"Point","coordinates":[121.3696064806175,24.934495888018837]},"properties":{"name":"茄苳","code":"107-峽-33","county":"新北市","scientific_name":"Bischofia javanica","address":"三峽區中山路16號\n(三峽國小舊校門前)","land_parcel":"文化段06410000","diameter_m":0.61,"girth_m":1.9000000000000001,"estimated_age":87,"status":"公告列管","countyCode":"65000"}},{"type":"Feature","id":"107-峽-34","geometry":{"type":"Point","coordinates":[121.36958657006028,24.93445982403024]},"properties":{"name":"茄苳","code":"107-峽-34","county":"新北市","scientific_name":"Bischofia javanica","address":"三峽區中山路16號\n(三峽國小舊校門前)","land_parcel":"文化段06410000","diameter_m":0.33,"girth_m":1.02,"estimated_age":87,"status":"公告列管","countyCode":"65000"}},{"type":"Feature","id":"107-峽-35","geometry":{"type":"Point","coordinates":[121.36956668643967,24.934432788312222]},"properties":{"name":"茄苳","code":"107-峽-35","county":"新北市","scientific_name":"Bischofia javanica","address":"三峽區中山路16號\n(三峽國小舊校門前 郵局前方)","land_parcel":"文化段06410000","diameter_m":0.53,"girth_m":1.6600000000000001,"estimated_age":87,"status":"公告列管","countyCode":"65000"}},{"type":"Feature","id":"107-峽-36","geometry":{"type":"Point","coordinates":[121.37505081459089,24.934003786018597]},"properties":{"name":"印度橡膠樹","code":"107-峽-36","county":"新北市","scientific_name":"Ficus elastica","address":"三峽區介壽路一段 1 號對面\n(黃昏市場前三峽大橋旁)","land_parcel":"安溪段00460000","diameter_m":1.27,"girth_m":4,"estimated_age":57,"status":"公告列管","countyCode":"65000"}},{"type":"Feature","id":"107-峽-38","geometry":{"type":"Point","coordinates":[121.36780026759966,24.93310096302809]},"properties":{"name":"榕樹","code":"107-峽-38","county":"新北市","scientific_name":"Ficus microcarpa","address":"三峽區鳶峰路旁\n(鳶山網球場旁 觀賽席)","land_parcel":"仁愛段00790000","diameter_m":0.8,"girth_m":2.5,"estimated_age":57,"status":"公告列管","countyCode":"65000"}},{"type":"Feature","id":"107-峽-39","geometry":{"type":"Point","coordinates":[121.36779036628339,24.93310098745978]},"properties":{"name":"榕樹","code":"107-峽-39","county":"新北市","scientific_name":"Ficus microcarpa","address":"三峽區鳶峰路旁\n(鳶山網球場編號405榕樹後方)","land_parcel":"仁愛段00790000","diameter_m":0.86,"girth_m":2.7,"estimated_age":57,"status":"公告列管","countyCode":"65000"}},{"type":"Feature","id":"107-峽-40","geometry":{"type":"Point","coordinates":[121.40491118471057,24.872596053620384]},"properties":{"name":"樟樹","code":"107-峽-40","county":"新北市","scientific_name":"Cinnamomum camphora","address":"三峽區插角里插角路39號\n(三峽區插角國小)","land_parcel":"插角段內插角小段00310000","diameter_m":0.86,"girth_m":2.69,"estimated_age":67,"status":"公告列管","countyCode":"65000"}},{"type":"Feature","id":"107-峽-41","geometry":{"type":"Point","coordinates":[121.40525809029377,24.872757623530276]},"properties":{"name":"樟樹","code":"107-峽-41","county":"新北市","scientific_name":"Cinnamomum camphora","address":"三峽區插角里插角路39號\n(三峽區插角國小籃球場)","land_parcel":"插角段內插角小段00310000","diameter_m":0.757693869581,"girth_m":2.376972864801,"estimated_age":57,"status":"公告列管","countyCode":"65000"}},{"type":"Feature","id":"107-峽-42","geometry":{"type":"Point","coordinates":[121.40501006090513,24.872568700293463]},"properties":{"name":"山菜豆","code":"107-峽-42","county":"新北市","scientific_name":"Radermachera sinica","address":"三峽區插角里插角路39號\n(三峽區插角國小)","land_parcel":"插角段內插角小段00310000","diameter_m":0.594053869611,"girth_m":1.860107523774,"estimated_age":57,"status":"公告列管","countyCode":"65000"}},{"type":"Feature","id":"107-峽-43","geometry":{"type":"Point","coordinates":[121.40498034215008,24.87255975250841]},"properties":{"name":"樟樹","code":"107-峽-43","county":"新北市","scientific_name":"Cinnamomum camphora","address":"三峽區插角里插角路39號\n(三峽區插角國小)","land_parcel":"插角段內插角小段00310000","diameter_m":0.68,"girth_m":2.14,"estimated_age":57,"status":"公告列管","countyCode":"65000"}},{"type":"Feature","id":"107-峽-44","geometry":{"type":"Point","coordinates":[121.40522737052375,24.87244171324882]},"properties":{"name":"相思樹","code":"107-峽-44","county":"新北市","scientific_name":"Acacia confusa","address":"三峽區插角里插角路39號\n(三峽區插角國小八角亭)","land_parcel":"插角段內插角小段00330004","diameter_m":0.6,"girth_m":1.8800000000000001,"estimated_age":67,"status":"公告列管","countyCode":"65000"}},{"type":"Feature","id":"107-峽-47","geometry":{"type":"Point","coordinates":[121.40547330851246,24.871989626097854]},"properties":{"name":"榕樹","code":"107-峽-47","county":"新北市","scientific_name":"Ficus microcarpa","address":"三峽區插角里插角路39號\n(三峽區插角國小樹屋)","land_parcel":"插角段內插角小段00330003","diameter_m":1.1819052415490001,"girth_m":3.7168938645060003,"estimated_age":67,"status":"公告列管","countyCode":"65000"}},{"type":"Feature","id":"107-峽-48","geometry":{"type":"Point","coordinates":[121.40500010561432,24.87255067051495]},"properties":{"name":"茄苳","code":"107-峽-48","county":"新北市","scientific_name":"Bischofia javanica","address":"三峽區插角里插角路39號\n(三峽區插角國小公廁旁)","land_parcel":"插角段內插角小段00310000","diameter_m":0.9400000000000001,"girth_m":2.94,"estimated_age":57,"status":"公告列管","countyCode":"65000"}},{"type":"Feature","id":"107-峽-49","geometry":{"type":"Point","coordinates":[121.43747516214492,24.85416756530744]},"properties":{"name":"榕樹","code":"107-峽-49","county":"新北市","scientific_name":"Ficus microcarpa","address":"三峽區有木里131號\n(三峽區有木國小司令台對面)","land_parcel":"插角段有木小段01380001","diameter_m":0.8300000000000001,"girth_m":2.6,"estimated_age":57,"status":"公告列管","countyCode":"65000"}},{"type":"Feature","id":"107-峽-50","geometry":{"type":"Point","coordinates":[121.43704803010925,24.853699339224164]},"properties":{"name":"榕樹","code":"107-峽-50","county":"新北市","scientific_name":"Ficus microcarpa","address":"三峽區有木里131號\n(三峽區有木國小)","land_parcel":"插角段有木小段01340003","diameter_m":1.03,"girth_m":3.23,"estimated_age":57,"status":"公告列管","countyCode":"65000"}},{"type":"Feature","id":"107-峽-51","geometry":{"type":"Point","coordinates":[121.36555088343053,24.905633193705473]},"properties":{"name":"白千層","code":"107-峽-51","county":"新北市","scientific_name":"Melaleuca leucadendra","address":"三峽區中正路2段399號\n(三峽區明德高中)","land_parcel":"大埔段大埔小段02190003","diameter_m":1.05,"girth_m":3.3000000000000003,"estimated_age":47,"status":"公告列管","countyCode":"65000"}},{"type":"Feature","id":"107-峽-53","geometry":{"type":"Point","coordinates":[121.36613506503434,24.905676902920018]},"properties":{"name":"茄苳","code":"107-峽-53","county":"新北市","scientific_name":"Bischofia javanica","address":"新北市三峽區大埔路130號\n(三峽區大埔國小校門進來右側)","land_parcel":"大埔段大埔小段02190000","diameter_m":0.64,"girth_m":2,"estimated_age":57,"status":"公告列管","countyCode":"65000"}},{"type":"Feature","id":"107-峽-54","geometry":{"type":"Point","coordinates":[121.3665808192102,24.905775120338973]},"properties":{"name":"芒果樹","code":"107-峽-54","county":"新北市","scientific_name":"Mangifera indica","address":"三峽區大埔路130號\n(三峽區大埔國小宿舍後面)","land_parcel":"大埔段大埔小段02190000","diameter_m":0.8,"girth_m":2.5,"estimated_age":57,"status":"公告列管","countyCode":"65000"}},{"type":"Feature","id":"107-峽-55","geometry":{"type":"Point","coordinates":[121.36655048171752,24.905558513840038]},"properties":{"name":"九芎","code":"107-峽-55","county":"新北市","scientific_name":"Lagerstroemia subcostata","address":"三峽區大埔路130號\n(三峽區大埔國小  舊校門旁)","land_parcel":"大埔段大埔小段02190000","diameter_m":0.334215499341,"girth_m":1.037111372997,"estimated_age":57,"status":"公告列管","countyCode":"65000"}},{"type":"Feature","id":"107-峽-56","geometry":{"type":"Point","coordinates":[121.4059711025149,24.933417189501736]},"properties":{"name":"茄苳","code":"107-峽-56","county":"新北市","scientific_name":"Bischofia javanica","address":"解列+A55:T55","land_parcel":"橫溪段頂寮小段00600000","diameter_m":0.65,"girth_m":2.2,"estimated_age":57,"status":"公告列管","countyCode":"65000"}},{"type":"Feature","id":"107-峽-57","geometry":{"type":"Point","coordinates":[121.40549551529989,24.933319172603095]},"properties":{"name":"茄苳","code":"107-峽-57","county":"新北市","scientific_name":"Bischofia javanica","address":"三峽區溪東路213號\n(三峽區成福國小操場周圍)","land_parcel":"橫溪段頂寮小段00600000","diameter_m":0.47000000000000003,"girth_m":1.46,"estimated_age":57,"status":"公告列管","countyCode":"65000"}},{"type":"Feature","id":"107-峽-58","geometry":{"type":"Point","coordinates":[121.40543616663567,24.933337390681444]},"properties":{"name":"茄苳","code":"107-峽-58","county":"新北市","scientific_name":"Bischofia javanica","address":"三峽區溪東路213號\n(三峽區成福國小操場)","land_parcel":"橫溪段頂寮小段00600000","diameter_m":0.62,"girth_m":1.94,"estimated_age":57,"status":"公告列管","countyCode":"65000"}},{"type":"Feature","id":"107-峽-59","geometry":{"type":"Point","coordinates":[121.40543625524585,24.933364475390782]},"properties":{"name":"茄苳","code":"107-峽-59","county":"新北市","scientific_name":"Bischofia javanica","address":"三峽區溪東路213號\n(三峽區成福國小操場)","land_parcel":"橫溪段頂寮小段00600000","diameter_m":0.53,"girth_m":1.67,"estimated_age":57,"status":"公告列管","countyCode":"65000"}},{"type":"Feature","id":"107-峽-60","geometry":{"type":"Point","coordinates":[121.40535695630652,24.933337606118638]},"properties":{"name":"茄苳","code":"107-峽-60","county":"新北市","scientific_name":"Bischofia javanica","address":"三峽區溪東路213號\n(三峽區成福國小操場)","land_parcel":"橫溪段頂寮小段00600000","diameter_m":0.98,"girth_m":3.0700000000000003,"estimated_age":67,"status":"公告列管","countyCode":"65000"}},{"type":"Feature","id":"107-峽-61","geometry":{"type":"Point","coordinates":[121.40566528534747,24.933761098154804]},"properties":{"name":"鳳凰木","code":"107-峽-61","county":"新北市","scientific_name":"Delonix regia","address":"三峽區溪東路213號\n(三峽區成福國小 升旗台正前方小山坡)","land_parcel":"橫溪段頂寮小段00600000","diameter_m":0.79,"girth_m":2.47,"estimated_age":37,"status":"公告列管","countyCode":"65000"}},{"type":"Feature","id":"107-峽-63","geometry":{"type":"Point","coordinates":[121.42736684351544,24.924473525936392]},"properties":{"name":"雀榕","code":"107-峽-63","county":"新北市","scientific_name":"Ficus superba var. japonica","address":"三峽區成福路251巷2號\n(三峽區大成國小校門右側)","land_parcel":"成福段成福小段06590001","diameter_m":0.86,"girth_m":2.7,"estimated_age":17,"status":"公告列管","countyCode":"65000"}},{"type":"Feature","id":"107-峽-64","geometry":{"type":"Point","coordinates":[121.44680902310681,24.92647497905032]},"properties":{"name":"榕樹","code":"107-峽-64","county":"新北市","scientific_name":"Ficus microcarpa","address":"三峽區建安路67號(三峽區建安國小)","land_parcel":"成福段小暗坑小段04190002","diameter_m":0.99,"girth_m":3.1,"estimated_age":57,"status":"公告列管","countyCode":"65000"}},{"type":"Feature","id":"107-峽-65","geometry":{"type":"Point","coordinates":[121.36941999531739,24.935047079082597]},"properties":{"name":"榕樹","code":"107-峽-65","county":"新北市","scientific_name":"Ficus microcarpa","address":"三峽區中山路16號\n(三峽國小後門口)","land_parcel":"文化段06540000","diameter_m":0.6975672010639999,"girth_m":2.182750558355,"estimated_age":87,"status":"公告列管","countyCode":"65000"}},{"type":"Feature","id":"107-峽-66","geometry":{"type":"Point","coordinates":[121.36960812324442,24.935046612677173]},"properties":{"name":"楓香","code":"107-峽-66","county":"新北市","scientific_name":"Liquidambar formosana","address":"三峽區中山路16號\n(三峽國小一二年級教室後側大象溜滑梯旁)","land_parcel":"文化段06540000","diameter_m":0.7000000000000001,"girth_m":2.2,"estimated_age":67,"status":"公告列管","countyCode":"65000"}},{"type":"Feature","id":"107-峽-67","geometry":{"type":"Point","coordinates":[121.36946896429751,24.934866390907278]},"properties":{"name":"榕樹","code":"107-峽-67","county":"新北市","scientific_name":"Ficus microcarpa","address":"三峽區中山路16號\n(三峽國小一二年級教室前)","land_parcel":"文化段06540000","diameter_m":1.04,"girth_m":3.27,"estimated_age":57,"status":"公告列管","countyCode":"65000"}},{"type":"Feature","id":"107-峽-68","geometry":{"type":"Point","coordinates":[121.36912289742581,24.935029758482255]},"properties":{"name":"茄苳","code":"107-峽-68","county":"新北市","scientific_name":"Bischofia javanica","address":"三峽區中山路16號\n(三峽國小司令台後方)","land_parcel":"文化段06540000","diameter_m":0.81,"girth_m":2.5500000000000003,"estimated_age":57,"status":"公告列管","countyCode":"65000"}},{"type":"Feature","id":"107-峽-69","geometry":{"type":"Point","coordinates":[121.36913274510663,24.935011677413737]},"properties":{"name":"茄苳","code":"107-峽-69","county":"新北市","scientific_name":"Bischofia javanica","address":"三峽區中山路16號\n(一、二年級教室左前方)","land_parcel":"文化段06540000","diameter_m":0.74,"girth_m":2.32,"estimated_age":57,"status":"公告列管","countyCode":"65000"}},{"type":"Feature","id":"107-峽-70","geometry":{"type":"Point","coordinates":[121.36898403491111,24.934948847259804]},"properties":{"name":"茄苳","code":"107-峽-70","county":"新北市","scientific_name":"Bischofia javanica","address":"三峽區中山路16號\n(三峽國小一二年級教室右前方)","land_parcel":"文化段06540000","diameter_m":0.58,"girth_m":1.82,"estimated_age":57,"status":"公告列管","countyCode":"65000"}},{"type":"Feature","id":"107-峽-71","geometry":{"type":"Point","coordinates":[121.36890493071932,24.93498515643185]},"properties":{"name":"榕樹","code":"107-峽-71","county":"新北市","scientific_name":"Ficus microcarpa","address":"三峽區中山路16號\n(三峽國小一二年級教室最右邊)","land_parcel":"文化段06540000","diameter_m":0.76,"girth_m":2.4,"estimated_age":57,"status":"公告列管","countyCode":"65000"}},{"type":"Feature","id":"107-峽-72","geometry":{"type":"Point","coordinates":[121.36859962346118,24.93553664052177]},"properties":{"name":"茄苳","code":"107-峽-72","county":"新北市","scientific_name":"Bischofia javanica","address":"三峽區中山路16號\n(三峽國小操場邊 輪胎旁)","land_parcel":"文化段06540000","diameter_m":0.53,"girth_m":1.6500000000000001,"estimated_age":57,"status":"公告列管","countyCode":"65000"}},{"type":"Feature","id":"107-峽-74","geometry":{"type":"Point","coordinates":[121.36844997333068,24.9351578202682]},"properties":{"name":"印度黃檀","code":"107-峽-74","county":"新北市","scientific_name":"Dalbergia sissoo","address":"三峽區中山路16號\n(三峽國小操場邊 聯絡道旁)","land_parcel":"文化段06540000","diameter_m":0.74,"girth_m":2.32,"estimated_age":57,"status":"公告列管","countyCode":"65000"}},{"type":"Feature","id":"107-峽-75","geometry":{"type":"Point","coordinates":[121.3682835264565,24.935790215434327]},"properties":{"name":"榕樹","code":"107-峽-75","county":"新北市","scientific_name":"Ficus microcarpa","address":"三峽區中山路16號\n(三峽國小內 面對校門口左側)","land_parcel":"文化段06540000","diameter_m":0.91,"girth_m":2.87,"estimated_age":67,"status":"公告列管","countyCode":"65000"}},{"type":"Feature","id":"107-板-09","geometry":{"type":"Point","coordinates":[121.44758065732992,25.00844008821199]},"properties":{"name":"榕樹","code":"107-板-09","county":"新北市","scientific_name":"Ficus microcarpa","address":"板橋區大觀路一段32號(國立華僑實驗高級中學圖書館後側)","land_parcel":"大觀段02160005","diameter_m":1.37,"girth_m":4.3,"estimated_age":49,"status":"公告列管","countyCode":"65000"}},{"type":"Feature","id":"107-板-10","geometry":{"type":"Point","coordinates":[121.44756025392363,25.00827764211561]},"properties":{"name":"榕樹","code":"107-板-10","county":"新北市","scientific_name":"Ficus microcarpa","address":"板橋區大觀路一段32號(國立華僑實驗高級中學 圖書館後側)","land_parcel":"大觀段02160005","diameter_m":0.6907242575729999,"girth_m":2.175637837509,"estimated_age":49,"status":"公告列管","countyCode":"65000"}},{"type":"Feature","id":"107-板-11","geometry":{"type":"Point","coordinates":[121.44680439708615,25.007476405388392]},"properties":{"name":"榕樹","code":"107-板-11","county":"新北市","scientific_name":"Ficus microcarpa","address":"板橋區大觀路一段32號(國立華僑實驗高級中學操場圍牆旁)","land_parcel":"大觀段02160005","diameter_m":2.25,"girth_m":7.07,"estimated_age":49,"status":"公告列管","countyCode":"65000"}},{"type":"Feature","id":"107-板-12","geometry":{"type":"Point","coordinates":[121.44575081546819,25.006531606035594]},"properties":{"name":"榕樹","code":"107-板-12","county":"新北市","scientific_name":"Ficus microcarpa","address":"板橋區大觀路一段32號(國立華僑實驗高級中學 排球場後側靠近圍牆)","land_parcel":"大觀段02160005","diameter_m":0.49819674828300003,"girth_m":1.558621185535,"estimated_age":44,"status":"公告列管","countyCode":"65000"}},{"type":"Feature","id":"107-板-14","geometry":{"type":"Point","coordinates":[121.44777700200684,25.007942946504706]},"properties":{"name":"大葉合歡","code":"107-板-14","county":"新北市","scientific_name":"Albizia lebbeck","address":"板橋區大觀路一段32號(國立華僑實驗高級中學儀隊室前)","land_parcel":"大觀段02160005","diameter_m":0.706682389762,"girth_m":2.210836945593,"estimated_age":50,"status":"公告列管","countyCode":"65000"}},{"type":"Feature","id":"107-板-15","geometry":{"type":"Point","coordinates":[121.44641991003307,25.00800119531081]},"properties":{"name":"榕樹","code":"107-板-15","county":"新北市","scientific_name":"Ficus microcarpa","address":"板橋區大觀路一段32號(國立華僑實驗高級中學行政大樓前)","land_parcel":"大觀段02160005","diameter_m":1.17,"girth_m":3.66,"estimated_age":47,"status":"公告列管","countyCode":"65000"}},{"type":"Feature","id":"107-板-16","geometry":{"type":"Point","coordinates":[121.44630982141317,25.007694567050184]},"properties":{"name":"榕樹","code":"107-板-16","county":"新北市","scientific_name":"Ficus microcarpa","address":"板橋區大觀路一段32號(國立華僑實驗高級中學行政大樓前)","land_parcel":"大觀段02160005","diameter_m":0.752130307859,"girth_m":2.3424132854810003,"estimated_age":49,"status":"公告列管","countyCode":"65000"}},{"type":"Feature","id":"107-板-17","geometry":{"type":"Point","coordinates":[121.4587798966959,25.00949837341019]},"properties":{"name":"榕樹","code":"107-板-17","county":"新北市","scientific_name":"Ficus microcarpa","address":"板橋區府中路32號(新北市政府警察局 車輛通道旁)","land_parcel":"府中段04520000","diameter_m":2.39,"girth_m":7.5,"estimated_age":70,"status":"公告列管","countyCode":"65000"}},{"type":"Feature","id":"107-板-19","geometry":{"type":"Point","coordinates":[121.45555457270702,25.010718064949582]},"properties":{"name":"茄苳","code":"107-板-19","county":"新北市","scientific_name":"Bischofia javanica","address":"板橋區西門街9號(國定古蹟林本源園邸香玉簃)","land_parcel":"府中段16980000","diameter_m":0.68,"girth_m":2.14,"estimated_age":82,"status":"公告列管","countyCode":"65000"}},{"type":"Feature","id":"107-板-20","geometry":{"type":"Point","coordinates":[121.45558359552153,25.010528384154135]},"properties":{"name":"芒果樹","code":"107-板-20","county":"新北市","scientific_name":"Mangifera indica","address":"板橋區西門街9號(國定古蹟林本源園邸來青閣)","land_parcel":"府中段16980000","diameter_m":0.87,"girth_m":2.72,"estimated_age":115,"status":"公告列管","countyCode":"65000"}},{"type":"Feature","id":"107-板-21","geometry":{"type":"Point","coordinates":[121.45544346009561,25.010140601403723]},"properties":{"name":"苦楝","code":"107-板-21","county":"新北市","scientific_name":"Melia azedarach","address":"板橋區西門街9號(國定古蹟林本源園邸汲古書屋)","land_parcel":"府中段16980000","diameter_m":0.9500000000000001,"girth_m":2.99,"estimated_age":92,"status":"公告列管","countyCode":"65000"}},{"type":"Feature","id":"107-板-22","geometry":{"type":"Point","coordinates":[121.45555673756942,25.01130489032355]},"properties":{"name":"臺灣油杉","code":"107-板-22","county":"新北市","scientific_name":"Keteleeria davidiana var. formosana","address":"板橋區西門街9號(國定古蹟林園邸如意池旁)","land_parcel":"府中段16980000","diameter_m":0.55,"girth_m":1.74,"estimated_age":97,"status":"公告列管","countyCode":"65000"}},{"type":"Feature","id":"107-板-23","geometry":{"type":"Point","coordinates":[121.44666710064647,25.00786503020487]},"properties":{"name":"九芎","code":"107-板-23","county":"新北市","scientific_name":"Lagerstroemia subcostata","address":"板橋區大觀路一段32號(國立華僑實驗高級中學 學生活動中心前方)","land_parcel":"大觀段02160005","diameter_m":0.778203058334,"girth_m":2.4374166652420004,"estimated_age":77,"status":"公告列管","countyCode":"65000"}},{"type":"Feature","id":"107-板-24","geometry":{"type":"Point","coordinates":[121.44605278065242,25.002359672234153]},"properties":{"name":"楓香","code":"107-板-24","county":"新北市","scientific_name":"Liquidambar formosana","address":"板橋區大觀路二段28號(台灣藝術大學文創園區正門)","land_parcel":"龍安段01100005","diameter_m":0.913509715329,"girth_m":2.84682279041,"estimated_age":50,"status":"公告列管","countyCode":"65000"}},{"type":"Feature","id":"107-板-25","geometry":{"type":"Point","coordinates":[121.44483303800241,24.999275678488374]},"properties":{"name":"榕樹","code":"107-板-25","county":"新北市","scientific_name":"Ficus microcarpa","address":"板橋區大觀路二段力行一巷(板橋區浮洲親民公園)","land_parcel":"力行段11270000","diameter_m":4.24,"girth_m":13.3,"estimated_age":100,"status":"公告列管","countyCode":"65000"}},{"type":"Feature","id":"107-板-27","geometry":{"type":"Point","coordinates":[121.4441707874533,25.002446557581468]},"properties":{"name":"苦楝","code":"107-板-27","county":"新北市","scientific_name":"Melia azedarach","address":"板橋區大觀路二段28號(台灣藝術大學文創園區後門)","land_parcel":"龍安段01100005","diameter_m":1.32,"girth_m":4.15,"estimated_age":50,"status":"公告列管","countyCode":"65000"}},{"type":"Feature","id":"107-板-28","geometry":{"type":"Point","coordinates":[121.4627186395169,25.00303101887455]},"properties":{"name":"榕樹","code":"107-板-28","county":"新北市","scientific_name":"Ficus microcarpa","address":"板橋區重慶路157號(板橋區後埔國小 光明樓前)","land_parcel":"忠孝段01510000","diameter_m":1.6400000000000001,"girth_m":5.15,"estimated_age":60,"status":"公告列管","countyCode":"65000"}},{"type":"Feature","id":"107-板-29","geometry":{"type":"Point","coordinates":[121.43133776181523,24.99857510560747]},"properties":{"name":"印度橡膠樹","code":"107-板-29","county":"新北市","scientific_name":"Ficus elastica","address":"板橋區大觀路三段50巷30號(板橋區溪崑國中 操場旁)","land_parcel":"大同段00070000","diameter_m":1.85,"girth_m":5.8,"estimated_age":57,"status":"公告列管","countyCode":"65000"}},{"type":"Feature","id":"107-板-30","geometry":{"type":"Point","coordinates":[121.42919557353558,24.98933639776767]},"properties":{"name":"榕樹","code":"107-板-30","county":"新北市","scientific_name":"Ficus microcarpa","address":"板橋區篤行路二段132號(板橋區沙崙國小 操場旁)","land_parcel":"民生段06860000","diameter_m":1.027277956543,"girth_m":3.2259107241210003,"estimated_age":57,"status":"公告列管","countyCode":"65000"}},{"type":"Feature","id":"107-板-31","geometry":{"type":"Point","coordinates":[121.43021954134221,24.990389743837508]},"properties":{"name":"苦楝","code":"107-板-31","county":"新北市","scientific_name":"Melia azedarach","address":"板橋區篤行路二段132號(板橋區沙崙國小圖書大樓前)","land_parcel":"中興段06200000","diameter_m":1.02,"girth_m":3.2,"estimated_age":77,"status":"公告列管","countyCode":"65000"}},{"type":"Feature","id":"107-板-32","geometry":{"type":"Point","coordinates":[121.4422509445551,24.997495791282315]},"properties":{"name":"橄欖","code":"107-板-32","county":"新北市","scientific_name":"Olea europaea","address":"板橋區大觀路二段265巷62號(中央氣象局板橋氣象站)","land_parcel":"福安段02380000","diameter_m":0.6685057965340001,"girth_m":2.107723890836,"estimated_age":45,"status":"公告列管","countyCode":"65000"}},{"type":"Feature","id":"107-板-33","geometry":{"type":"Point","coordinates":[121.46041260674842,25.01161495039792]},"properties":{"name":"榕樹","code":"107-板-33","county":"新北市","scientific_name":"Ficus microcarpa","address":"板橋區文化路一段52巷18號(財政部北區國稅局板橋分局後門巷子內)","land_parcel":"府中段07560000","diameter_m":1.678868666692,"girth_m":5.263078946776,"estimated_age":77,"status":"公告列管","countyCode":"65000"}},{"type":"Feature","id":"107-板-34","geometry":{"type":"Point","coordinates":[121.45075130994609,25.016664218806532]},"properties":{"name":"榕樹","code":"107-板-34","county":"新北市","scientific_name":"Ficus microcarpa","address":"板橋區南雅西路二段301巷41弄(板橋區環河公園入口處)","land_parcel":"光華段17660000","diameter_m":1.499133082818,"girth_m":4.712748667179,"estimated_age":77,"status":"公告列管","countyCode":"65000"}},{"type":"Feature","id":"107-板-35","geometry":{"type":"Point","coordinates":[121.47361050337501,25.032527855041657]},"properties":{"name":"榕樹","code":"107-板-35","county":"新北市","scientific_name":"Ficus microcarpa","address":"板橋區文化路二段413號(板橋區江翠國小 操場旁)","land_parcel":"江子翠段第三崁小段02410000","diameter_m":2.162267328523,"girth_m":6.800735254368,"estimated_age":77,"status":"公告列管","countyCode":"65000"}},{"type":"Feature","id":"107-板-37","geometry":{"type":"Point","coordinates":[121.45536400135595,25.010086675606484]},"properties":{"name":"榕樹","code":"107-板-37","county":"新北市","scientific_name":"Ficus microcarpa","address":"板橋區西門街9號(國定古蹟林本源園邸汲古書屋)","land_parcel":"府中段16980000","diameter_m":1.18,"girth_m":3.7,"estimated_age":67,"status":"公告列管","countyCode":"65000"}},{"type":"Feature","id":"107-板-38","geometry":{"type":"Point","coordinates":[121.45558216334035,25.01014017656518]},"properties":{"name":"榕樹","code":"107-板-38","county":"新北市","scientific_name":"Ficus microcarpa","address":"板橋區西門街9號(國定古蹟林本源園邸方鑑齋)","land_parcel":"府中段16980000","diameter_m":1.47,"girth_m":4.62,"estimated_age":57,"status":"公告列管","countyCode":"65000"}},{"type":"Feature","id":"107-板-40","geometry":{"type":"Point","coordinates":[121.45547338200939,25.01019467888061]},"properties":{"name":"山菜豆","code":"107-板-40","county":"新北市","scientific_name":"Radermachera sinica","address":"板橋區西門街9號(國定古蹟林本源園邸三仙島旁)","land_parcel":"府中段16980000","diameter_m":1.08,"girth_m":3.4,"estimated_age":90,"status":"公告列管","countyCode":"65000"}},{"type":"Feature","id":"107-板-42","geometry":{"type":"Point","coordinates":[121.45538821073,25.01127832192804]},"properties":{"name":"榕樹","code":"107-板-42","county":"新北市","scientific_name":"Ficus microcarpa","address":"板橋區西門街9號(國定古蹟林本源園邸月波水榭旁)","land_parcel":"府中段16980000","diameter_m":1.12,"girth_m":3.5100000000000002,"estimated_age":77,"status":"公告列管","countyCode":"65000"}},{"type":"Feature","id":"107-板-43","geometry":{"type":"Point","coordinates":[121.45477351556801,25.011162836568243]},"properties":{"name":"澀葉榕","code":"107-板-43","county":"新北市","scientific_name":"Ficus irisana Elm.","address":"板橋區西門街9號(國定古蹟林本源園邸榕蔭大池)","land_parcel":"府中段16980000","diameter_m":1.36,"girth_m":4.26,"estimated_age":89,"status":"公告列管","countyCode":"65000"}},{"type":"Feature","id":"107-板-44","geometry":{"type":"Point","coordinates":[121.45491235300904,25.011198524671478]},"properties":{"name":"榕樹","code":"107-板-44","county":"新北市","scientific_name":"Ficus microcarpa","address":"板橋區西門街9號(國定古蹟林本源園邸榕蔭大池)","land_parcel":"府中段16980000","diameter_m":1.079351657246,"girth_m":3.381198012539,"estimated_age":77,"status":"公告列管","countyCode":"65000"}},{"type":"Feature","id":"107-板-45","geometry":{"type":"Point","coordinates":[121.46794153881044,25.011392830312065]},"properties":{"name":"雀榕","code":"107-板-45","county":"新北市","scientific_name":"Ficus superba  var. japonica","address":"板橋區區運路77號(深丘福德宮旁)","land_parcel":"新板段三小段00420000","diameter_m":2.42,"girth_m":7.6000000000000005,"estimated_age":100,"status":"公告列管","countyCode":"65000"}},{"type":"Feature","id":"107-淡-32","geometry":{"type":"Point","coordinates":[121.43627918217568,25.174193526838852]},"properties":{"name":"山埔姜","code":"107-淡-32","county":"新北市","scientific_name":"Vitex quinata","address":"淡水區真理街15號(淡水古蹟博物館小白宮展示館右後方)","land_parcel":"紅毛城段08400000","diameter_m":0.65,"girth_m":2.05,"estimated_age":57,"status":"公告列管","countyCode":"65000"}},{"type":"Feature","id":"107-淡-33","geometry":{"type":"Point","coordinates":[121.43614106445627,25.17441060595044]},"properties":{"name":"朴子樹","code":"107-淡-33","county":"新北市","scientific_name":"Celtis sinensis","address":"淡水古蹟博物館 小白宮展示館右後方圍牆邊","land_parcel":"紅毛城段08400000","diameter_m":0.56,"girth_m":1.77,"estimated_age":57,"status":"公告列管","countyCode":"65000"}},{"type":"Feature","id":"107-淡-34","geometry":{"type":"Point","coordinates":[121.43646793113285,25.174265194382887]},"properties":{"name":"樟樹","code":"107-淡-34","county":"新北市","scientific_name":"Cinnamomum camphora","address":"淡水古蹟博物館 小白宮展示館左後方","land_parcel":"紅毛城段08400000","diameter_m":0.61,"girth_m":1.9000000000000001,"estimated_age":67,"status":"公告列管","countyCode":"65000"}},{"type":"Feature","id":"107-淡-35","geometry":{"type":"Point","coordinates":[121.43349365848786,25.174815615508436]},"properties":{"name":"相思樹","code":"107-淡-35","county":"新北市","scientific_name":"Acacia confusa","address":"淡水區中正路28巷1號(紅毛城簡報室右)簡報室前方步道","land_parcel":"紅毛城段10270000","diameter_m":0.54,"girth_m":1.7,"estimated_age":67,"status":"公告列管","countyCode":"65000"}},{"type":"Feature","id":"107-淡-36","geometry":{"type":"Point","coordinates":[121.43359280135462,25.174797269095453]},"properties":{"name":"樟樹","code":"107-淡-36","county":"新北市","scientific_name":"Cinnamomum camphora","address":"紅毛城簡報室右側走道右上坡(簡報室後方步道旁)","land_parcel":"紅毛城段10270000","diameter_m":0.48,"girth_m":1.5,"estimated_age":57,"status":"公告列管","countyCode":"65000"}},{"type":"Feature","id":"107-淡-37","geometry":{"type":"Point","coordinates":[121.43361257882358,25.17477915514837]},"properties":{"name":"烏桕","code":"107-淡-37","county":"新北市","scientific_name":"Sapium sebiferum","address":"紅毛城簡報室右側走道右上坡(簡報室後方 坡崁圍牆)","land_parcel":"紅毛城段10270000","diameter_m":0.89,"girth_m":2.8000000000000003,"estimated_age":57,"status":"公告列管","countyCode":"65000"}},{"type":"Feature","id":"107-淡-38","geometry":{"type":"Point","coordinates":[121.43348405709946,25.174905923668142]},"properties":{"name":"樟樹","code":"107-淡-38","county":"新北市","scientific_name":"Cinnamomum camphora","address":"紅毛城簡報室右側駁坎(簡報前方50m)","land_parcel":"紅毛城段10270000","diameter_m":0.86,"girth_m":2.7,"estimated_age":77,"status":"公告列管","countyCode":"65000"}},{"type":"Feature","id":"107-淡-39","geometry":{"type":"Point","coordinates":[121.4334941374279,25.17495103416404]},"properties":{"name":"樟樹","code":"107-淡-39","county":"新北市","scientific_name":"Cinnamomum camphora","address":"紅毛城簡報室右側走道右上坡(簡報室前方50m的右手坡崁)","land_parcel":"紅毛城段10270000","diameter_m":0.96,"girth_m":3,"estimated_age":77,"status":"公告列管","countyCode":"65000"}},{"type":"Feature","id":"107-淡-40","geometry":{"type":"Point","coordinates":[121.43357426935916,25.17516747153563]},"properties":{"name":"紅楠","code":"107-淡-40","county":"新北市","scientific_name":"Machilus thunbergii","address":"紅毛城領事官邸左前方","land_parcel":"紅毛城段10280000","diameter_m":0.64,"girth_m":2,"estimated_age":57,"status":"公告列管","countyCode":"65000"}},{"type":"Feature","id":"107-淡-41","geometry":{"type":"Point","coordinates":[121.42918405037354,25.17934217710037]},"properties":{"name":"苦楝","code":"107-淡-41","county":"新北市","scientific_name":"Melia azedarach","address":"淡水區中正路一段6巷34號(滬尾砲台房屋基地左側)","land_parcel":"天生段05540000","diameter_m":0.65,"girth_m":2.05,"estimated_age":57,"status":"公告列管","countyCode":"65000"}},{"type":"Feature","id":"107-淡-42","geometry":{"type":"Point","coordinates":[121.42914329127558,25.179035343232133]},"properties":{"name":"樟樹","code":"107-淡-42","county":"新北市","scientific_name":"Cinnamomum camphora","address":"滬尾砲台房屋基地右上方","land_parcel":"天生段05540000","diameter_m":0.72,"girth_m":2.25,"estimated_age":77,"status":"公告列管","countyCode":"65000"}},{"type":"Feature","id":"107-淡-43","geometry":{"type":"Point","coordinates":[121.4292823436982,25.17908007995517]},"properties":{"name":"朴子樹","code":"107-淡-43","county":"新北市","scientific_name":"Celtis sinensis","address":"滬尾砲台房屋基地正上方坡坎","land_parcel":"天生段05540000","diameter_m":0.7000000000000001,"girth_m":2.2,"estimated_age":57,"status":"公告列管","countyCode":"65000"}},{"type":"Feature","id":"107-淡-44","geometry":{"type":"Point","coordinates":[121.42972920135306,25.17919614708967]},"properties":{"name":"朴子樹","code":"107-淡-44","county":"新北市","scientific_name":"Celtis sinensis","address":"滬尾砲台房屋基地正上方坡坎","land_parcel":"天生段05540000","diameter_m":0.73,"girth_m":2.3000000000000003,"estimated_age":57,"status":"公告列管","countyCode":"65000"}},{"type":"Feature","id":"107-淡-45","geometry":{"type":"Point","coordinates":[121.42974023045973,25.179512095109963]},"properties":{"name":"苦楝","code":"107-淡-45","county":"新北市","scientific_name":"Melia azedarach","address":"滬尾砲台房屋基地正上方坡坎","land_parcel":"天生段05540000","diameter_m":0.67,"girth_m":2.1,"estimated_age":57,"status":"公告列管","countyCode":"65000"}},{"type":"Feature","id":"107-淡-46","geometry":{"type":"Point","coordinates":[121.4296812738991,25.17967477031912]},"properties":{"name":"苦楝","code":"107-淡-46","county":"新北市","scientific_name":"Melia azedarach","address":"滬尾砲台房屋基地左上方坡坎","land_parcel":"天生段05540000","diameter_m":0.6609999999999999,"girth_m":2.07659099,"estimated_age":67,"status":"公告列管","countyCode":"65000"}},{"type":"Feature","id":"107-淡-48","geometry":{"type":"Point","coordinates":[121.42924452533681,25.179612841752235]},"properties":{"name":"朴子樹","code":"107-淡-48","county":"新北市","scientific_name":"Celtis sinensis","address":"滬尾砲台房屋基地左上方坡坎","land_parcel":"天生段05540000","diameter_m":0.76,"girth_m":2.4,"estimated_age":67,"status":"公告列管","countyCode":"65000"}},{"type":"Feature","id":"107-淡-49","geometry":{"type":"Point","coordinates":[121.43618909342699,25.17396809228648]},"properties":{"name":"雞蛋花","code":"107-淡-49","county":"新北市","scientific_name":"Plumeriarubra","address":"淡水古蹟博物館 小白宮側門入口左側(側門旁)","land_parcel":"紅毛城段08400000","diameter_m":1.04,"girth_m":3.25,"estimated_age":107,"status":"公告列管","countyCode":"65000"}},{"type":"Feature","id":"107-淡-50","geometry":{"type":"Point","coordinates":[121.43609043343601,25.174121859050462]},"properties":{"name":"魯花樹","code":"107-淡-50","county":"新北市","scientific_name":"Scolopia oldhamii","address":"淡水古蹟博物館 小白宮側門入口右邊","land_parcel":"紅毛城段08400000","diameter_m":0.6950000000000001,"girth_m":2.18340505,"estimated_age":57,"status":"公告列管","countyCode":"65000"}},{"type":"Feature","id":"107-淡-51","geometry":{"type":"Point","coordinates":[121.42909435000702,25.179225073186995]},"properties":{"name":"朴子樹","code":"107-淡-51","county":"新北市","scientific_name":"Celtis sinensis","address":"滬尾砲台房屋基地右上方","land_parcel":"天生段05540000","diameter_m":1.1300000000000001,"girth_m":3.5500000000000003,"estimated_age":87,"status":"公告列管","countyCode":"65000"}},{"type":"Feature","id":"107-石-06","geometry":{"type":"Point","coordinates":[121.54548299391557,25.289198101134158]},"properties":{"name":"榕樹","code":"107-石-06","county":"新北市","scientific_name":"Ficus microcarpa","address":"石門區老梅路26號(新北市政府警察局金山分局老梅派出所內)","land_parcel":"老梅段大丘田小段 00190002","diameter_m":1.96,"girth_m":6.15,"estimated_age":null,"status":"公告列管","countyCode":"65000"}},{"type":"Feature","id":"107-石-07","geometry":{"type":"Point","coordinates":[121.54567153879393,25.289170320539288]},"properties":{"name":"榕樹","code":"107-石-07","county":"新北市","scientific_name":"Ficus microcarpa","address":"石門區老梅路26號(新北市政府警察局金山分局老梅派出所內)","land_parcel":"老梅段大丘田小段 00190002","diameter_m":1.72,"girth_m":5.4,"estimated_age":null,"status":"公告列管","countyCode":"65000"}},{"type":"Feature","id":"107-石-09","geometry":{"type":"Point","coordinates":[121.59119016919145,25.268646413177354]},"properties":{"name":"臺灣二葉松","code":"107-石-09","county":"新北市","scientific_name":"Pinus taiwanensis","address":"石門區茂林社區74號(石門區乾華國小籃球場圍牆邊)","land_parcel":"下角段坪林小段00480005","diameter_m":0.46,"girth_m":1.45,"estimated_age":56,"status":"公告列管","countyCode":"65000"}},{"type":"Feature","id":"107-石-10","geometry":{"type":"Point","coordinates":[121.59194811563691,25.269347539795145]},"properties":{"name":"臺灣二葉松","code":"107-石-10","county":"新北市","scientific_name":"Pinus taiwanensis","address":"石門區茂林社區74號(石門區乾華國小沙坑區旁盪鞦韆對面)","land_parcel":"下角段坪林小段00480005","diameter_m":0.46,"girth_m":1.45,"estimated_age":57,"status":"公告列管","countyCode":"65000"}},{"type":"Feature","id":"107-石-11","geometry":{"type":"Point","coordinates":[121.59254790016001,25.268144442981257]},"properties":{"name":"臺灣二葉松","code":"107-石-11","county":"新北市","scientific_name":"Pinus taiwanensis","address":"石門區茂林社區74號(石門區乾華國小 茶園旁)","land_parcel":"下角段坪林小段01150004","diameter_m":0.53,"girth_m":1.6500000000000001,"estimated_age":57,"status":"公告列管","countyCode":"65000"}},{"type":"Feature","id":"107-石-12","geometry":{"type":"Point","coordinates":[121.54450930963964,25.28907530946934]},"properties":{"name":"苦楝","code":"107-石-12","county":"新北市","scientific_name":"Melia azedarach","address":"石門區老梅路10號(石門區老梅國小溜滑梯旁)","land_parcel":"老梅段公地小段4-137","diameter_m":0.67,"girth_m":2.1,"estimated_age":57,"status":"公告列管","countyCode":"65000"}},{"type":"Feature","id":"107-石-13","geometry":{"type":"Point","coordinates":[121.59264071520589,25.268857262339104]},"properties":{"name":"榕樹","code":"107-石-13","county":"新北市","scientific_name":"Ficus microcarpa","address":"石門區茂林社區74號(石門區乾華國小的停車場區旁有一排榕樹，是中間第3棵)","land_parcel":"下角段坪林小段01150004","diameter_m":0.927,"girth_m":2.91225393,"estimated_age":57,"status":"公告列管","countyCode":"65000"}},{"type":"Feature","id":"107-石-14","geometry":{"type":"Point","coordinates":[121.5925980223118,25.26824354698483]},"properties":{"name":"榕樹","code":"107-石-14","county":"新北市","scientific_name":"Ficus microcarpa","address":"石門區茂林社區74號(石門區乾華國小木平台旁)","land_parcel":"下角段坪林小段01150004","diameter_m":1.4480000000000002,"girth_m":4.549022320000001,"estimated_age":57,"status":"公告列管","countyCode":"65000"}},{"type":"Feature","id":"107-石-15","geometry":{"type":"Point","coordinates":[121.59256779998796,25.268153390843665]},"properties":{"name":"榕樹","code":"107-石-15","county":"新北市","scientific_name":"Ficus microcarpa","address":"石門區茂林社區74號(石門區乾華國小木平台旁)","land_parcel":"下角段坪林小段01150004","diameter_m":0.86,"girth_m":2.7,"estimated_age":57,"status":"公告列管","countyCode":"65000"}},{"type":"Feature","id":"107-石-16","geometry":{"type":"Point","coordinates":[121.59262758715846,25.268198289556178]},"properties":{"name":"榕樹","code":"107-石-16","county":"新北市","scientific_name":"Ficus microcarpa","address":"石門區茂林社區74號(石門區乾華國小木平台旁)","land_parcel":"下角段坪林小段01150004","diameter_m":0.9520000000000001,"girth_m":2.99079368,"estimated_age":57,"status":"公告列管","countyCode":"65000"}},{"type":"Feature","id":"107-石-17","geometry":{"type":"Point","coordinates":[121.59277812950968,25.268531711700334]},"properties":{"name":"榕樹","code":"107-石-17","county":"新北市","scientific_name":"Ficus microcarpa","address":"石門區茂林社區74號(石門區乾華國小茂林社區74之4號後面斜坡)","land_parcel":"下角段坪林小段01150004","diameter_m":0.6020000000000001,"girth_m":1.89123718,"estimated_age":57,"status":"公告列管","countyCode":"65000"}},{"type":"Feature","id":"107-石-18","geometry":{"type":"Point","coordinates":[121.5927679384054,25.26847758614813]},"properties":{"name":"榕樹","code":"107-石-18","county":"新北市","scientific_name":"Ficus microcarpa","address":"石門區茂林社區74號(石門區乾華國小茂林社區74之4號旁)","land_parcel":"下角段坪林小段01150004","diameter_m":0.758,"girth_m":2.38132522,"estimated_age":57,"status":"公告列管","countyCode":"65000"}},{"type":"Feature","id":"107-石-19","geometry":{"type":"Point","coordinates":[121.59309499293211,25.268358911702272]},"properties":{"name":"榕樹","code":"107-石-19","county":"新北市","scientific_name":"Ficus microcarpa","address":"石門區茂林社區74號(石門區乾華國小茂林社區74之5後方)","land_parcel":"下角段坪林小段01150004","diameter_m":0.778,"girth_m":2.44415702,"estimated_age":57,"status":"公告列管","countyCode":"65000"}},{"type":"Feature","id":"107-石-21","geometry":{"type":"Point","coordinates":[121.59304583538162,25.268458414416802]},"properties":{"name":"榕樹","code":"107-石-21","county":"新北市","scientific_name":"Ficus microcarpa","address":"石門區茂林社區74號(石門區乾華國小茂林社區74之4號斜後方)","land_parcel":"下角段坪林小段01150004","diameter_m":0.826,"girth_m":2.59495334,"estimated_age":57,"status":"公告列管","countyCode":"65000"}},{"type":"Feature","id":"107-石-23","geometry":{"type":"Point","coordinates":[121.54511438077826,25.288928630594196]},"properties":{"name":"榕樹","code":"107-石-23","county":"新北市","scientific_name":"Ficus microcarpa","address":"石門區老梅路10號(石門區老梅國小校門左手邊角落)","land_parcel":"老梅段公地小段7","diameter_m":2.18,"girth_m":6.8500000000000005,"estimated_age":57,"status":"公告列管","countyCode":"65000"}},{"type":"Feature","id":"107-石-24","geometry":{"type":"Point","coordinates":[121.54509331054044,25.288657875364855]},"properties":{"name":"榕樹","code":"107-石-24","county":"新北市","scientific_name":"Ficus microcarpa","address":"石門區老梅路10號(石門區老梅國小樂梅廣場內)","land_parcel":"老梅段公地小段7","diameter_m":1.234,"girth_m":3.87672206,"estimated_age":57,"status":"公告列管","countyCode":"65000"}},{"type":"Feature","id":"107-石-25","geometry":{"type":"Point","coordinates":[121.54471779479928,25.289065512030582]},"properties":{"name":"榕樹","code":"107-石-25","county":"新北市","scientific_name":"Ficus microcarpa","address":"石門區老梅路10號(石門區老梅國小幼稚園旁)","land_parcel":"老梅段公地小段4-137","diameter_m":0.61,"girth_m":1.9000000000000001,"estimated_age":57,"status":"公告列管","countyCode":"65000"}},{"type":"Feature","id":"107-芝-06","geometry":{"type":"Point","coordinates":[121.50129366204813,25.20430340286614]},"properties":{"name":"榕樹","code":"107-芝-06","county":"新北市","scientific_name":"Ficus microcarpa","address":"三芝區興華里1鄰田心子5號(三芝區興華國小生態池旁)","land_parcel":"田心段434","diameter_m":1.02,"girth_m":3.2,"estimated_age":70,"status":"公告列管","countyCode":"65000"}},{"type":"Feature","id":"107-芝-07","geometry":{"type":"Point","coordinates":[121.50130380685289,25.20435753595022]},"properties":{"name":"榕樹","code":"107-芝-07","county":"新北市","scientific_name":"Ficus microcarpa","address":"三芝區興華里1鄰田心子5號(三芝區興華國小生態池旁)","land_parcel":"田心段394","diameter_m":0.7000000000000001,"girth_m":2.2,"estimated_age":70,"status":"公告列管","countyCode":"65000"}},{"type":"Feature","id":"107-芝-08","geometry":{"type":"Point","coordinates":[121.50114430009376,25.204177518323704]},"properties":{"name":"榕樹","code":"107-芝-08","county":"新北市","scientific_name":"Ficus microcarpa","address":"三芝區興華里1鄰田心子5號(三芝區興華國小興華綠拇指園地)","land_parcel":"田心段434","diameter_m":0.74,"girth_m":2.32,"estimated_age":70,"status":"公告列管","countyCode":"65000"}},{"type":"Feature","id":"107-芝-09","geometry":{"type":"Point","coordinates":[121.50115418608839,25.204168456909358]},"properties":{"name":"榕樹","code":"107-芝-09","county":"新北市","scientific_name":"Ficus microcarpa","address":"三芝區興華里1鄰田心子5號(三芝區興華國小山櫻花鄰旁)","land_parcel":"田心段434","diameter_m":1.07,"girth_m":3.35,"estimated_age":70,"status":"公告列管","countyCode":"65000"}},{"type":"Feature","id":"107-芝-10","geometry":{"type":"Point","coordinates":[121.5011442631327,25.204168490536397]},"properties":{"name":"榕樹","code":"107-芝-10","county":"新北市","scientific_name":"Ficus microcarpa","address":"三芝區興華里1鄰田心子5號(三芝區興華國小山櫻花鄰旁)","land_parcel":"田心段434","diameter_m":1.9100000000000001,"girth_m":6,"estimated_age":70,"status":"公告列管","countyCode":"65000"}},{"type":"Feature","id":"107-芝-11","geometry":{"type":"Point","coordinates":[121.50093787615118,25.204656697064316]},"properties":{"name":"榕樹","code":"107-芝-11","county":"新北市","scientific_name":"Ficus microcarpa","address":"三芝區興華里田心子5-1號(三芝區北新莊營區車道哨後方)","land_parcel":"田心段424","diameter_m":3.18,"girth_m":10,"estimated_age":70,"status":"公告列管","countyCode":"65000"}},{"type":"Feature","id":"107-芝-12","geometry":{"type":"Point","coordinates":[121.50084616812528,25.204070193372488]},"properties":{"name":"榕樹","code":"107-芝-12","county":"新北市","scientific_name":"Ficus microcarpa","address":"三芝區興華里田心子5-1號(三芝區北新莊營區 籃球場旁)","land_parcel":"田心段448","diameter_m":2.04,"girth_m":6.4,"estimated_age":70,"status":"公告列管","countyCode":"65000"}},{"type":"Feature","id":"107-芝-13","geometry":{"type":"Point","coordinates":[121.50086582932008,25.204024987218805]},"properties":{"name":"榕樹","code":"107-芝-13","county":"新北市","scientific_name":"Ficus microcarpa","address":"三芝區興華里田心子5-1號(三芝區北新莊營區 籃球場旁)","land_parcel":"田心段448","diameter_m":2.71,"girth_m":8.5,"estimated_age":70,"status":"公告列管","countyCode":"65000"}},{"type":"Feature","id":"107-芝-14","geometry":{"type":"Point","coordinates":[121.50088549050062,25.203979781062454]},"properties":{"name":"榕樹","code":"107-芝-14","county":"新北市","scientific_name":"Ficus microcarpa","address":"三芝區興華里田心子5-1號(三芝區北新莊營區 籃球場與連營大樓間)","land_parcel":"田心段448","diameter_m":2.0100000000000002,"girth_m":6.3,"estimated_age":70,"status":"公告列管","countyCode":"65000"}},{"type":"Feature","id":"107-芝-15","geometry":{"type":"Point","coordinates":[121.5009152593229,25.203979680232127]},"properties":{"name":"榕樹","code":"107-芝-15","county":"新北市","scientific_name":"Ficus microcarpa","address":"三芝區興華里田心子5-1號(三芝區北新莊營區 連營大樓旁)","land_parcel":"田心段448","diameter_m":1.53,"girth_m":4.8,"estimated_age":70,"status":"公告列管","countyCode":"65000"}},{"type":"Feature","id":"107-芝-16","geometry":{"type":"Point","coordinates":[121.50094473257738,25.20390735709295]},"properties":{"name":"榕樹","code":"107-芝-16","county":"新北市","scientific_name":"Ficus microcarpa","address":"三芝區興華里田心子5-1號(三芝區北新莊營區 連營大樓旁)","land_parcel":"田心段448","diameter_m":1.21,"girth_m":3.8000000000000003,"estimated_age":70,"status":"公告列管","countyCode":"65000"}},{"type":"Feature","id":"107-芝-17","geometry":{"type":"Point","coordinates":[121.50098409177801,25.203825972544596]},"properties":{"name":"榕樹","code":"107-芝-17","county":"新北市","scientific_name":"Ficus microcarpa","address":"三芝區興華里田心子5-1號(三芝區北新莊營區 連營大樓旁)","land_parcel":"田心段448","diameter_m":1.46,"girth_m":4.6000000000000005,"estimated_age":70,"status":"公告列管","countyCode":"65000"}},{"type":"Feature","id":"107-芝-18","geometry":{"type":"Point","coordinates":[121.50104362934668,25.203825770839405]},"properties":{"name":"榕樹","code":"107-芝-18","county":"新北市","scientific_name":"Ficus microcarpa","address":"三芝區興華里田心子5-1號(三芝區北新莊營區 連營大樓旁)","land_parcel":"田心段448","diameter_m":2.32,"girth_m":7.3,"estimated_age":70,"status":"公告列管","countyCode":"65000"}},{"type":"Feature","id":"107-芝-19","geometry":{"type":"Point","coordinates":[121.50107321335483,25.203780531038575]},"properties":{"name":"榕樹","code":"107-芝-19","county":"新北市","scientific_name":"Ficus microcarpa","address":"三芝區興華里田心子5-1號(三芝區北新莊營區 連營大樓旁)","land_parcel":"田心段448","diameter_m":2.0100000000000002,"girth_m":6.3,"estimated_age":70,"status":"公告列管","countyCode":"65000"}},{"type":"Feature","id":"107-芝-20","geometry":{"type":"Point","coordinates":[121.5011816262613,25.203599605405504]},"properties":{"name":"榕樹","code":"107-芝-20","county":"新北市","scientific_name":"Ficus microcarpa","address":"三芝區興華里田心子5-1號(三芝區北新莊營區 連營大樓旁)","land_parcel":"田心段448","diameter_m":2.48,"girth_m":7.8,"estimated_age":70,"status":"公告列管","countyCode":"65000"}},{"type":"Feature","id":"107-芝-21","geometry":{"type":"Point","coordinates":[121.50140907660638,25.203409248231004]},"properties":{"name":"榕樹","code":"107-芝-21","county":"新北市","scientific_name":"Ficus microcarpa","address":"三芝區興華里田心子5-1號(三芝區北新莊營區 電線桿旁連營後大樓後方)","land_parcel":"田心段394","diameter_m":2.36,"girth_m":7.4,"estimated_age":70,"status":"公告列管","countyCode":"65000"}},{"type":"Feature","id":"107-芝-22","geometry":{"type":"Point","coordinates":[121.50106066671222,25.203139591691553]},"properties":{"name":"榕樹","code":"107-芝-22","county":"新北市","scientific_name":"Ficus microcarpa","address":"三芝區興華里田心子5-1號(三芝區北新莊營區 連營大樓後方)","land_parcel":"田心段448","diameter_m":1.9100000000000001,"girth_m":6,"estimated_age":70,"status":"公告列管","countyCode":"65000"}},{"type":"Feature","id":"107-芝-24","geometry":{"type":"Point","coordinates":[121.50110069080709,25.2032207073041]},"properties":{"name":"榕樹","code":"107-芝-24","county":"新北市","scientific_name":"Ficus microcarpa","address":"三芝區興華里田心子5-1號(三芝區北新莊營區 連營大樓後方)","land_parcel":"田心段448","diameter_m":1.08,"girth_m":3.4,"estimated_age":70,"status":"公告列管","countyCode":"65000"}},{"type":"Feature","id":"107-芝-26","geometry":{"type":"Point","coordinates":[121.50121002729583,25.20326547635687]},"properties":{"name":"榕樹","code":"107-芝-26","county":"新北市","scientific_name":"Ficus microcarpa","address":"三芝區興華里田心子5-1號(三芝區北新莊營區連營大樓後方)","land_parcel":"北新庄子段田心子小段00090000","diameter_m":1.335,"girth_m":4.19402265,"estimated_age":70,"status":"公告列管","countyCode":"65000"}},{"type":"Feature","id":"107-芝-27","geometry":{"type":"Point","coordinates":[121.50077382670852,25.20336626110979]},"properties":{"name":"榕樹","code":"107-芝-27","county":"新北市","scientific_name":"Ficus microcarpa","address":"三芝區興華里田心子5-1號(三芝區北新莊營區訓練場地)","land_parcel":"北新庄子段田心子小段00050002","diameter_m":1.1500000000000001,"girth_m":3.6,"estimated_age":70,"status":"公告列管","countyCode":"65000"}},{"type":"Feature","id":"107-芝-28","geometry":{"type":"Point","coordinates":[121.50159827682356,25.259209928336773]},"properties":{"name":"榕樹","code":"107-芝-28","county":"新北市","scientific_name":"Ficus microcarpa","address":"三芝區淡金路一段38號(三芝區三芝國中機車停車場)","land_parcel":"埔頭段641","diameter_m":1.53,"girth_m":4.8,"estimated_age":60,"status":"公告列管","countyCode":"65000"}},{"type":"Feature","id":"107-芝-29","geometry":{"type":"Point","coordinates":[121.50158790436974,25.259101629427864]},"properties":{"name":"榕樹","code":"107-芝-29","county":"新北市","scientific_name":"Ficus microcarpa","address":"三芝區淡金路一段38號(三芝區三芝國中電箱旁)","land_parcel":"埔頭段636","diameter_m":1.9100000000000001,"girth_m":6,"estimated_age":60,"status":"公告列管","countyCode":"65000"}},{"type":"Feature","id":"107-芝-30","geometry":{"type":"Point","coordinates":[121.50184980193181,25.260021579661515]},"properties":{"name":"榕樹","code":"107-芝-30","county":"新北市","scientific_name":"Ficus microcarpa","address":"三芝區淡金路一段38號(三芝區三芝國中至善樓與操場間)","land_parcel":"埔頭段640","diameter_m":1.451,"girth_m":4.5584470900000005,"estimated_age":60,"status":"公告列管","countyCode":"65000"}},{"type":"Feature","id":"107-芝-31","geometry":{"type":"Point","coordinates":[121.50169248301071,25.26039225591398]},"properties":{"name":"榕樹","code":"107-芝-31","county":"新北市","scientific_name":"Ficus microcarpa","address":"三芝區淡金路一段38號(三芝區三芝國中操場旁)","land_parcel":"埔頭段714","diameter_m":1.97,"girth_m":6.2,"estimated_age":60,"status":"公告列管","countyCode":"65000"}},{"type":"Feature","id":"107-芝-32","geometry":{"type":"Point","coordinates":[121.50060104800242,25.260540406058972]},"properties":{"name":"榕樹","code":"107-芝-32","county":"新北市","scientific_name":"Ficus microcarpa","address":"三芝區淡金路一段38號(三芝區三芝國中樸心園活動中心旁)","land_parcel":"埔頭段636","diameter_m":1.1500000000000001,"girth_m":3.6,"estimated_age":50,"status":"公告列管","countyCode":"65000"}},{"type":"Feature","id":"107-芝-33","geometry":{"type":"Point","coordinates":[121.50064075813496,25.26054027141281]},"properties":{"name":"榕樹","code":"107-芝-33","county":"新北市","scientific_name":"Ficus microcarpa","address":"三芝區淡金路一段38號(三芝區三芝國中樸心園活動中心旁)","land_parcel":"埔頭段636","diameter_m":0.9359999999999999,"girth_m":2.94052824,"estimated_age":50,"status":"公告列管","countyCode":"65000"}},{"type":"Feature","id":"107-芝-34","geometry":{"type":"Point","coordinates":[121.47304524649105,25.25374299841457]},"properties":{"name":"榕樹","code":"107-芝-34","county":"新北市","scientific_name":"Ficus microcarpa","address":"三芝區後厝村北勢子41-7號(三芝區芝蘭公園後厝市民活動中心旁)","land_parcel":"後厝段北勢子小段01140037","diameter_m":3.44,"girth_m":10.8,"estimated_age":70,"status":"公告列管","countyCode":"65000"}},{"type":"Feature","id":"107-芝-35","geometry":{"type":"Point","coordinates":[121.5012424575819,25.203915376190988]},"properties":{"name":"烏桕","code":"107-芝-35","county":"新北市","scientific_name":"Sapium sebiferum","address":"三芝區興華里1鄰田心子5號(三芝區興華國小操場籃球場旁)","land_parcel":"田心段394","diameter_m":0.8300000000000001,"girth_m":2.61,"estimated_age":97,"status":"公告列管","countyCode":"65000"}},{"type":"Feature","id":"107-芝-36","geometry":{"type":"Point","coordinates":[121.50168854563164,25.203805528589594]},"properties":{"name":"樟樹","code":"107-芝-36","county":"新北市","scientific_name":"Cinnamomum camphora","address":"三芝區興華里1鄰田心子5號(三芝區興華國小校長室外)","land_parcel":"田心段394","diameter_m":1.27,"girth_m":4,"estimated_age":107,"status":"公告列管","countyCode":"65000"}},{"type":"Feature","id":"107-八-14","geometry":{"type":"Point","coordinates":[121.44708199897778,25.144025784755016]},"properties":{"name":"榕樹","code":"107-八-14","county":"新北市","scientific_name":"Ficus microcarpa","address":"八里區龍米路二段125巷對面(聖心別墅公車站後方30公尺處)","land_parcel":"大八里坌段渡船頭小段 06750008","diameter_m":0.746,"girth_m":2.34362614,"estimated_age":50,"status":"公告列管","countyCode":"65000"}},{"type":"Feature","id":"107-八-15","geometry":{"type":"Point","coordinates":[121.44705286924018,25.144197405246178]},"properties":{"name":"榕樹","code":"107-八-15","county":"新北市","scientific_name":"Ficus microcarpa","address":"八里區龍米路二段125巷對面(聖心別墅公車站 腳踏車步道旁)","land_parcel":"大八里坌段渡船頭小段 06750008","diameter_m":1.014,"girth_m":3.1855722600000003,"estimated_age":50,"status":"公告列管","countyCode":"65000"}},{"type":"Feature","id":"107-八-16","geometry":{"type":"Point","coordinates":[121.44708262377948,25.144197315450864]},"properties":{"name":"榕樹","code":"107-八-16","county":"新北市","scientific_name":"Ficus microcarpa","address":"八里區龍米路二段125巷對面(聖心別墅公車站 腳踏車步道旁)","land_parcel":"大八里坌段渡船頭小段 06750008","diameter_m":1.53,"girth_m":4.8,"estimated_age":50,"status":"公告列管","countyCode":"65000"}},{"type":"Feature","id":"107-八-17","geometry":{"type":"Point","coordinates":[121.44705326382847,25.14430574042089]},"properties":{"name":"榕樹","code":"107-八-17","county":"新北市","scientific_name":"Ficus microcarpa","address":"八里區龍米路二段125巷對面 (聖心別墅公車站後)","land_parcel":"大八里坌段渡船頭小段 06800002","diameter_m":1.18,"girth_m":3.7,"estimated_age":50,"status":"公告列管","countyCode":"65000"}},{"type":"Feature","id":"107-八-18","geometry":{"type":"Point","coordinates":[121.44558328693918,25.146467868423528]},"properties":{"name":"榕樹","code":"107-八-18","county":"新北市","scientific_name":"Ficus microcarpa","address":"八里區龍米路二段129巷1號(八里區米倉國小操場邊左側)","land_parcel":"龍米段381","diameter_m":2.71,"girth_m":8.5,"estimated_age":95,"status":"公告列管","countyCode":"65000"}},{"type":"Feature","id":"107-八-19","geometry":{"type":"Point","coordinates":[121.44558309027421,25.146413700841308]},"properties":{"name":"榕樹","code":"107-八-19","county":"新北市","scientific_name":"Ficus microcarpa","address":"八里區龍米路二段129巷1號(八里區米倉國小 操場邊右側)","land_parcel":"龍米段381","diameter_m":2.48,"girth_m":7.8,"estimated_age":95,"status":"公告列管","countyCode":"65000"}},{"type":"Feature","id":"107-八-20","geometry":{"type":"Point","coordinates":[121.44564250209386,25.146386438029378]},"properties":{"name":"榕樹","code":"107-八-20","county":"新北市","scientific_name":"Ficus microcarpa","address":"八里區龍米路二段129巷1號(八里區米倉國小沙坑旁)","land_parcel":"龍米段381","diameter_m":1.828,"girth_m":5.74282652,"estimated_age":95,"status":"公告列管","countyCode":"65000"}},{"type":"Feature","id":"107-八-21","geometry":{"type":"Point","coordinates":[121.42505672301562,25.162137663949334]},"properties":{"name":"榕樹","code":"107-八-21","county":"新北市","scientific_name":"Ficus microcarpa","address":"八里區觀海大道與忠四街交叉口 (水興宮左側)","land_parcel":"大崁段 02030000","diameter_m":2.3000000000000003,"girth_m":7.23,"estimated_age":20,"status":"公告列管","countyCode":"65000"}},{"type":"Feature","id":"107-八-23","geometry":{"type":"Point","coordinates":[121.39074617733196,25.12536153712407]},"properties":{"name":"桉樹","code":"107-八-23","county":"新北市","scientific_name":"Eucalyptus sp.","address":"八里區中華路三段236號(八里區長坑國小 總務處前遮雨棚旁)","land_parcel":"楓林段1986","diameter_m":0.5700000000000001,"girth_m":1.8,"estimated_age":57,"status":"公告列管","countyCode":"65000"}},{"type":"Feature","id":"107-八-24","geometry":{"type":"Point","coordinates":[121.40300177881356,25.149054495482446]},"properties":{"name":"木麻黃","code":"107-八-24","county":"新北市","scientific_name":"Casuarina equisetifolia","address":"八里區中山路二段338號(八里服務站公車站牌旁)","land_parcel":"中山段1020","diameter_m":0.91,"girth_m":2.86,"estimated_age":70,"status":"公告列管","countyCode":"65000"}},{"type":"Feature","id":"107-八-25","geometry":{"type":"Point","coordinates":[121.40798800963313,25.160118259386728]},"properties":{"name":"龍眼","code":"107-八-25","county":"新北市","scientific_name":"Euphoria longana","address":"八里區頂罟村博物館路 90 號( 八里汙水處理廠內)","land_parcel":"頂罟段 00010006","diameter_m":0.48,"girth_m":1.5,"estimated_age":21,"status":"公告列管","countyCode":"65000"}},{"type":"Feature","id":"107-八-26","geometry":{"type":"Point","coordinates":[121.4039169671212,25.149864527725455]},"properties":{"name":"榕樹","code":"107-八-26","county":"新北市","scientific_name":"Ficus microcarpa","address":"八里區中山路二段338號(八里區八里國小 靠近校門口鐵門 籃球場邊)","land_parcel":"中山段952","diameter_m":1.08,"girth_m":3.4,"estimated_age":70,"status":"公告列管","countyCode":"65000"}},{"type":"Feature","id":"107-八-27","geometry":{"type":"Point","coordinates":[121.40374796316894,25.149747623774406]},"properties":{"name":"榕樹","code":"107-八-27","county":"新北市","scientific_name":"Ficus microcarpa","address":"八里區中山路二段338號(八里區八里國小 籃球場邊)","land_parcel":"中山段955","diameter_m":0.904,"girth_m":2.83999736,"estimated_age":70,"status":"公告列管","countyCode":"65000"}},{"type":"Feature","id":"107-八-28","geometry":{"type":"Point","coordinates":[121.40286336258345,25.149190292884516]},"properties":{"name":"榕樹","code":"107-八-28","county":"新北市","scientific_name":"Ficus microcarpa","address":"八里區中山路二段338號(八里區八里國小 快樂二班前)","land_parcel":"中山段956","diameter_m":1.206,"girth_m":3.7887575399999998,"estimated_age":90,"status":"公告列管","countyCode":"65000"}},{"type":"Feature","id":"107-八-29","geometry":{"type":"Point","coordinates":[121.40349946170633,25.149585795929113]},"properties":{"name":"榕樹","code":"107-八-29","county":"新北市","scientific_name":"Ficus microcarpa","address":"八里區中山路二段338號(八里區八里國小 籃球場邊)","land_parcel":"中山段956","diameter_m":1.18,"girth_m":3.7,"estimated_age":70,"status":"公告列管","countyCode":"65000"}},{"type":"Feature","id":"107-八-30","geometry":{"type":"Point","coordinates":[121.40391750203236,25.150027031275265]},"properties":{"name":"榕樹","code":"107-八-30","county":"新北市","scientific_name":"Ficus microcarpa","address":"八里區中山路二段338號(八里區八里國小 至善樓前停車場內)","land_parcel":"中山段952","diameter_m":1.08,"girth_m":3.4,"estimated_age":70,"status":"公告列管","countyCode":"65000"}},{"type":"Feature","id":"107-八-31","geometry":{"type":"Point","coordinates":[121.40358062231054,25.150136286249424]},"properties":{"name":"榕樹","code":"107-八-31","county":"新北市","scientific_name":"Ficus microcarpa","address":"八里區中山路二段338號(八里區八里國小 遊戲區的看台下方)","land_parcel":"中山段952","diameter_m":1.395,"girth_m":4.38251805,"estimated_age":70,"status":"公告列管","countyCode":"65000"}},{"type":"Feature","id":"107-八-35","geometry":{"type":"Point","coordinates":[121.40333401945269,25.150552248555133]},"properties":{"name":"榕樹","code":"107-八-35","county":"新北市","scientific_name":"Ficus microcarpa","address":"八里區中山路二段338號(八里國小內，兒童遊戲區前面第1棵)","land_parcel":"中山段951","diameter_m":1.8880000000000001,"girth_m":5.93132192,"estimated_age":70,"status":"公告列管","countyCode":"65000"}},{"type":"Feature","id":"107-莊-29","geometry":{"type":"Point","coordinates":[121.42158778705685,25.021236783892455]},"properties":{"name":"榕樹","code":"107-莊-29","county":"新北市","scientific_name":"Ficus microcarpa","address":"新莊區四維路186巷2號(新莊區四維公園內)","land_parcel":"四維段05870000","diameter_m":0.96,"girth_m":3,"estimated_age":37,"status":"公告列管","countyCode":"65000"}},{"type":"Feature","id":"107-莊-30","geometry":{"type":"Point","coordinates":[121.41647662015957,25.0217026000107]},"properties":{"name":"榕樹","code":"107-莊-30","county":"新北市","scientific_name":"Ficus microcarpa","address":"新莊區龍安路72號(新莊區龍鳳公園，白色造型涼亭旁)","land_parcel":"龍鳳段06490000","diameter_m":1,"girth_m":3.15,"estimated_age":37,"status":"公告列管","countyCode":"65000"}},{"type":"Feature","id":"107-莊-31","geometry":{"type":"Point","coordinates":[121.41663466622552,25.021557705946076]},"properties":{"name":"榕樹","code":"107-莊-31","county":"新北市","scientific_name":"Ficus microcarpa","address":"新莊區龍安路72號\n(龍鳳公園入口處正中央，正對丹鳳高中)","land_parcel":"龍鳳段05440000","diameter_m":1.02,"girth_m":3.2,"estimated_age":37,"status":"公告列管","countyCode":"65000"}},{"type":"Feature","id":"107-莊-32","geometry":{"type":"Point","coordinates":[121.45640388114036,25.036770755597534]},"properties":{"name":"茄苳","code":"107-莊-32","county":"新北市","scientific_name":"Bischofia javanica","address":"新莊區中正路86號，新莊國小，正對校門口右手邊花台內。","land_parcel":"恒安段06100000","diameter_m":0.89,"girth_m":2.8000000000000003,"estimated_age":57,"status":"公告列管","countyCode":"65000"}},{"type":"Feature","id":"107-莊-33","geometry":{"type":"Point","coordinates":[121.45567581388214,25.038190409899823]},"properties":{"name":"榕樹","code":"107-莊-33","county":"新北市","scientific_name":"Ficus microcarpa","address":"新莊區中正路86號(新莊國小內操場遊戲區旁)","land_parcel":"恒安段06140000","diameter_m":0.857029754443,"girth_m":2.690724809415,"estimated_age":57,"status":"公告列管","countyCode":"65000"}},{"type":"Feature","id":"107-重-02","geometry":{"type":"Point","coordinates":[121.48808338881625,25.056414567857903]},"properties":{"name":"白千層","code":"107-重-02","county":"新北市","scientific_name":"Melaleuca leucadendra","address":"三重區集美街10號                   (三重區集美國小警衛室右側)","land_parcel":"重新段壹小段00010006","diameter_m":1.42,"girth_m":4.45,"estimated_age":100,"status":"公告列管","countyCode":"65000"}},{"type":"Feature","id":"107-重-03","geometry":{"type":"Point","coordinates":[121.48802460185634,25.056586294991607]},"properties":{"name":"印度橡膠樹","code":"107-重-03","county":"新北市","scientific_name":"Ficus elastica","address":"三重區集美街10號                   (三重區集美國小大門旁)","land_parcel":"重新段壹小段00010006","diameter_m":1.226743657004,"girth_m":3.8365870249480003,"estimated_age":100,"status":"公告列管","countyCode":"65000"}},{"type":"Feature","id":"107-重-04","geometry":{"type":"Point","coordinates":[121.49416223038607,25.084408599740854]},"properties":{"name":"榕樹","code":"107-重-04","county":"新北市","scientific_name":"Ficus microcarpa","address":"三重區五華街75巷17號              (三重區五華公園石碑旁)","land_parcel":"仁義段03730000","diameter_m":0.6900000000000001,"girth_m":2.18,"estimated_age":26,"status":"公告列管","countyCode":"65000"}},{"type":"Feature","id":"107-重-07","geometry":{"type":"Point","coordinates":[121.48844841278681,25.090972863654482]},"properties":{"name":"榕樹","code":"107-重-07","county":"新北市","scientific_name":"Ficus microcarpa","address":"三重區集賢路160號(三重區集資環保公園溪美大排旁)","land_parcel":"富貴段03500000","diameter_m":1.23,"girth_m":3.87,"estimated_age":80,"status":"公告列管","countyCode":"65000"}},{"type":"Feature","id":"107-重-09","geometry":{"type":"Point","coordinates":[121.4961342086248,25.064531229441325]},"properties":{"name":"榕樹","code":"107-重-09","county":"新北市","scientific_name":"Ficus microcarpa","address":"三重區信義西街31號                  (三重區正義國小 大門外右側)","land_parcel":"正民段01180000","diameter_m":0.8,"girth_m":2.52,"estimated_age":61,"status":"公告列管","countyCode":"65000"}},{"type":"Feature","id":"107-蘆-13","geometry":{"type":"Point","coordinates":[121.46883113281565,25.086413772621302]},"properties":{"name":"榕樹","code":"107-蘆-13","county":"新北市","scientific_name":"Ficus microcarpa","address":"蘆洲區中正路172號(國立空中大學南院前段正中央)","land_parcel":"保佑段 05950000","diameter_m":2.21,"girth_m":6.9429139,"estimated_age":65,"status":"公告列管","countyCode":"65000"}},{"type":"Feature","id":"107-蘆-14","geometry":{"type":"Point","coordinates":[121.46878166854819,25.08644101314351]},"properties":{"name":"榕樹","code":"107-蘆-14","county":"新北市","scientific_name":"Ficus microcarpa","address":"蘆洲區中正路172號(國立空中大學南院前段)","land_parcel":"保佑段 05950000","diameter_m":1.136,"girth_m":3.5688462399999996,"estimated_age":40,"status":"公告列管","countyCode":"65000"}},{"type":"Feature","id":"107-蘆-16","geometry":{"type":"Point","coordinates":[121.46821989715912,25.087309482748356]},"properties":{"name":"楓香","code":"107-蘆-16","county":"新北市","scientific_name":"Liquidambar formosana","address":"蘆洲區中正路172號(國立空中大學大門前庭)","land_parcel":"保佑段 05920000","diameter_m":1.081,"girth_m":3.39605879,"estimated_age":50,"status":"公告列管","countyCode":"65000"}},{"type":"Feature","id":"107-蘆-17","geometry":{"type":"Point","coordinates":[121.4713630721577,25.08486194941847]},"properties":{"name":"榕樹","code":"107-蘆-17","county":"新北市","scientific_name":"Ficus microcarpa","address":"蘆洲區中正路100號(蘆洲區蘆洲國小 後門旁)","land_parcel":"保和段 06260000","diameter_m":1.01,"girth_m":3.1730059,"estimated_age":77,"status":"公告列管","countyCode":"65000"}},{"type":"Feature","id":"107-蘆-18","geometry":{"type":"Point","coordinates":[121.47111427053488,25.084609953186387]},"properties":{"name":"榕樹","code":"107-蘆-18","county":"新北市","scientific_name":"Ficus microcarpa","address":"蘆洲區中正路100號(蘆洲區蘆洲國小 兒童遊戲區內)","land_parcel":"保和段 06260000","diameter_m":1.6,"girth_m":5.026544,"estimated_age":77,"status":"公告列管","countyCode":"65000"}},{"type":"Feature","id":"107-蘆-19","geometry":{"type":"Point","coordinates":[121.4695274029106,25.079225214249977]},"properties":{"name":"榕樹","code":"107-蘆-19","county":"新北市","scientific_name":"Ficus microcarpa","address":"蘆洲區中山二路273-277號(萬善堂旁)","land_parcel":"和平段 06850000","diameter_m":1.1500000000000001,"girth_m":3.6128285,"estimated_age":47,"status":"公告列管","countyCode":"65000"}},{"type":"Feature","id":"107-蘆-20","geometry":{"type":"Point","coordinates":[121.45982902124871,25.09422415133247]},"properties":{"name":"榕樹","code":"107-蘆-20","county":"新北市","scientific_name":"Ficus microcarpa","address":"蘆洲區環堤大道231號(蘆洲區三民公園編號599榕樹斜對面)","land_parcel":"光華段 00190000","diameter_m":0.8640000000000001,"girth_m":2.71433376,"estimated_age":37,"status":"公告列管","countyCode":"65000"}},{"type":"Feature","id":"107-蘆-21","geometry":{"type":"Point","coordinates":[121.459918552182,25.094305126527324]},"properties":{"name":"榕樹","code":"107-蘆-21","county":"新北市","scientific_name":"Ficus microcarpa","address":"蘆洲區環堤大道231號(蘆洲區三民公園 社區活動中心前方)","land_parcel":"光華段 00190000","diameter_m":0.549,"girth_m":1.72473291,"estimated_age":37,"status":"公告列管","countyCode":"65000"}},{"type":"Feature","id":"107-蘆-22","geometry":{"type":"Point","coordinates":[121.45953169852574,25.094252156837616]},"properties":{"name":"榕樹","code":"107-蘆-22","county":"新北市","scientific_name":"Ficus microcarpa","address":"蘆洲區環堤大道231號(蘆洲區三民公園 涼亭右前方)","land_parcel":"光華段 00190000","diameter_m":0.9359999999999999,"girth_m":2.94052824,"estimated_age":37,"status":"公告列管","countyCode":"65000"}},{"type":"Feature","id":"107-蘆-23","geometry":{"type":"Point","coordinates":[121.45977870828628,25.094025689490678]},"properties":{"name":"榕樹","code":"107-蘆-23","county":"新北市","scientific_name":"Ficus microcarpa","address":"蘆洲區環堤大道231號(蘆洲區三民公園 長型休憩亭前方)","land_parcel":"光華段 00190000","diameter_m":0.99,"girth_m":3.1101741,"estimated_age":37,"status":"公告列管","countyCode":"65000"}},{"type":"Feature","id":"107-蘆-24","geometry":{"type":"Point","coordinates":[121.48205753849406,25.08177610451272]},"properties":{"name":"榕樹","code":"107-蘆-24","county":"新北市","scientific_name":"Ficus microcarpa","address":"蘆洲區永安北路二段42之2號(蘆洲區永安兒童公園 市民活動中心前)","land_parcel":"重陽段 01710000","diameter_m":0.762,"girth_m":2.39389158,"estimated_age":37,"status":"公告列管","countyCode":"65000"}},{"type":"Feature","id":"107-蘆-25","geometry":{"type":"Point","coordinates":[121.47035882106128,25.084079692645286]},"properties":{"name":"榕樹","code":"107-蘆-25","county":"新北市","scientific_name":"Ficus microcarpa","address":"蘆洲區中正路100號(蘆洲區蘆洲國小 側門旁)","land_parcel":"保和段 06260000","diameter_m":0.58,"girth_m":1.8221222000000001,"estimated_age":77,"status":"公告列管","countyCode":"65000"}},{"type":"Feature","id":"107-五-19","geometry":{"type":"Point","coordinates":[121.4456990447776,25.096361791747494]},"properties":{"name":"鳳凰木","code":"107-五-19","county":"新北市","scientific_name":"Delonix regia","address":"五股區西雲路185巷3號\n(五股西雲寺化妝室旁)","land_parcel":"成福段1243","diameter_m":0.8,"girth_m":2.5100000000000002,"estimated_age":45,"status":"公告列管","countyCode":"65000"}},{"type":"Feature","id":"107-五-20","geometry":{"type":"Point","coordinates":[121.44566890930165,25.096253545210438]},"properties":{"name":"龍眼","code":"107-五-20","county":"新北市","scientific_name":"Euphoria longana","address":"五股區西雲路185 巷內(西雲寺旁小路邊)","land_parcel":"成福段1246","diameter_m":0.63,"girth_m":1.98,"estimated_age":45,"status":"公告列管","countyCode":"65000"}},{"type":"Feature","id":"107-五-21","geometry":{"type":"Point","coordinates":[121.44730529592805,25.09639306947732]},"properties":{"name":"樟樹","code":"107-五-21","county":"新北市","scientific_name":"Cinnamomum camphora","address":"五股區西雲路185巷內(340028燈旁)","land_parcel":"成福段1237","diameter_m":0.68,"girth_m":2.12,"estimated_age":97,"status":"公告列管","countyCode":"65000"}},{"type":"Feature","id":"107-五-22","geometry":{"type":"Point","coordinates":[121.4465524957052,25.09658492734535]},"properties":{"name":"鳳凰木","code":"107-五-22","county":"新北市","scientific_name":"Delonix regia","address":"五股區西雲路185 巷3號(五股西雲寺前方涼亭)","land_parcel":"成福段1240","diameter_m":0.85,"girth_m":2.67,"estimated_age":45,"status":"公告列管","countyCode":"65000"}},{"type":"Feature","id":"107-五-25","geometry":{"type":"Point","coordinates":[121.44583764894274,25.096307206714734]},"properties":{"name":"鳳凰木","code":"107-五-25","county":"新北市","scientific_name":"Delonix regia","address":"五股區西雲路185巷3號(西雲寺左側)","land_parcel":"成福段1243","diameter_m":0.74,"girth_m":2.33,"estimated_age":45,"status":"公告列管","countyCode":"65000"}},{"type":"Feature","id":"107-五-26","geometry":{"type":"Point","coordinates":[121.44608550685398,25.096306461596598]},"properties":{"name":"鳳凰木","code":"107-五-26","county":"新北市","scientific_name":"Delonix regia","address":"五股區西雲路185巷3號(西雲寺左前方)","land_parcel":"成福段1240","diameter_m":0.81,"girth_m":2.5300000000000002,"estimated_age":45,"status":"公告列管","countyCode":"65000"}},{"type":"Feature","id":"107-鶯-16","geometry":{"type":"Point","coordinates":[121.34799052488536,24.972909300909418]},"properties":{"name":"樟樹","code":"107-鶯-16","county":"新北市","scientific_name":"Cinnamomum camphora","address":"鶯歌區中湖街東學巷20號(中湖國小大門口右花台)","land_parcel":"東湖段926","diameter_m":0.46,"girth_m":1.45,"estimated_age":57,"status":"公告列管","countyCode":"65000"}},{"type":"Feature","id":"107-鶯-17","geometry":{"type":"Point","coordinates":[121.34792116784104,24.972900434698754]},"properties":{"name":"樟樹","code":"107-鶯-17","county":"新北市","scientific_name":"Cinnamomum camphora","address":"鶯歌區中湖街東學巷20號(中湖國小大門左花台)","land_parcel":"東湖段926","diameter_m":1.1300000000000001,"girth_m":3.5500000000000003,"estimated_age":77,"status":"公告列管","countyCode":"65000"}},{"type":"Feature","id":"107-鶯-18","geometry":{"type":"Point","coordinates":[121.34772305204025,24.97289186923699]},"properties":{"name":"樟樹","code":"107-鶯-18","county":"新北市","scientific_name":"Cinnamomum camphora","address":"鶯歌區中湖街東學巷20號(中湖國小禮堂右側)","land_parcel":"東湖段1028","diameter_m":0.92,"girth_m":2.9,"estimated_age":67,"status":"公告列管","countyCode":"65000"}},{"type":"Feature","id":"107-鶯-19","geometry":{"type":"Point","coordinates":[121.34775390772094,24.973298071009285]},"properties":{"name":"樟樹","code":"107-鶯-19","county":"新北市","scientific_name":"Cinnamomum camphora","address":"鶯歌區中湖街東學巷20號(中湖國小操場籃球場)","land_parcel":"東湖段1028","diameter_m":0.64,"girth_m":2,"estimated_age":77,"status":"公告列管","countyCode":"65000"}},{"type":"Feature","id":"107-鶯-20","geometry":{"type":"Point","coordinates":[121.34809950002828,24.972918074461692]},"properties":{"name":"茄苳","code":"107-鶯-20","county":"新北市","scientific_name":"Bischofia javanica","address":"鶯歌區中湖街東學巷20號(中湖國小大門右轉 10 m)","land_parcel":"東湖段926","diameter_m":0.91,"girth_m":2.85,"estimated_age":57,"status":"公告列管","countyCode":"65000"}},{"type":"Feature","id":"107-烏-02","geometry":{"type":"Point","coordinates":[121.5512202457541,24.865825894314032]},"properties":{"name":"楓香","code":"107-烏-02","county":"新北市","scientific_name":"Liquidambar formosana","address":"烏來區烏來街47號(烏來區烏來客運總站前編號161441路燈右側)","land_parcel":"南勢段00220000","diameter_m":0.78,"girth_m":2.45,"estimated_age":90,"status":"公告列管","countyCode":"65000"}},{"type":"Feature","id":"107-烏-03","geometry":{"type":"Point","coordinates":[121.55125009298413,24.865861897241818]},"properties":{"name":"楓香","code":"107-烏-03","county":"新北市","scientific_name":"Liquidambar formosana","address":"烏來區烏來街47號(烏來區烏來客運總站前斑馬線旁)","land_parcel":"南勢段00220000","diameter_m":0.64,"girth_m":2,"estimated_age":90,"status":"公告列管","countyCode":"65000"}},{"type":"Feature","id":"107-烏-04","geometry":{"type":"Point","coordinates":[121.55122870601916,24.847642898853426]},"properties":{"name":"無患子","code":"107-烏-04","county":"新北市","scientific_name":"Sapindus saponaria","address":"烏來區烏來里瀑布路16 號(勇士廣場旁 勇者雕像後方)","land_parcel":"西羅岸段09930000","diameter_m":1.1300000000000001,"girth_m":3.5500000000000003,"estimated_age":107,"status":"公告列管","countyCode":"65000"}},{"type":"Feature","id":"107-烏-05","geometry":{"type":"Point","coordinates":[121.49610937979477,24.786190262754648]},"properties":{"name":"樟樹","code":"107-烏-05","county":"新北市","scientific_name":"Cinnamomum camphora","address":"烏來區福山里2鄰3-1號旁","land_parcel":"福山段02160000","diameter_m":1.5,"girth_m":4.71,"estimated_age":77,"status":"公告列管","countyCode":"65000"}},{"type":"Feature","id":"107-烏-06","geometry":{"type":"Point","coordinates":[121.49613883275481,24.786135994621965]},"properties":{"name":"樟樹","code":"107-烏-06","county":"新北市","scientific_name":"Cinnamomum camphora","address":"烏來區福山里2鄰3-1號旁(靠近編號164125路燈)","land_parcel":"福山段02160000","diameter_m":1.4000000000000001,"girth_m":4.4,"estimated_age":77,"status":"公告列管","countyCode":"65000"}},{"type":"Feature","id":"107-烏-07","geometry":{"type":"Point","coordinates":[121.49631716614326,24.786216659262745]},"properties":{"name":"樟樹","code":"107-烏-07","county":"新北市","scientific_name":"Cinnamomum camphora","address":"烏來區福山里2鄰3-1號旁","land_parcel":"福山段02160000","diameter_m":0.9500000000000001,"girth_m":2.98,"estimated_age":77,"status":"公告列管","countyCode":"65000"}},{"type":"Feature","id":"107-烏-08","geometry":{"type":"Point","coordinates":[121.55123078199908,24.865970307796285]},"properties":{"name":"楓香","code":"107-烏-08","county":"新北市","scientific_name":"Liquidambar formosana","address":"烏來區烏來街47號(烏來區烏來客運總站前 編號161442路燈前)","land_parcel":"南勢段00220000","diameter_m":0.86,"girth_m":2.7,"estimated_age":90,"status":"公告列管","countyCode":"65000"}},{"type":"Feature","id":"107-烏-09","geometry":{"type":"Point","coordinates":[121.55129039647585,24.866024257388247]},"properties":{"name":"楓香","code":"107-烏-09","county":"新北市","scientific_name":"Liquidambar formosana","address":"烏來區烏來街47號(烏來區烏來客運總站前烏來老街站牌左側 編號161428燈前)","land_parcel":"南勢段00220000","diameter_m":0.67,"girth_m":2.1,"estimated_age":90,"status":"公告列管","countyCode":"65000"}},{"type":"Feature","id":"107-烏-10","geometry":{"type":"Point","coordinates":[121.5513106283438,24.86612349370539]},"properties":{"name":"楓香","code":"107-烏-10","county":"新北市","scientific_name":"Liquidambar formosana","address":"烏來區烏來街47號(烏來區烏來客運總站前 編號161433燈)","land_parcel":"南勢段00220000","diameter_m":0.8,"girth_m":2.5,"estimated_age":90,"status":"公告列管","countyCode":"65000"}},{"type":"Feature","id":"107-雙-02","geometry":{"type":"Point","coordinates":[121.86691564507686,25.03332697631242]},"properties":{"name":"榕樹","code":"107-雙-02","county":"新北市","scientific_name":"Ficus microcarpa","address":"雙溪區東榮街54號(雙溪區雙溪國小石桌椅旁)","land_parcel":"新基段1005","diameter_m":0.912,"girth_m":2.86513008,"estimated_age":57,"status":"公告列管","countyCode":"65000"}},{"type":"Feature","id":"107-雙-03","geometry":{"type":"Point","coordinates":[121.86696480645476,25.033272523474807]},"properties":{"name":"茄苳","code":"107-雙-03","county":"新北市","scientific_name":"Bischofia javanica","address":"雙溪區雙溪國小(編號629旁)","land_parcel":"新基段1006","diameter_m":0.64,"girth_m":2,"estimated_age":57,"status":"公告列管","countyCode":"65000"}},{"type":"Feature","id":"107-雙-04","geometry":{"type":"Point","coordinates":[121.86682684999323,25.03338166032066]},"properties":{"name":"榕樹","code":"107-雙-04","county":"新北市","scientific_name":"Ficus microcarpa","address":"雙溪區雙溪國小(校門進來左側水茄苳旁)","land_parcel":"新基段1005","diameter_m":0.76,"girth_m":2.4,"estimated_age":57,"status":"公告列管","countyCode":"65000"}},{"type":"Feature","id":"107-雙-05","geometry":{"type":"Point","coordinates":[121.86676790695519,25.03345422551505]},"properties":{"name":"茄苳","code":"107-雙-05","county":"新北市","scientific_name":"Bischofia javanica","address":"雙溪區雙溪國小(桃李沐春風石碑旁)","land_parcel":"新基段1005","diameter_m":0.81,"girth_m":2.54,"estimated_age":57,"status":"公告列管","countyCode":"65000"}},{"type":"Feature","id":"107-雙-07","geometry":{"type":"Point","coordinates":[121.86348563968905,25.034520544009897]},"properties":{"name":"榕樹","code":"107-雙-07","county":"新北市","scientific_name":"Ficus microcarpa","address":"雙溪區102縣道旁(雙溪高中公車站)","land_parcel":"泰和段479","diameter_m":1.1500000000000001,"girth_m":3.6,"estimated_age":57,"status":"公告列管","countyCode":"65000"}},{"type":"Feature","id":"107-雙-11","geometry":{"type":"Point","coordinates":[121.86375045140609,25.034130814896162]},"properties":{"name":"榕樹","code":"107-雙-11","county":"新北市","scientific_name":"Ficus microcarpa","address":"雙溪區102縣道旁(佈告欄旁)","land_parcel":"泰和段620","diameter_m":0.578,"girth_m":1.81583902,"estimated_age":57,"status":"公告列管","countyCode":"65000"}},{"type":"Feature","id":"107-平-05","geometry":{"type":"Point","coordinates":[121.77812695992202,25.043523286056292]},"properties":{"name":"茄苳","code":"107-平-05","county":"新北市","scientific_name":"Bischofia javanica","address":"新北市平溪區十分街157號(平溪區十分國小 文具室旁)","land_parcel":"十分段1141","diameter_m":0.55,"girth_m":1.73,"estimated_age":57,"status":"公告列管","countyCode":"65000"}},{"type":"Feature","id":"107-平-06","geometry":{"type":"Point","coordinates":[121.77786863073501,25.043416305333828]},"properties":{"name":"茄苳","code":"107-平-06","county":"新北市","scientific_name":"Bischofia javanica","address":"平溪區十分國小(後側門右側)","land_parcel":"十分段1141","diameter_m":0.75,"girth_m":2.35,"estimated_age":77,"status":"公告列管","countyCode":"65000"}},{"type":"Feature","id":"107-平-07","geometry":{"type":"Point","coordinates":[121.77808703727096,25.043478356187606]},"properties":{"name":"茄苳","code":"107-平-07","county":"新北市","scientific_name":"Bischofia javanica","address":"新北市平溪區十分街157號\n(平溪區十分國小後側門近老街旁)","land_parcel":"十分段1141","diameter_m":0.75,"girth_m":2.34,"estimated_age":77,"status":"公告列管","countyCode":"65000"}},{"type":"Feature","id":"107-平-08","geometry":{"type":"Point","coordinates":[121.72717920273523,25.023116592147026]},"properties":{"name":"青楓","code":"107-平-08","county":"新北市","scientific_name":"Acer serrulatum","address":"新北市平溪區菁桐街45號(平溪區菁桐國小 沙坑旁)","land_parcel":"菁桐段670","diameter_m":0.71,"girth_m":2.24,"estimated_age":67,"status":"公告列管","countyCode":"65000"}},{"type":"Feature","id":"107-平-13","geometry":{"type":"Point","coordinates":[121.77827799623188,25.043901858967633]},"properties":{"name":"榕樹","code":"107-平-13","county":"新北市","scientific_name":"Ficus microcarpa","address":"平溪區十分國小(石椅旁近老街)","land_parcel":"十分段1141","diameter_m":0.876,"girth_m":2.7510000000000003,"estimated_age":null,"status":"公告列管","countyCode":"65000"}},{"type":"Feature","id":"107-汐-16","geometry":{"type":"Point","coordinates":[121.7000128170523,25.060125956684193]},"properties":{"name":"茄苳","code":"107-汐-16","county":"新北市","scientific_name":"Bischofia javanica","address":"汐止區汐平路二段76號(汐止區東山國小大門口)","land_parcel":"姜子寮段石壁子小段00750001","diameter_m":0.62,"girth_m":1.95,"estimated_age":100,"status":"公告列管","countyCode":"65000"}},{"type":"Feature","id":"107-汐-17","geometry":{"type":"Point","coordinates":[121.70007218023035,25.060107621086487]},"properties":{"name":"茄苳","code":"107-汐-17","county":"新北市","scientific_name":"Bischofia javanica","address":"汐止區汐平路二段76號(汐止區東山國小 大門口司令台旁)","land_parcel":"姜子寮段石壁子小段00750001","diameter_m":0.74,"girth_m":2.33,"estimated_age":100,"status":"公告列管","countyCode":"65000"}},{"type":"Feature","id":"107-汐-18","geometry":{"type":"Point","coordinates":[121.6804639567926,25.071980165337695]},"properties":{"name":"木棉","code":"107-汐-18","county":"新北市","scientific_name":"Bombax ceiba","address":"汐止區大同路三段553號(汐止區保長國小)","land_parcel":"長安段12110000","diameter_m":0.51,"girth_m":1.6,"estimated_age":57,"status":"公告列管","countyCode":"65000"}},{"type":"Feature","id":"107-汐-19","geometry":{"type":"Point","coordinates":[121.6804537954099,25.07193507249416]},"properties":{"name":"木棉","code":"107-汐-19","county":"新北市","scientific_name":"Bombax ceiba","address":"汐止區大同路三段553號(汐止區保長國小)","land_parcel":"長安段12110000","diameter_m":0.56,"girth_m":1.76,"estimated_age":57,"status":"公告列管","countyCode":"65000"}},{"type":"Feature","id":"107-汐-20","geometry":{"type":"Point","coordinates":[121.68049309400499,25.071871697160176]},"properties":{"name":"木棉","code":"107-汐-20","county":"新北市","scientific_name":"Bombax ceiba","address":"汐止區大同路三段553號(汐止區保長國小)","land_parcel":"長安段12110000","diameter_m":0.5700000000000001,"girth_m":1.8,"estimated_age":57,"status":"公告列管","countyCode":"65000"}},{"type":"Feature","id":"107-汐-21","geometry":{"type":"Point","coordinates":[121.68048268318657,25.07178146603873]},"properties":{"name":"木棉","code":"107-汐-21","county":"新北市","scientific_name":"Bombax ceiba","address":"汐止區大同路三段553號(汐止區保長國小)","land_parcel":"長安段 12110000","diameter_m":0.51,"girth_m":1.6,"estimated_age":57,"status":"公告列管","countyCode":"65000"}},{"type":"Feature","id":"107-汐-22","geometry":{"type":"Point","coordinates":[121.68050185852009,25.071664015637772]},"properties":{"name":"木棉","code":"107-汐-22","county":"新北市","scientific_name":"Bombax ceiba","address":"汐止區大同路三段553號(汐止區保長國小)","land_parcel":"長安段 12110000","diameter_m":0.54,"girth_m":1.71,"estimated_age":57,"status":"公告列管","countyCode":"65000"}},{"type":"Feature","id":"107-汐-23","geometry":{"type":"Point","coordinates":[121.67069893533305,25.078985110647217]},"properties":{"name":"榕樹","code":"107-汐-23","county":"新北市","scientific_name":"Ficus microcarpa","address":"汐止區長興街一段80號(汐止區長安國小)","land_parcel":"長安段01350000","diameter_m":0.536,"girth_m":1.6838922400000003,"estimated_age":42,"status":"公告列管","countyCode":"65000"}},{"type":"Feature","id":"107-汐-24","geometry":{"type":"Point","coordinates":[121.67081813178898,25.07902971138417]},"properties":{"name":"榕樹","code":"107-汐-24","county":"新北市","scientific_name":"Ficus microcarpa","address":"汐止區長興街一段80號(汐止區長安國小)","land_parcel":"長安段01350000","diameter_m":0.7490000000000001,"girth_m":2.35305091,"estimated_age":67,"status":"公告列管","countyCode":"65000"}},{"type":"Feature","id":"107-汐-25","geometry":{"type":"Point","coordinates":[121.65924937725688,25.067823748401416]},"properties":{"name":"白千層","code":"107-汐-25","county":"新北市","scientific_name":"Melaleuca leucadendra","address":"汐止區大同路二段451號(汐止區汐止公園)","land_parcel":"中正段09020000","diameter_m":0.97,"girth_m":3.06,"estimated_age":57,"status":"公告列管","countyCode":"65000"}},{"type":"Feature","id":"107-汐-26","geometry":{"type":"Point","coordinates":[121.65927882230906,25.067769450162135]},"properties":{"name":"榕樹","code":"107-汐-26","county":"新北市","scientific_name":"Ficus microcarpa","address":"汐止區大同路二段451號(汐止區汐止公園)","land_parcel":"中正段12230000","diameter_m":1.042,"girth_m":3.27353678,"estimated_age":57,"status":"公告列管","countyCode":"65000"}},{"type":"Feature","id":"107-汐-27","geometry":{"type":"Point","coordinates":[121.65875673942726,25.068376637916128]},"properties":{"name":"榕樹","code":"107-汐-27","county":"新北市","scientific_name":"Ficus microcarpa","address":"汐止區公園路10號(汐止忠順廟旁)","land_parcel":"中正段12610000","diameter_m":1.5,"girth_m":4.71,"estimated_age":67,"status":"公告列管","countyCode":"65000"}},{"type":"Feature","id":"107-汐-28","geometry":{"type":"Point","coordinates":[121.66172006605548,25.06646759793631]},"properties":{"name":"榕樹","code":"107-汐-28","county":"新北市","scientific_name":"Ficus microcarpa","address":"汐止區忠孝東路201號(新北市立秀峰高中)","land_parcel":"新峰段09190000","diameter_m":1.08,"girth_m":3.4,"estimated_age":57,"status":"公告列管","countyCode":"65000"}},{"type":"Feature","id":"107-土-26","geometry":{"type":"Point","coordinates":[121.44227999496171,24.972388206327995]},"properties":{"name":"台灣肖楠","code":"107-土-26","county":"新北市","scientific_name":"Calocedrus macrolepis Kurz var. formosana","address":"土城區興城路17號(土城國小總務處前)","land_parcel":"忠義段00760000","diameter_m":0.340734500748,"girth_m":1.079861102179,"estimated_age":107,"status":"公告列管","countyCode":"65000"}},{"type":"Feature","id":"107-土-27","geometry":{"type":"Point","coordinates":[121.44236081183108,24.97283035006208]},"properties":{"name":"榕樹","code":"107-土-27","county":"新北市","scientific_name":"Ficus microcarpa","address":"土城國小後門入口警衛室(大門口涼亭)","land_parcel":"忠義段00760000","diameter_m":1.4566056432680001,"girth_m":4.591840589568,"estimated_age":97,"status":"公告列管","countyCode":"65000"}},{"type":"Feature","id":"107-土-28","geometry":{"type":"Point","coordinates":[121.45198976179265,24.946195176855042]},"properties":{"name":"香楠","code":"107-土-28","county":"新北市","scientific_name":"Machilus zuihoensis","address":"土城區承天路149號(桐花公園第一停車場山門入口步道涼亭)","land_parcel":"南天母段05490000","diameter_m":0.73,"girth_m":2.2800000000000002,"estimated_age":67,"status":"公告列管","countyCode":"65000"}},{"type":"Feature","id":"107-土-29","geometry":{"type":"Point","coordinates":[121.4519807820493,24.946447995530892]},"properties":{"name":"香楠","code":"107-土-29","county":"新北市","scientific_name":"Machilus zuihoensis","address":"土城區承天路149號(桐花公園扶輪亭左斜前方 木棧道平台)","land_parcel":"南天母段05490000","diameter_m":0.81,"girth_m":2.5500000000000003,"estimated_age":67,"status":"公告列管","countyCode":"65000"}},{"type":"Feature","id":"107-土-30","geometry":{"type":"Point","coordinates":[121.45767065190356,24.985531922096072]},"properties":{"name":"榕樹","code":"107-土-30","county":"新北市","scientific_name":"Ficus microcarpa","address":"土城區裕民路193-1號(土城國民運動中心後方游泳池腳踏車停放處旁)","land_parcel":"板院段07840000","diameter_m":1.53,"girth_m":4.8,"estimated_age":77,"status":"公告列管","countyCode":"65000"}},{"type":"Feature","id":"107-土-31","geometry":{"type":"Point","coordinates":[121.45625517926845,24.98580711471052]},"properties":{"name":"榕樹","code":"107-土-31","county":"新北市","scientific_name":"Ficus microcarpa","address":"土城區裕民路193-1號(土城區綜合體育場 操場旁)","land_parcel":"板院段07800000","diameter_m":0.8200000000000001,"girth_m":2.58,"estimated_age":67,"status":"公告列管","countyCode":"65000"}},{"type":"Feature","id":"107-土-32","geometry":{"type":"Point","coordinates":[121.41569402530587,24.954001991926425]},"properties":{"name":"苦楝","code":"107-土-32","county":"新北市","scientific_name":"Melia azedarach","address":"土城區頂新街54巷51號(頂新公園內戰車旁)","land_parcel":"頂新段04820000","diameter_m":0.8300000000000001,"girth_m":2.6,"estimated_age":67,"status":"公告列管","countyCode":"65000"}},{"type":"Feature","id":"107-土-33","geometry":{"type":"Point","coordinates":[121.41600092513174,24.953974050326057]},"properties":{"name":"榕樹","code":"107-土-33","county":"新北市","scientific_name":"Ficus microcarpa","address":"土城區頂新街54巷51號(頂新公園內 棒球場旁)","land_parcel":"頂新段04820000","diameter_m":1.26,"girth_m":3.95,"estimated_age":67,"status":"公告列管","countyCode":"65000"}},{"type":"Feature","id":"107-土-34","geometry":{"type":"Point","coordinates":[121.41603108897193,24.954109390347305]},"properties":{"name":"榕樹","code":"107-土-34","county":"新北市","scientific_name":"Ficus microcarpa","address":"土城區頂新街54巷51號(頂新公園內 棒球場旁)","land_parcel":"頂新段04820000","diameter_m":1.585212919453,"girth_m":4.9744346412430005,"estimated_age":67,"status":"公告列管","countyCode":"65000"}},{"type":"Feature","id":"107-土-35","geometry":{"type":"Point","coordinates":[121.4161702156682,24.954253454261718]},"properties":{"name":"榕樹","code":"107-土-35","county":"新北市","scientific_name":"Ficus microcarpa","address":"土城區頂新街54巷51號(頂新公園內 棒球場後方)","land_parcel":"頂新段04820000","diameter_m":2.45,"girth_m":7.7,"estimated_age":67,"status":"公告列管","countyCode":"65000"}},{"type":"Feature","id":"107-土-36","geometry":{"type":"Point","coordinates":[121.44341069388317,24.961776652417687]},"properties":{"name":"樟樹","code":"107-土-36","county":"新北市","scientific_name":"Cinnamomum camphora","address":"土城區忠義路88之10號(石壁寮溪棧道第二休憩亭)","land_parcel":"永和段06560000","diameter_m":0.79,"girth_m":2.47,"estimated_age":87,"status":"公告列管","countyCode":"65000"}},{"type":"Feature","id":"107-土-37","geometry":{"type":"Point","coordinates":[121.40969423584902,24.951445551309117]},"properties":{"name":"苦楝","code":"107-土-37","county":"新北市","scientific_name":"Melia azedarach","address":"土城區溪頭路125 號對面(祖田里辦公室對面)","land_parcel":"頂福段07960000","diameter_m":1.5,"girth_m":4.7,"estimated_age":107,"status":"公告列管","countyCode":"65000"}},{"type":"Feature","id":"107-土-38","geometry":{"type":"Point","coordinates":[121.41438599230885,24.95375284437379]},"properties":{"name":"榕樹","code":"107-土-38","county":"新北市","scientific_name":"Ficus microcarpa","address":"土城區頂新街54巷51號(頂新公園內兒童遊戲區沙坑旁)","land_parcel":"頂新段05220000","diameter_m":0.8229823813420001,"girth_m":2.5850338489080005,"estimated_age":67,"status":"公告列管","countyCode":"65000"}},{"type":"Feature","id":"107-土-41","geometry":{"type":"Point","coordinates":[121.41805464703893,24.958031026945186]},"properties":{"name":"樟樹","code":"107-土-41","county":"新北市","scientific_name":"Cinnamomum camphora","address":"土城區中央路四段67巷6號(永福公園內涼亭旁)","land_parcel":"運校段10470000","diameter_m":0.96,"girth_m":3,"estimated_age":67,"status":"公告列管","countyCode":"65000"}},{"type":"Feature","id":"107-土-43","geometry":{"type":"Point","coordinates":[121.41166830101277,24.952821299519346]},"properties":{"name":"芒果樹","code":"107-土-43","county":"新北市","scientific_name":"Mangifera indica","address":"土城區中央路四段412號(停車場內)","land_parcel":"頂福段1098","diameter_m":0.54,"girth_m":1.7,"estimated_age":67,"status":"公告列管","countyCode":"65000"}},{"type":"Feature","id":"107-土-44","geometry":{"type":"Point","coordinates":[121.41155500085375,24.952689399605976]},"properties":{"name":"榕樹","code":"107-土-44","county":"新北市","scientific_name":"Ficus microcarpa","address":"土城區中央路四段412號(小田園菜圃後方)","land_parcel":"頂福段1098","diameter_m":1.559006093638,"girth_m":4.901530373261,"estimated_age":67,"status":"公告列管","countyCode":"65000"}},{"type":"Feature","id":"107-土-45","geometry":{"type":"Point","coordinates":[121.41522119775195,24.954752658239407]},"properties":{"name":"榕樹","code":"107-土-45","county":"新北市","scientific_name":"Ficus microcarpa","address":"土城區中央路四段205號(頂埔國小近棒球場角落)","land_parcel":"頂新段02900000","diameter_m":0.8770974860299999,"girth_m":2.765375200583,"estimated_age":57,"status":"公告列管","countyCode":"65000"}},{"type":"Feature","id":"107-土-46","geometry":{"type":"Point","coordinates":[121.43030197192608,24.96283529837831]},"properties":{"name":"榕樹","code":"107-土-46","county":"新北市","scientific_name":"Ficus microcarpa","address":"土城區永寧路18號(土城國中大門入口機車棚前)","land_parcel":"永寧段03930000","diameter_m":0.686002915446,"girth_m":2.1560148422489998,"estimated_age":67,"status":"公告列管","countyCode":"65000"}},{"type":"Feature","id":"107-土-47","geometry":{"type":"Point","coordinates":[121.42983785019351,24.96322485399315]},"properties":{"name":"樟樹","code":"107-土-47","county":"新北市","scientific_name":"Cinnamomum camphora","address":"土城區永寧路18號(土城國中後門校長車位前)","land_parcel":"永寧段03930000","diameter_m":0.5981638571500001,"girth_m":1.8821795876060001,"estimated_age":67,"status":"公告列管","countyCode":"65000"}},{"type":"Feature","id":"107-土-48","geometry":{"type":"Point","coordinates":[121.42933226290249,24.9630818602135]},"properties":{"name":"榕樹","code":"107-土-48","county":"新北市","scientific_name":"Ficus microcarpa","address":"土城區永寧路18號(土城區土城國中 籃球場旁)","land_parcel":"永寧段03930000","diameter_m":0.8200000000000001,"girth_m":2.57,"estimated_age":67,"status":"公告列管","countyCode":"65000"}},{"type":"Feature","id":"107-土-49","geometry":{"type":"Point","coordinates":[121.42888650526052,24.96305605983721]},"properties":{"name":"榕樹","code":"107-土-49","county":"新北市","scientific_name":"Ficus microcarpa","address":"土城區永寧路18號(土城區土城國中 籃球場旁)","land_parcel":"永寧段03920000","diameter_m":0.910823802939,"girth_m":2.852823163114,"estimated_age":67,"status":"公告列管","countyCode":"65000"}},{"type":"Feature","id":"107-土-50","geometry":{"type":"Point","coordinates":[121.42874582133719,24.962469627769412]},"properties":{"name":"榕樹","code":"107-土-50","county":"新北市","scientific_name":"Ficus microcarpa","address":"土城區永寧路18號(土城國中操場與籃球間)","land_parcel":"永寧段03920000","diameter_m":1.07,"girth_m":3.35,"estimated_age":67,"status":"公告列管","countyCode":"65000"}},{"type":"Feature","id":"107-土-51","geometry":{"type":"Point","coordinates":[121.42855680902095,24.96222640865653]},"properties":{"name":"榕樹","code":"107-土-51","county":"新北市","scientific_name":"Ficus microcarpa","address":"土城區永寧路18號(土城國中 操場旁)","land_parcel":"永寧段03920000","diameter_m":0.9,"girth_m":2.82,"estimated_age":67,"status":"公告列管","countyCode":"65000"}},{"type":"Feature","id":"107-土-53","geometry":{"type":"Point","coordinates":[121.42977350610026,24.961807602326502]},"properties":{"name":"榕樹","code":"107-土-53","county":"新北市","scientific_name":"Ficus microcarpa","address":"土城區永寧路18號(土城國中側門資源回收室旁)","land_parcel":"永寧段03950000","diameter_m":1,"girth_m":3.15,"estimated_age":67,"status":"公告列管","countyCode":"65000"}},{"type":"Feature","id":"107-土-54","geometry":{"type":"Point","coordinates":[121.44796934870918,24.962602637202156]},"properties":{"name":"香楠","code":"107-土-54","county":"新北市","scientific_name":"Machilus zuihoensis","address":"土城區和平路123號(大地馬術俱樂部上方魚池旁)","land_parcel":"忠義段09340000","diameter_m":1.78,"girth_m":5.6000000000000005,"estimated_age":107,"status":"公告列管","countyCode":"65000"}},{"type":"Feature","id":"107-金-22","geometry":{"type":"Point","coordinates":[121.63674413217669,25.225484964707718]},"properties":{"name":"雀榕","code":"107-金-22","county":"新北市","scientific_name":"Ficus superba var. japonica","address":"金山區美田里文化二路2號(新北市立金山高中學生宿舍旁)","land_parcel":"文化段02140000","diameter_m":1.5519999999999998,"girth_m":4.87574768,"estimated_age":67,"status":"公告列管","countyCode":"65000"}},{"type":"Feature","id":"107-深-06","geometry":{"type":"Point","coordinates":[121.61528792218672,25.00185523613485]},"properties":{"name":"樟樹","code":"107-深-06","county":"新北市","scientific_name":"Cinnamomum camphora","address":"深坑區深坑街55號前","land_parcel":"埔新段 10540000","diameter_m":0.51,"girth_m":1.6,"estimated_age":57,"status":"公告列管","countyCode":"65000"}},{"type":"Feature","id":"107-深-07","geometry":{"type":"Point","coordinates":[121.61672205880765,25.001388866971684]},"properties":{"name":"苦楝","code":"107-深-07","county":"新北市","scientific_name":"Melia azedarach","address":"深坑區深坑國小","land_parcel":"埔新段 05000000","diameter_m":0.61,"girth_m":1.9000000000000001,"estimated_age":57,"status":"公告列管","countyCode":"65000"}},{"type":"Feature","id":"107-深-08","geometry":{"type":"Point","coordinates":[121.61719729587782,25.001332727656347]},"properties":{"name":"榕樹","code":"107-深-08","county":"新北市","scientific_name":"Ficus microcarpa","address":"深坑區深坑國小","land_parcel":"埔新段 05000000","diameter_m":1.2040000000000002,"girth_m":3.78247436,"estimated_age":57,"status":"公告列管","countyCode":"65000"}},{"type":"Feature","id":"107-深-09","geometry":{"type":"Point","coordinates":[121.61902889480709,25.001108443878238]},"properties":{"name":"榕樹","code":"107-深-09","county":"新北市","scientific_name":"Ficus microcarpa","address":"深坑區文化街41號(深坑國中)","land_parcel":"埔新段 02700000","diameter_m":0.79,"girth_m":2.47,"estimated_age":57,"status":"公告列管","countyCode":"65000"}},{"type":"Feature","id":"107-深-10","geometry":{"type":"Point","coordinates":[121.61773975560347,25.00085198972088]},"properties":{"name":"榕樹","code":"107-深-10","county":"新北市","scientific_name":"Ficus microcarpa","address":"深坑區深坑國中","land_parcel":"埔新段 02700000","diameter_m":0.98,"girth_m":3.08,"estimated_age":57,"status":"公告列管","countyCode":"65000"}},{"type":"Feature","id":"107-深-11","geometry":{"type":"Point","coordinates":[121.61779262823404,25.0015198452217]},"properties":{"name":"榕樹","code":"107-深-11","county":"新北市","scientific_name":"Ficus microcarpa","address":"深坑區深坑國中","land_parcel":"埔新段 02700000","diameter_m":1.4709999999999999,"girth_m":4.62127889,"estimated_age":57,"status":"公告列管","countyCode":"65000"}},{"type":"Feature","id":"107-貢-19","geometry":{"type":"Point","coordinates":[121.92910633908255,24.998222010465778]},"properties":{"name":"榕樹","code":"107-貢-19","county":"新北市","scientific_name":"Ficus microcarpa","address":"貢寮區遠望坑溪沿岸(溪旁，樓梯下去左側)","land_parcel":"遠望坑段遠望坑小段02500004","diameter_m":0.88,"girth_m":2.77,"estimated_age":57,"status":"公告列管","countyCode":"65000"}},{"type":"Feature","id":"107-貢-20","geometry":{"type":"Point","coordinates":[121.92282044052136,25.023989830351383]},"properties":{"name":"榕樹","code":"107-貢-20","county":"新北市","scientific_name":"Ficus microcarpa","address":"貢寮區田寮洋街13號前方600公尺處\n(貢寮第九公墓進來的右方樓梯左側)","land_parcel":"田寮洋段新社田寮小段00980001","diameter_m":2.2600000000000002,"girth_m":7.1000000000000005,"estimated_age":57,"status":"公告列管","countyCode":"65000"}},{"type":"Feature","id":"107-貢-21","geometry":{"type":"Point","coordinates":[121.92265214783788,25.024008930225722]},"properties":{"name":"榕樹","code":"107-貢-21","county":"新北市","scientific_name":"Ficus microcarpa","address":"貢寮區田寮洋街\n(貢寮第九公墓進來的右方樓梯右側)","land_parcel":"田寮洋段新社田寮小段00980001","diameter_m":1.59,"girth_m":5,"estimated_age":57,"status":"公告列管","countyCode":"65000"}},{"type":"Feature","id":"107-貢-22","geometry":{"type":"Point","coordinates":[121.92267182787305,25.023990752878014]},"properties":{"name":"榕樹","code":"107-貢-22","county":"新北市","scientific_name":"Ficus microcarpa","address":"貢寮區田寮洋街\n(貢寮第九公墓進來的右方樓梯右側 編號700旁)","land_parcel":"田寮洋段新社田寮小段00980001","diameter_m":1.04,"girth_m":3.25,"estimated_age":57,"status":"公告列管","countyCode":"65000"}},{"type":"Feature","id":"107-瑞-03","geometry":{"type":"Point","coordinates":[121.77719921586112,25.10222662570827]},"properties":{"name":"樟樹","code":"107-瑞-03","county":"新北市","scientific_name":"Cinnamomum camphora","address":"新北市瑞芳區四腳亭埔路23號(瑞芳區瑞亭國小)","land_parcel":"瑞亭段05740000","diameter_m":0.65,"girth_m":2.04,"estimated_age":57,"status":"公告列管","countyCode":"65000"}},{"type":"Feature","id":"107-瑞-04","geometry":{"type":"Point","coordinates":[121.77724012787469,25.102425021218828]},"properties":{"name":"黃楊","code":"107-瑞-04","county":"新北市","scientific_name":"Buxus microphylla Sieb. & Zucc. ssp. Sinica","address":"瑞芳區瑞亭國小","land_parcel":"瑞亭段05740000","diameter_m":0.24800000000000003,"girth_m":0.779,"estimated_age":57,"status":"公告列管","countyCode":"65000"}},{"type":"Feature","id":"107-瑞-05","geometry":{"type":"Point","coordinates":[121.77786432236564,25.102358554740977]},"properties":{"name":"榕樹","code":"107-瑞-05","county":"新北市","scientific_name":"Ficus microcarpa","address":"瑞芳區瑞亭國小","land_parcel":"瑞亭段05740000","diameter_m":0.96,"girth_m":3.0300000000000002,"estimated_age":107,"status":"公告列管","countyCode":"65000"}},{"type":"Feature","id":"107-瑞-06","geometry":{"type":"Point","coordinates":[121.82813694630093,25.08561088749198]},"properties":{"name":"榕樹","code":"107-瑞-06","county":"新北市","scientific_name":"Ficus microcarpa","address":"新北市瑞芳區侯硐路158號(瑞芳區侯硐運煤橋旁)","land_parcel":"新侯硐段867","diameter_m":0.639,"girth_m":3.0300000000000002,"estimated_age":77,"status":"公告列管","countyCode":"65000"}},{"type":"Feature","id":"107-瑞-08","geometry":{"type":"Point","coordinates":[121.76421485591838,25.10121979707562]},"properties":{"name":"楓香","code":"107-瑞-08","county":"新北市","scientific_name":"Liquidambar formosana","address":"新北市瑞芳區大埔路95號(瑞芳區吉慶國小)","land_parcel":"吉慶段04190000","diameter_m":0.49,"girth_m":1.53,"estimated_age":107,"status":"公告列管","countyCode":"65000"}},{"type":"Feature","id":"107-瑞-09","geometry":{"type":"Point","coordinates":[121.76420516618766,25.101255957969933]},"properties":{"name":"楓香","code":"107-瑞-09","county":"新北市","scientific_name":"Liquidambar formosana","address":"瑞芳區吉慶國小","land_parcel":"吉慶段04190000","diameter_m":0.5700000000000001,"girth_m":1.8,"estimated_age":107,"status":"公告列管","countyCode":"65000"}},{"type":"Feature","id":"107-瑞-11","geometry":{"type":"Point","coordinates":[121.84384087551642,25.1075227568664]},"properties":{"name":"榕樹","code":"107-瑞-11","county":"新北市","scientific_name":"Ficus microcarpa","address":"瑞芳區九份國小","land_parcel":"火庚子寮段01630007","diameter_m":1.013,"girth_m":3.18243067,"estimated_age":107,"status":"公告列管","countyCode":"65000"}},{"type":"Feature","id":"107-瑞-12","geometry":{"type":"Point","coordinates":[121.8579738391363,25.10814581265633]},"properties":{"name":"榕樹","code":"107-瑞-12","county":"新北市","scientific_name":"Ficus microcarpa","address":"新北市瑞芳區金瓜石金光路8號(瑞芳區黃金博物館園區)\n 黃金博物館內郵局旁(礦山小冰館旁)","land_parcel":"金瓜石段00250006","diameter_m":0.77,"girth_m":2.42,"estimated_age":107,"status":"公告列管","countyCode":"65000"}},{"type":"Feature","id":"107-瑞-13","geometry":{"type":"Point","coordinates":[121.85796423968763,25.108191006192524]},"properties":{"name":"榕樹","code":"107-瑞-13","county":"新北市","scientific_name":"Ficus microcarpa","address":"瑞芳區黃金博物館園區(黃金博物館內郵局旁)","land_parcel":"金瓜石段00250006","diameter_m":1.171,"girth_m":3.67880189,"estimated_age":107,"status":"公告列管","countyCode":"65000"}},{"type":"Feature","id":"107-瑞-14","geometry":{"type":"Point","coordinates":[121.77784409426567,25.10229546677588]},"properties":{"name":"榕樹","code":"107-瑞-14","county":"新北市","scientific_name":"Ficus microcarpa","address":"瑞芳區瑞亭國小","land_parcel":"瑞亭段05740000","diameter_m":1.48,"girth_m":4.66,"estimated_age":207,"status":"公告列管","countyCode":"65000"}},{"type":"Feature","id":"107-瑞-15","geometry":{"type":"Point","coordinates":[121.77752838156361,25.102540870726827]},"properties":{"name":"樟樹","code":"107-瑞-15","county":"新北市","scientific_name":"Cinnamomum camphora","address":"瑞芳區瑞亭國小","land_parcel":"瑞亭段05740000","diameter_m":0.6,"girth_m":1.87,"estimated_age":107,"status":"公告列管","countyCode":"65000"}},{"type":"Feature","id":"107-瑞-16","geometry":{"type":"Point","coordinates":[121.77744872548492,25.10248712196732]},"properties":{"name":"青楓","code":"107-瑞-16","county":"新北市","scientific_name":"Acer serrulatum","address":"瑞芳區瑞亭國小","land_parcel":"瑞亭段05740000","diameter_m":0.43100000000000005,"girth_m":1.3540252899999998,"estimated_age":107,"status":"公告列管","countyCode":"65000"}},{"type":"Feature","id":"107-瑞-17","geometry":{"type":"Point","coordinates":[121.7774095252626,25.102559549227266]},"properties":{"name":"青楓","code":"107-瑞-17","county":"新北市","scientific_name":"Acer serrulatum","address":"瑞芳區瑞亭國小","land_parcel":"瑞亭段05740000","diameter_m":0.691,"girth_m":2.17083869,"estimated_age":107,"status":"公告列管","countyCode":"65000"}},{"type":"Feature","id":"107-林-09","geometry":{"type":"Point","coordinates":[121.37603577711394,25.07549205523959]},"properties":{"name":"鳳凰木","code":"107-林-09","county":"新北市","scientific_name":"Delonix regia","address":"林口區公園路233號對面(林口社區公園內)","land_parcel":"國宅段00190008","diameter_m":0.8420000000000001,"girth_m":2.64521878,"estimated_age":50,"status":"公告列管","countyCode":"65000"}},{"type":"Feature","id":"107-林-10","geometry":{"type":"Point","coordinates":[121.37729823455773,25.076644456659047]},"properties":{"name":"榕樹","code":"107-林-10","county":"新北市","scientific_name":"Ficus microcarpa","address":"林口區民治路25號(林口國中司令台右手邊)","land_parcel":"國宅段00960000","diameter_m":1.51,"girth_m":4.75,"estimated_age":47,"status":"公告列管","countyCode":"65000"}},{"type":"Feature","id":"107-林-11","geometry":{"type":"Point","coordinates":[121.37734801812776,25.06701127369221]},"properties":{"name":"榕樹","code":"107-林-11","county":"新北市","scientific_name":"Ficus microcarpa","address":"林口區忠孝路616巷底(樂活公園內)","land_parcel":"國宅段01080000","diameter_m":0.86,"girth_m":2.7,"estimated_age":57,"status":"公告列管","countyCode":"65000"}},{"type":"Feature","id":"107-林-13","geometry":{"type":"Point","coordinates":[121.37669153350187,25.07274582986152]},"properties":{"name":"榕樹","code":"107-林-13","county":"新北市","scientific_name":"Ficus microcarpa","address":"林口區文化一路二段243號(婦幼公園內籃球場旁)","land_parcel":"國宅段00400000","diameter_m":1.4680000000000002,"girth_m":4.61185412,"estimated_age":57,"status":"公告列管","countyCode":"65000"}},{"type":"Feature","id":"107-林-14","geometry":{"type":"Point","coordinates":[121.37643355997896,25.07266523073527]},"properties":{"name":"榕樹","code":"107-林-14","county":"新北市","scientific_name":"Ficus microcarpa","address":"林口區文化一路二段243號婦幼公園內(籃球場旁)","land_parcel":"國宅段00400000","diameter_m":1.69,"girth_m":5.3,"estimated_age":67,"status":"公告列管","countyCode":"65000"}},{"type":"Feature","id":"107-林-15","geometry":{"type":"Point","coordinates":[121.37710155438536,25.077159561768056]},"properties":{"name":"榕樹","code":"107-林-15","county":"新北市","scientific_name":"Ficus microcarpa","address":"林口區林口國中(司令台旁)","land_parcel":"國宅段00960000","diameter_m":1.93,"girth_m":6.05,"estimated_age":62,"status":"公告列管","countyCode":"65000"}},{"type":"Feature","id":"107-林-16","geometry":{"type":"Point","coordinates":[121.37722693620903,25.076021694579538]},"properties":{"name":"白千層","code":"107-林-16","county":"新北市","scientific_name":"Melaleuca leucadendra","address":"林口區林口國中(靠警衛室旁)","land_parcel":"國宅段 00960002","diameter_m":0.73,"girth_m":2.3000000000000003,"estimated_age":47,"status":"公告列管","countyCode":"65000"}},{"type":"Feature","id":"107-林-17","geometry":{"type":"Point","coordinates":[121.37731620645698,25.07603952401121]},"properties":{"name":"白千層","code":"107-林-17","county":"新北市","scientific_name":"Melaleuca leucadendra","address":"林口區林口國中(圍牆旁人行道上較靠近警衛室)","land_parcel":"國宅段00960002","diameter_m":0.89,"girth_m":2.8000000000000003,"estimated_age":47,"status":"公告列管","countyCode":"65000"}},{"type":"Feature","id":"107-林-18","geometry":{"type":"Point","coordinates":[121.37731637246084,25.076093692573078]},"properties":{"name":"白千層","code":"107-林-18","county":"新北市","scientific_name":"Melaleuca leucadendra","address":"林口區林口國中(圍牆旁人行道上較靠近警衛室)","land_parcel":"國宅段00960002","diameter_m":0.49,"girth_m":1.55,"estimated_age":47,"status":"公告列管","countyCode":"65000"}},{"type":"Feature","id":"107-林-19","geometry":{"type":"Point","coordinates":[121.37729660224483,25.07611179915527]},"properties":{"name":"白千層","code":"107-林-19","county":"新北市","scientific_name":"Melaleuca leucadendra","address":"林口區林口國中(圍牆旁人行道上)","land_parcel":"國宅段00960002","diameter_m":0.64,"girth_m":2,"estimated_age":47,"status":"公告列管","countyCode":"65000"}},{"type":"Feature","id":"107-林-22","geometry":{"type":"Point","coordinates":[121.37724728732886,25.07619317797367]},"properties":{"name":"白千層","code":"107-林-22","county":"新北市","scientific_name":"Melaleuca leucadendra","address":"林口區林口國中(圍牆旁人行道上)","land_parcel":"國宅段00960002","diameter_m":0.76,"girth_m":2.4,"estimated_age":47,"status":"公告列管","countyCode":"65000"}},{"type":"Feature","id":"107-林-23","geometry":{"type":"Point","coordinates":[121.37713832968932,25.076220539344398]},"properties":{"name":"白千層","code":"107-林-23","county":"新北市","scientific_name":"Melaleuca leucadendra","address":"林口區林口國中(圍牆旁人行道上)","land_parcel":"國宅段00960002","diameter_m":0.56,"girth_m":1.75,"estimated_age":47,"status":"公告列管","countyCode":"65000"}},{"type":"Feature","id":"107-林-24","geometry":{"type":"Point","coordinates":[121.37717795316918,25.076211410500026]},"properties":{"name":"白千層","code":"107-林-24","county":"新北市","scientific_name":"Melaleuca leucadendra","address":"林口區林口國中(圍牆旁人行道上)","land_parcel":"國宅段00960002","diameter_m":0.67,"girth_m":0.1,"estimated_age":47,"status":"公告列管","countyCode":"65000"}},{"type":"Feature","id":"107-林-25","geometry":{"type":"Point","coordinates":[121.37715823822572,25.076247573251145]},"properties":{"name":"白千層","code":"107-林-25","county":"新北市","scientific_name":"Melaleuca leucadendra","address":"林口區林口國中(圍牆旁人行道上)","land_parcel":"國宅段00960002","diameter_m":0.65,"girth_m":2.05,"estimated_age":47,"status":"公告列管","countyCode":"65000"}},{"type":"Feature","id":"107-林-26","geometry":{"type":"Point","coordinates":[121.37707899123374,25.076265830919073]},"properties":{"name":"白千層","code":"107-林-26","county":"新北市","scientific_name":"Melaleuca leucadendra","address":"林口區林口國中(圍牆旁人行道上)","land_parcel":"國宅段00960002","diameter_m":0.8300000000000001,"girth_m":2.6,"estimated_age":47,"status":"公告列管","countyCode":"65000"}},{"type":"Feature","id":"107-林-27","geometry":{"type":"Point","coordinates":[121.37702953787955,25.076302069197745]},"properties":{"name":"白千層","code":"107-林-27","county":"新北市","scientific_name":"Melaleuca leucadendra","address":"林口區林口國中(圍牆旁人行道上)","land_parcel":"國宅段00960002","diameter_m":0.48,"girth_m":1.5,"estimated_age":47,"status":"公告列管","countyCode":"65000"}},{"type":"Feature","id":"107-林-28","geometry":{"type":"Point","coordinates":[121.37710922734216,25.076428261052083]},"properties":{"name":"白千層","code":"107-林-28","county":"新北市","scientific_name":"Melaleuca leucadendra","address":"林口區林口國中(世大運選手村圍牆旁，旁有路燈)","land_parcel":"國宅段00960002","diameter_m":0.8,"girth_m":2.5,"estimated_age":47,"status":"公告列管","countyCode":"65000"}},{"type":"Feature","id":"107-林-29","geometry":{"type":"Point","coordinates":[121.377159316818,25.07659966889272]},"properties":{"name":"白千層","code":"107-林-29","county":"新北市","scientific_name":"Melaleuca leucadendra","address":"林口區林口國中(世大運選手村圍牆旁)","land_parcel":"國宅段00960002","diameter_m":1.16,"girth_m":3.65,"estimated_age":47,"status":"公告列管","countyCode":"65000"}},{"type":"Feature","id":"107-林-30","geometry":{"type":"Point","coordinates":[121.37715942744397,25.076635781265267]},"properties":{"name":"白千層","code":"107-林-30","county":"新北市","scientific_name":"Melaleuca leucadendra","address":"林口區林口國中(世大運選手村圍牆旁)","land_parcel":"國宅段00960002","diameter_m":0.99,"girth_m":3.1,"estimated_age":47,"status":"公告列管","countyCode":"65000"}},{"type":"Feature","id":"107-林-31","geometry":{"type":"Point","coordinates":[121.37717939136951,25.07668087135294]},"properties":{"name":"白千層","code":"107-林-31","county":"新北市","scientific_name":"Melaleuca leucadendra","address":"林口區林口國中(世大運選手村圍牆旁)","land_parcel":"國宅段00960002","diameter_m":0.67,"girth_m":2.1,"estimated_age":47,"status":"公告列管","countyCode":"65000"}},{"type":"Feature","id":"107-林-33","geometry":{"type":"Point","coordinates":[121.37717958497616,25.07674406800395]},"properties":{"name":"白千層","code":"107-林-33","county":"新北市","scientific_name":"Melaleuca leucadendra","address":"林口區林口國中(正對飛揚館右斜前方，旁有1路燈)","land_parcel":"國宅段00960002","diameter_m":0.86,"girth_m":2.7,"estimated_age":47,"status":"公告列管","countyCode":"65000"}},{"type":"Feature","id":"107-林-34","geometry":{"type":"Point","coordinates":[121.37712030159408,25.076807415780607]},"properties":{"name":"白千層","code":"107-林-34","county":"新北市","scientific_name":"Melaleuca leucadendra","address":"林口區林口國中(飛揚館旁樟樹下面)","land_parcel":"國宅段00960002","diameter_m":0.76,"girth_m":2.4,"estimated_age":47,"status":"公告列管","countyCode":"65000"}},{"type":"Feature","id":"107-林-35","geometry":{"type":"Point","coordinates":[121.3771302697349,25.076825446780415]},"properties":{"name":"白千層","code":"107-林-35","county":"新北市","scientific_name":"Melaleuca leucadendra","address":"林口區林口國中(飛揚館旁殘障坡道口)","land_parcel":"國宅段00960002","diameter_m":0.91,"girth_m":2.85,"estimated_age":47,"status":"公告列管","countyCode":"65000"}},{"type":"Feature","id":"107-林-36","geometry":{"type":"Point","coordinates":[121.37717022530066,25.076924655050473]},"properties":{"name":"白千層","code":"107-林-36","county":"新北市","scientific_name":"Melaleuca leucadendra","address":"林口區林口國中(飛揚館殘障坡道前面)","land_parcel":"國宅段00960002","diameter_m":0.8,"girth_m":2.5,"estimated_age":47,"status":"公告列管","countyCode":"65000"}},{"type":"Feature","id":"107-林-37","geometry":{"type":"Point","coordinates":[121.37707129044334,25.07698810355866]},"properties":{"name":"白千層","code":"107-林-37","county":"新北市","scientific_name":"Melaleuca leucadendra","address":"林口區林口國中(飛揚館正門口)","land_parcel":"國宅段00960000","diameter_m":0.81,"girth_m":2.5500000000000003,"estimated_age":47,"status":"公告列管","countyCode":"65000"}},{"type":"Feature","id":"107-林-38","geometry":{"type":"Point","coordinates":[121.37713134827551,25.0771775423957]},"properties":{"name":"白千層","code":"107-林-38","county":"新北市","scientific_name":"Melaleuca leucadendra","address":"林口區林口國中(近飛揚館)","land_parcel":"國宅段00960000","diameter_m":1.04,"girth_m":3.25,"estimated_age":47,"status":"公告列管","countyCode":"65000"}},{"type":"Feature","id":"107-林-39","geometry":{"type":"Point","coordinates":[121.37711160551383,25.07720467704544]},"properties":{"name":"白千層","code":"107-林-39","county":"新北市","scientific_name":"Melaleuca leucadendra","address":"林口區林口國中(飛揚館周邊)","land_parcel":"國宅段00960000","diameter_m":0.68,"girth_m":2.15,"estimated_age":47,"status":"公告列管","countyCode":"65000"}},{"type":"Feature","id":"107-林-43","geometry":{"type":"Point","coordinates":[121.37710207979363,25.077331095524293]},"properties":{"name":"白千層","code":"107-林-43","county":"新北市","scientific_name":"Melaleuca leucadendra","address":"林口區林口國中(靜謙樓前人行道上)","land_parcel":"國宅段00960000","diameter_m":0.92,"girth_m":2.9,"estimated_age":47,"status":"公告列管","countyCode":"65000"}},{"type":"Feature","id":"107-林-44","geometry":{"type":"Point","coordinates":[121.37712201615986,25.077367157522147]},"properties":{"name":"白千層","code":"107-林-44","county":"新北市","scientific_name":"Melaleuca leucadendra","address":"林口區林口國中(靜謙樓前人行道上)","land_parcel":"國宅段00960000","diameter_m":0.76,"girth_m":2.4,"estimated_age":47,"status":"公告列管","countyCode":"65000"}},{"type":"Feature","id":"107-林-45","geometry":{"type":"Point","coordinates":[121.37705295781919,25.077475670917632]},"properties":{"name":"白千層","code":"107-林-45","county":"新北市","scientific_name":"Melaleuca leucadendra","address":"林口區林口國中(靜謙樓前人行道上)","land_parcel":"國宅段00960000","diameter_m":0.91,"girth_m":2.85,"estimated_age":47,"status":"公告列管","countyCode":"65000"}},{"type":"Feature","id":"107-林-46","geometry":{"type":"Point","coordinates":[121.37698359526517,25.07748487526657]},"properties":{"name":"白千層","code":"107-林-46","county":"新北市","scientific_name":"Melaleuca leucadendra","address":"林口區林口國中(靜謙樓前人行道上)","land_parcel":"國宅段00960000","diameter_m":0.59,"girth_m":1.85,"estimated_age":47,"status":"公告列管","countyCode":"65000"}},{"type":"Feature","id":"107-林-47","geometry":{"type":"Point","coordinates":[121.37727647238562,25.07601254051703]},"properties":{"name":"白千層","code":"107-林-47","county":"新北市","scientific_name":"Melaleuca leucadendra","address":"林口區林口國中(校門口籃球場旁)","land_parcel":"國宅段00960000","diameter_m":0.59,"girth_m":1.85,"estimated_age":47,"status":"公告列管","countyCode":"65000"}},{"type":"Feature","id":"107-林-48","geometry":{"type":"Point","coordinates":[121.37728644048318,25.076030571508753]},"properties":{"name":"白千層","code":"107-林-48","county":"新北市","scientific_name":"Melaleuca leucadendra","address":"林口區林口國中(校門口籃球場旁)","land_parcel":"國宅段00960000","diameter_m":0.72,"girth_m":2.5500000000000003,"estimated_age":47,"status":"公告列管","countyCode":"65000"}},{"type":"Feature","id":"107-林-49","geometry":{"type":"Point","coordinates":[121.37729635325202,25.07603054631235]},"properties":{"name":"白千層","code":"107-林-49","county":"新北市","scientific_name":"Melaleuca leucadendra","address":"林口區林口國中(校門口籃球場旁)","land_parcel":"國宅段00960000","diameter_m":0.56,"girth_m":1.75,"estimated_age":47,"status":"公告列管","countyCode":"65000"}},{"type":"Feature","id":"107-林-50","geometry":{"type":"Point","coordinates":[121.37738529144838,25.075940038578143]},"properties":{"name":"白千層","code":"107-林-50","county":"新北市","scientific_name":"Melaleuca leucadendra","address":"林口區林口國中(校門口籃球場旁)","land_parcel":"國宅段00960000","diameter_m":0.92,"girth_m":2.9,"estimated_age":47,"status":"公告列管","countyCode":"65000"}},{"type":"Feature","id":"107-林-52","geometry":{"type":"Point","coordinates":[121.37697335065215,25.07737656333535]},"properties":{"name":"白千層","code":"107-林-52","county":"新北市","scientific_name":"Melaleuca leucadendra","address":"林口區林口國中(靜謙樓對面)","land_parcel":"國宅段00960000","diameter_m":0.73,"girth_m":2.3000000000000003,"estimated_age":47,"status":"公告列管","countyCode":"65000"}},{"type":"Feature","id":"107-林-53","geometry":{"type":"Point","coordinates":[121.37741608136935,25.076283030519814]},"properties":{"name":"白千層","code":"107-林-53","county":"新北市","scientific_name":"Melaleuca leucadendra","address":"林口區林口國中","land_parcel":"國宅段00960000","diameter_m":0.81,"girth_m":2.5500000000000003,"estimated_age":47,"status":"公告列管","countyCode":"65000"}},{"type":"Feature","id":"107-林-54","geometry":{"type":"Point","coordinates":[121.37724797889332,25.07641888030927]},"properties":{"name":"白千層","code":"107-林-54","county":"新北市","scientific_name":"Melaleuca leucadendra","address":"林口區林口國中","land_parcel":"國宅段00960000","diameter_m":1.04,"girth_m":3.25,"estimated_age":47,"status":"公告列管","countyCode":"65000"}},{"type":"Feature","id":"107-林-56","geometry":{"type":"Point","coordinates":[121.37728793441693,25.076518088553502]},"properties":{"name":"白千層","code":"107-林-56","county":"新北市","scientific_name":"Melaleuca leucadendra","address":"林口區林口國中","land_parcel":"國宅段00960000","diameter_m":0.97,"girth_m":3.0500000000000003,"estimated_age":47,"status":"公告列管","countyCode":"65000"}},{"type":"Feature","id":"107-林-57","geometry":{"type":"Point","coordinates":[121.37725836197448,25.076572332699165]},"properties":{"name":"白千層","code":"107-林-57","county":"新北市","scientific_name":"Melaleuca leucadendra","address":"林口區林口國中","land_parcel":"國宅段00960000","diameter_m":0.51,"girth_m":1.6,"estimated_age":47,"status":"公告列管","countyCode":"65000"}},{"type":"Feature","id":"107-林-58","geometry":{"type":"Point","coordinates":[121.37725847262939,25.076608445071436]},"properties":{"name":"白千層","code":"107-林-58","county":"新北市","scientific_name":"Melaleuca leucadendra","address":"林口區林口國中","land_parcel":"國宅段00960000","diameter_m":0.61,"girth_m":1.9000000000000001,"estimated_age":47,"status":"公告列管","countyCode":"65000"}},{"type":"Feature","id":"107-林-59","geometry":{"type":"Point","coordinates":[121.3772288724911,25.076653661117955]},"properties":{"name":"白千層","code":"107-林-59","county":"新北市","scientific_name":"Melaleuca leucadendra","address":"林口區林口國中","land_parcel":"國宅段00960000","diameter_m":0.75,"girth_m":2.35,"estimated_age":47,"status":"公告列管","countyCode":"65000"}},{"type":"Feature","id":"107-林-60","geometry":{"type":"Point","coordinates":[121.37725863861215,25.0766626136295]},"properties":{"name":"白千層","code":"107-林-60","county":"新北市","scientific_name":"Melaleuca leucadendra","address":"林口區林口國中","land_parcel":"國宅段00960000","diameter_m":0.41000000000000003,"girth_m":1.3,"estimated_age":47,"status":"公告列管","countyCode":"65000"}},{"type":"Feature","id":"107-林-61","geometry":{"type":"Point","coordinates":[121.37726866209029,25.076698700806148]},"properties":{"name":"白千層","code":"107-林-61","county":"新北市","scientific_name":"Melaleuca leucadendra","address":"林口區林口國中","land_parcel":"國宅段00960000","diameter_m":0.64,"girth_m":2,"estimated_age":47,"status":"公告列管","countyCode":"65000"}},{"type":"Feature","id":"107-林-62","geometry":{"type":"Point","coordinates":[121.37727865790905,25.076725759888987]},"properties":{"name":"白千層","code":"107-林-62","county":"新北市","scientific_name":"Melaleuca leucadendra","address":"林口區林口國中","land_parcel":"國宅段00960000","diameter_m":0.59,"girth_m":1.85,"estimated_age":47,"status":"公告列管","countyCode":"65000"}},{"type":"Feature","id":"107-林-63","geometry":{"type":"Point","coordinates":[121.37727893456353,25.076816040817246]},"properties":{"name":"白千層","code":"107-林-63","county":"新北市","scientific_name":"Melaleuca leucadendra","address":"林口區林口國中","land_parcel":"國宅段00960000","diameter_m":0.75,"girth_m":2.35,"estimated_age":47,"status":"公告列管","countyCode":"65000"}},{"type":"Feature","id":"107-林-64","geometry":{"type":"Point","coordinates":[121.37723922790977,25.076798085411564]},"properties":{"name":"白千層","code":"107-林-64","county":"新北市","scientific_name":"Melaleuca leucadendra","address":"林口區林口國中","land_parcel":"國宅段00960000","diameter_m":0.92,"girth_m":2.9,"estimated_age":47,"status":"公告列管","countyCode":"65000"}},{"type":"Feature","id":"107-林-66","geometry":{"type":"Point","coordinates":[121.37719974254509,25.0768523547379]},"properties":{"name":"白千層","code":"107-林-66","county":"新北市","scientific_name":"Melaleuca leucadendra","address":"林口區林口國中","land_parcel":"國宅段00960000","diameter_m":0.99,"girth_m":3.1,"estimated_age":47,"status":"公告列管","countyCode":"65000"}},{"type":"Feature","id":"107-林-67","geometry":{"type":"Point","coordinates":[121.37718985736898,25.076861408021443]},"properties":{"name":"白千層","code":"107-林-67","county":"新北市","scientific_name":"Melaleuca leucadendra","address":"林口區林口國中","land_parcel":"國宅段00960000","diameter_m":1.07,"girth_m":3.35,"estimated_age":47,"status":"公告列管","countyCode":"65000"}},{"type":"Feature","id":"107-林-68","geometry":{"type":"Point","coordinates":[121.37717999984976,25.076879489397147]},"properties":{"name":"白千層","code":"107-林-68","county":"新北市","scientific_name":"Melaleuca leucadendra","address":"林口區林口國中(操場旁)","land_parcel":"國宅段00960000","diameter_m":0.51,"girth_m":1.6,"estimated_age":47,"status":"公告列管","countyCode":"65000"}},{"type":"Feature","id":"107-林-69","geometry":{"type":"Point","coordinates":[121.37716031245968,25.076924680239298]},"properties":{"name":"白千層","code":"107-林-69","county":"新北市","scientific_name":"Melaleuca leucadendra","address":"林口區林口國中(操場旁)","land_parcel":"國宅段00960000","diameter_m":0.99,"girth_m":3.1,"estimated_age":47,"status":"公告列管","countyCode":"65000"}},{"type":"Feature","id":"107-林-70","geometry":{"type":"Point","coordinates":[121.3772000468032,25.07695166375814]},"properties":{"name":"白千層","code":"107-林-70","county":"新北市","scientific_name":"Melaleuca leucadendra","address":"林口區林口國中(司令台後方)","land_parcel":"國宅段00960000","diameter_m":0.78,"girth_m":2.45,"estimated_age":47,"status":"公告列管","countyCode":"65000"}},{"type":"Feature","id":"107-林-76","geometry":{"type":"Point","coordinates":[121.3770319431828,25.077087513304143]},"properties":{"name":"白千層","code":"107-林-76","county":"新北市","scientific_name":"Melaleuca leucadendra","address":"林口區林口國中(司令台後榕樹旁)","land_parcel":"國宅段00960000","diameter_m":0.54,"girth_m":1.7,"estimated_age":47,"status":"公告列管","countyCode":"65000"}},{"type":"Feature","id":"107-林-77","geometry":{"type":"Point","coordinates":[121.37703210906952,25.077141681860137]},"properties":{"name":"白千層","code":"107-林-77","county":"新北市","scientific_name":"Melaleuca leucadendra","address":"林口區林口國中(司令台後榕樹旁)","land_parcel":"國宅段00960000","diameter_m":0.72,"girth_m":2.25,"estimated_age":47,"status":"公告列管","countyCode":"65000"}},{"type":"Feature","id":"107-淡-53","geometry":{"type":"Point","coordinates":[121.42836001645348,25.1763382391714]},"properties":{"name":"樟樹","code":"107-淡-53","county":"新北市","scientific_name":"Cinnamomum camphora","address":"淡水區中正路一段6巷(淡水忠烈祠前中正路口)","land_parcel":"天生段16170000","diameter_m":0.68,"girth_m":2.14,"estimated_age":60,"status":"公告列管","countyCode":"65000"}},{"type":"Feature","id":"107-淡-54","geometry":{"type":"Point","coordinates":[121.42840020457065,25.176482570945552]},"properties":{"name":"木麻黃","code":"107-淡-54","county":"新北市","scientific_name":"Casuarina equisetifolia","address":"淡水區中正路一段6巷(淡水忠烈祠前中正路口)","land_parcel":"天生段16170000","diameter_m":0.87,"girth_m":2.72,"estimated_age":60,"status":"公告列管","countyCode":"65000"}},{"type":"Feature","id":"107-淡-56","geometry":{"type":"Point","coordinates":[121.42836064752217,25.17651879746341]},"properties":{"name":"樟樹","code":"107-淡-56","county":"新北市","scientific_name":"Cinnamomum camphora","address":"淡水區中正路一段6巷(淡水忠烈祠前中正路口)","land_parcel":"天生段16170000","diameter_m":0.39,"girth_m":1.22,"estimated_age":60,"status":"公告列管","countyCode":"65000"}},{"type":"Feature","id":"107-淡-57","geometry":{"type":"Point","coordinates":[121.42839040997801,25.176518711319414]},"properties":{"name":"樟樹","code":"107-淡-57","county":"新北市","scientific_name":"Cinnamomum camphora","address":"淡水區中正路一段6巷(淡水忠烈祠前中正路口)","land_parcel":"天生段16170000","diameter_m":0.41000000000000003,"girth_m":1.3,"estimated_age":60,"status":"公告列管","countyCode":"65000"}},{"type":"Feature","id":"107-淡-58","geometry":{"type":"Point","coordinates":[121.42842061424678,25.17664501597022]},"properties":{"name":"樟樹","code":"107-淡-58","county":"新北市","scientific_name":"Cinnamomum camphora","address":"淡水區中正路一段6巷(淡水忠烈祠前中正路口)","land_parcel":"天生段16200000","diameter_m":0.5,"girth_m":1.58,"estimated_age":60,"status":"公告列管","countyCode":"65000"}},{"type":"Feature","id":"107-淡-59","geometry":{"type":"Point","coordinates":[121.42839100954055,25.176690241692054]},"properties":{"name":"樟樹","code":"107-淡-59","county":"新北市","scientific_name":"Cinnamomum camphora","address":"淡水區中正路一段6巷(淡水忠烈祠前中正路口)","land_parcel":"天生段16200000","diameter_m":0.53,"girth_m":1.67,"estimated_age":60,"status":"公告列管","countyCode":"65000"}},{"type":"Feature","id":"107-淡-60","geometry":{"type":"Point","coordinates":[121.42841088276298,25.176699212173173]},"properties":{"name":"樟樹","code":"107-淡-60","county":"新北市","scientific_name":"Cinnamomum camphora","address":"淡水區中正路一段6巷(淡水忠烈祠前中正路口)","land_parcel":"天生段16200000","diameter_m":0.4,"girth_m":1.26,"estimated_age":60,"status":"公告列管","countyCode":"65000"}},{"type":"Feature","id":"107-淡-61","geometry":{"type":"Point","coordinates":[121.42845072389807,25.17674423686962]},"properties":{"name":"樟樹","code":"107-淡-61","county":"新北市","scientific_name":"Cinnamomum camphora","address":"淡水區中正路一段6巷(淡水忠烈祠前中正路口)","land_parcel":"天生段16200000","diameter_m":0.73,"girth_m":2.3000000000000003,"estimated_age":60,"status":"公告列管","countyCode":"65000"}},{"type":"Feature","id":"107-淡-62","geometry":{"type":"Point","coordinates":[121.42873752908672,25.267086106150522]},"properties":{"name":"樟樹","code":"107-淡-62","county":"新北市","scientific_name":"Cinnamomum camphora","address":"淡水區中正路一段6巷(淡水忠烈祠前中正路口)","land_parcel":"天生段16260000","diameter_m":0.469,"girth_m":1.4734057100000002,"estimated_age":60,"status":"公告列管","countyCode":null}},{"type":"Feature","id":"107-淡-63","geometry":{"type":"Point","coordinates":[121.4284211507381,25.176798490511125]},"properties":{"name":"樟樹","code":"107-淡-63","county":"新北市","scientific_name":"Cinnamomum camphora","address":"淡水區中正路一段6巷(淡水忠烈祠前中正路口)","land_parcel":"天生段16260000","diameter_m":0.6,"girth_m":1.8800000000000001,"estimated_age":60,"status":"公告列管","countyCode":"65000"}},{"type":"Feature","id":"107-淡-64","geometry":{"type":"Point","coordinates":[121.42846108659418,25.176870598945612]},"properties":{"name":"樟樹","code":"107-淡-64","county":"新北市","scientific_name":"Cinnamomum camphora","address":"淡水區中正路一段6巷(淡水忠烈祠前中正路口)","land_parcel":"天生段16260000","diameter_m":0.47000000000000003,"girth_m":1.48,"estimated_age":60,"status":"公告列管","countyCode":"65000"}},{"type":"Feature","id":"107-淡-65","geometry":{"type":"Point","coordinates":[121.42846121284025,25.176906710601283]},"properties":{"name":"樟樹","code":"107-淡-65","county":"新北市","scientific_name":"Cinnamomum camphora","address":"淡水區中正路一段6巷(淡水忠烈祠前中正路口)","land_parcel":"天生段16260000","diameter_m":0.54,"girth_m":1.68,"estimated_age":60,"status":"公告列管","countyCode":"65000"}},{"type":"Feature","id":"107-淡-66","geometry":{"type":"Point","coordinates":[121.42846127596337,25.17692476642906]},"properties":{"name":"樟樹","code":"107-淡-66","county":"新北市","scientific_name":"Cinnamomum camphora","address":"淡水區中正路一段6巷(淡水忠烈祠前中正路口)","land_parcel":"天生段16260000","diameter_m":0.5,"girth_m":1.57,"estimated_age":60,"status":"公告列管","countyCode":"65000"}},{"type":"Feature","id":"107-淡-67","geometry":{"type":"Point","coordinates":[121.42846124440182,25.176915738515188]},"properties":{"name":"樟樹","code":"107-淡-67","county":"新北市","scientific_name":"Cinnamomum camphora","address":"淡水區中正路一段6巷(淡水忠烈祠前中正路口)","land_parcel":"天生段16260000","diameter_m":0.42,"girth_m":1.31,"estimated_age":60,"status":"公告列管","countyCode":"65000"}},{"type":"Feature","id":"107-淡-68","geometry":{"type":"Point","coordinates":[121.42846146533314,25.17697893391212]},"properties":{"name":"樟樹","code":"107-淡-68","county":"新北市","scientific_name":"Cinnamomum camphora","address":"淡水區中正路一段6巷(淡水忠烈祠前中正路口)","land_parcel":"天生段16260000","diameter_m":0.3,"girth_m":0.9500000000000001,"estimated_age":60,"status":"公告列管","countyCode":"65000"}},{"type":"Feature","id":"107-淡-69","geometry":{"type":"Point","coordinates":[121.42850118032061,25.17698784693689]},"properties":{"name":"樟樹","code":"107-淡-69","county":"新北市","scientific_name":"Cinnamomum camphora","address":"淡水區中正路一段6巷(淡水忠烈祠前中正路口)","land_parcel":"天生段16260000","diameter_m":0.7959999999999999,"girth_m":2.50070564,"estimated_age":60,"status":"公告列管","countyCode":"65000"}},{"type":"Feature","id":"107-淡-70","geometry":{"type":"Point","coordinates":[121.42848162267671,25.17706915560627]},"properties":{"name":"樟樹","code":"107-淡-70","county":"新北市","scientific_name":"Cinnamomum camphora","address":"淡水區中正路一段6巷(淡水忠烈祠前中正路口)","land_parcel":"天生段16260000","diameter_m":0.44,"girth_m":1.37,"estimated_age":60,"status":"公告列管","countyCode":"65000"}},{"type":"Feature","id":"107-淡-71","geometry":{"type":"Point","coordinates":[121.42850136970854,25.1770420144192]},"properties":{"name":"樟樹","code":"107-淡-71","county":"新北市","scientific_name":"Cinnamomum camphora","address":"淡水區中正路一段6巷(淡水忠烈祠前中正路口)","land_parcel":"天生段16260000","diameter_m":0.5,"girth_m":1.57,"estimated_age":60,"status":"公告列管","countyCode":"65000"}},{"type":"Feature","id":"107-淡-72","geometry":{"type":"Point","coordinates":[121.42847173337623,25.177078212241973]},"properties":{"name":"樟樹","code":"107-淡-72","county":"新北市","scientific_name":"Cinnamomum camphora","address":"淡水區中正路一段6巷(淡水忠烈祠前中正路口)","land_parcel":"天生段16260000","diameter_m":0.41000000000000003,"girth_m":1.29,"estimated_age":60,"status":"公告列管","countyCode":"65000"}},{"type":"Feature","id":"107-淡-73","geometry":{"type":"Point","coordinates":[121.42850162222662,25.177114237728336]},"properties":{"name":"木麻黃","code":"107-淡-73","county":"新北市","scientific_name":"Casuarina equisetifolia","address":"淡水區中正路一段6巷(淡水忠烈祠前中正路口)","land_parcel":"天生段16260000","diameter_m":0.76,"girth_m":2.38,"estimated_age":60,"status":"公告列管","countyCode":"65000"}},{"type":"Feature","id":"107-淡-74","geometry":{"type":"Point","coordinates":[121.42857103672284,25.177105008732266]},"properties":{"name":"樟樹","code":"107-淡-74","county":"新北市","scientific_name":"Cinnamomum camphora","address":"淡水區中正路一段6巷(淡水忠烈祠前中正路口)","land_parcel":"天生段16280000","diameter_m":0.31,"girth_m":0.97,"estimated_age":60,"status":"公告列管","countyCode":"65000"}},{"type":"Feature","id":"107-淡-75","geometry":{"type":"Point","coordinates":[121.42850181161583,25.17716840520971]},"properties":{"name":"樟樹","code":"107-淡-75","county":"新北市","scientific_name":"Cinnamomum camphora","address":"淡水區中正路一段6巷(淡水忠烈祠前中正路口)","land_parcel":"天生段16280000","diameter_m":0.41000000000000003,"girth_m":1.3,"estimated_age":60,"status":"公告列管","countyCode":"65000"}},{"type":"Feature","id":"107-淡-76","geometry":{"type":"Point","coordinates":[121.42850203257062,25.177231600604152]},"properties":{"name":"樟樹","code":"107-淡-76","county":"新北市","scientific_name":"Cinnamomum camphora","address":"淡水區中正路一段6巷(淡水忠烈祠前中正路口)","land_parcel":"天生段16280000","diameter_m":0.58,"girth_m":1.81,"estimated_age":60,"status":"公告列管","countyCode":"65000"}},{"type":"Feature","id":"107-淡-77","geometry":{"type":"Point","coordinates":[121.42853185833344,25.17724957025627]},"properties":{"name":"樟樹","code":"107-淡-77","county":"新北市","scientific_name":"Cinnamomum camphora","address":"淡水區中正路一段6巷(淡水忠烈祠前中正路口)","land_parcel":"天生段16280000","diameter_m":0.52,"girth_m":1.6300000000000001,"estimated_age":60,"status":"公告列管","countyCode":"65000"}},{"type":"Feature","id":"107-淡-78","geometry":{"type":"Point","coordinates":[121.42889062120668,25.17770895923952]},"properties":{"name":"樟樹","code":"107-淡-78","county":"新北市","scientific_name":"Cinnamomum camphora","address":"淡水區中正路一段6巷(淡水忠烈祠前中正路口)","land_parcel":"天生段16010000","diameter_m":0.631,"girth_m":1.98234329,"estimated_age":60,"status":"公告列管","countyCode":"65000"}},{"type":"Feature","id":"107-淡-79","geometry":{"type":"Point","coordinates":[121.428712392141,25.1778087836782]},"properties":{"name":"樟樹","code":"107-淡-79","county":"新北市","scientific_name":"Cinnamomum camphora","address":"淡水區中正路一段6巷(淡水忠烈祠前中正路口)","land_parcel":"天生段16010000","diameter_m":0.61,"girth_m":1.93,"estimated_age":60,"status":"公告列管","countyCode":"65000"}},{"type":"Feature","id":"107-淡-86","geometry":{"type":"Point","coordinates":[121.428712392141,25.1778087836782]},"properties":{"name":"樟樹","code":"107-淡-86","county":"新北市","scientific_name":"Cinnamomum camphora","address":"淡水忠烈祠前公園","land_parcel":"天生段16010000","diameter_m":0.89,"girth_m":2.8000000000000003,"estimated_age":60,"status":"公告列管","countyCode":"65000"}},{"type":"Feature","id":"107-淡-87","geometry":{"type":"Point","coordinates":[121.42871248688506,25.17783586741565]},"properties":{"name":"樟樹","code":"107-淡-87","county":"新北市","scientific_name":"Cinnamomum camphora","address":"淡水忠烈祠前公園","land_parcel":"天生段16010000","diameter_m":0.785,"girth_m":2.46614815,"estimated_age":60,"status":"公告列管","countyCode":"65000"}},{"type":"Feature","id":"107-淡-88","geometry":{"type":"Point","coordinates":[121.42876231260448,25.17789891910066]},"properties":{"name":"樟樹","code":"107-淡-88","county":"新北市","scientific_name":"Cinnamomum camphora","address":"淡水忠烈祠前公園","land_parcel":"天生段16010000","diameter_m":0.8300000000000001,"girth_m":2.6,"estimated_age":60,"status":"公告列管","countyCode":"65000"}},{"type":"Feature","id":"107-淡-89","geometry":{"type":"Point","coordinates":[121.42885169574755,25.177925744131823]},"properties":{"name":"楓香","code":"107-淡-89","county":"新北市","scientific_name":"Liquidambar formosana","address":"淡水忠烈祠前公園","land_parcel":"天生段16010000","diameter_m":0.53,"girth_m":1.6500000000000001,"estimated_age":60,"status":"公告列管","countyCode":"65000"}},{"type":"Feature","id":"107-淡-90","geometry":{"type":"Point","coordinates":[121.42881207519761,25.177943914943278]},"properties":{"name":"楓香","code":"107-淡-90","county":"新北市","scientific_name":"Liquidambar formosana","address":"淡水忠烈祠前公園","land_parcel":"天生段16010000","diameter_m":0.86,"girth_m":2.7,"estimated_age":60,"status":"公告列管","countyCode":"65000"}},{"type":"Feature","id":"107-淡-91","geometry":{"type":"Point","coordinates":[121.428990873211,25.178006592801353]},"properties":{"name":"樟樹","code":"107-淡-91","county":"新北市","scientific_name":"Cinnamomum camphora","address":"淡水忠烈祠前公園","land_parcel":"天生段16010000","diameter_m":0.64,"girth_m":2,"estimated_age":60,"status":"公告列管","countyCode":"65000"}},{"type":"Feature","id":"107-淡-92","geometry":{"type":"Point","coordinates":[121.42897115773732,25.17804276196273]},"properties":{"name":"樟樹","code":"107-淡-92","county":"新北市","scientific_name":"Cinnamomum camphora","address":"淡水忠烈祠前公園","land_parcel":"天生段16010000","diameter_m":0.68,"girth_m":2.15,"estimated_age":60,"status":"公告列管","countyCode":"65000"}},{"type":"Feature","id":"107-淡-93","geometry":{"type":"Point","coordinates":[121.42901084150198,25.178042646932564]},"properties":{"name":"樟樹","code":"107-淡-93","county":"新北市","scientific_name":"Cinnamomum camphora","address":"淡水忠烈祠前公園","land_parcel":"天生段16010000","diameter_m":0.65,"girth_m":2.05,"estimated_age":60,"status":"公告列管","countyCode":"65000"}},{"type":"Feature","id":"107-淡-94","geometry":{"type":"Point","coordinates":[121.42901090470934,25.178060702756262]},"properties":{"name":"樟樹","code":"107-淡-94","county":"新北市","scientific_name":"Cinnamomum camphora","address":"淡水忠烈祠前公園","land_parcel":"天生段16010000","diameter_m":0.51,"girth_m":1.6,"estimated_age":60,"status":"公告列管","countyCode":"65000"}},{"type":"Feature","id":"107-淡-95","geometry":{"type":"Point","coordinates":[121.42852468380012,25.178035027406487]},"properties":{"name":"樟樹","code":"107-淡-95","county":"新北市","scientific_name":"Cinnamomum camphora","address":"淡水忠烈祠前中正東路左岔路(中正路一段8巷)","land_parcel":"天生段15940000","diameter_m":0.608,"girth_m":1.91008672,"estimated_age":60,"status":"公告列管","countyCode":"65000"}},{"type":"Feature","id":"107-淡-96","geometry":{"type":"Point","coordinates":[121.4285246522323,25.17802599949404]},"properties":{"name":"樟樹","code":"107-淡-96","county":"新北市","scientific_name":"Cinnamomum camphora","address":"淡水忠烈祠前中正東路左岔路","land_parcel":"天生段15940000","diameter_m":0.43,"girth_m":1.35,"estimated_age":60,"status":"公告列管","countyCode":"65000"}},{"type":"Feature","id":"107-淡-97","geometry":{"type":"Point","coordinates":[121.42861394069547,25.178025740930742]},"properties":{"name":"樟樹","code":"107-淡-97","county":"新北市","scientific_name":"Cinnamomum camphora","address":"淡水忠烈祠前中正東路左岔路","land_parcel":"天生段15920000","diameter_m":0.32,"girth_m":1,"estimated_age":60,"status":"公告列管","countyCode":"65000"}},{"type":"Feature","id":"107-淡-98","geometry":{"type":"Point","coordinates":[121.4286336878485,25.17799859972788]},"properties":{"name":"樟樹","code":"107-淡-98","county":"新北市","scientific_name":"Cinnamomum camphora","address":"淡水忠烈祠前中正東路左岔路","land_parcel":"天生段15920000","diameter_m":0.33,"girth_m":1.05,"estimated_age":60,"status":"公告列管","countyCode":"65000"}},{"type":"Feature","id":"107-淡-99","geometry":{"type":"Point","coordinates":[121.4286326774302,25.177709706526656]},"properties":{"name":"樟樹","code":"107-淡-99","county":"新北市","scientific_name":"Cinnamomum camphora","address":"淡水忠烈祠前中正東路左岔路","land_parcel":"天生段16000001","diameter_m":0.51,"girth_m":1.6,"estimated_age":60,"status":"公告列管","countyCode":"65000"}},{"type":"Feature","id":"107-淡-100","geometry":{"type":"Point","coordinates":[121.42862263021726,25.177673623608488]},"properties":{"name":"樟樹","code":"107-淡-100","county":"新北市","scientific_name":"Cinnamomum camphora","address":"淡水忠烈祠前中正東路左岔路","land_parcel":"天生段16000001","diameter_m":0.51,"girth_m":1.6,"estimated_age":60,"status":"公告列管","countyCode":"65000"}},{"type":"Feature","id":"107-淡-101","geometry":{"type":"Point","coordinates":[121.42865191930326,25.177538118715855]},"properties":{"name":"樟樹","code":"107-淡-101","county":"新北市","scientific_name":"Cinnamomum camphora","address":"淡水忠烈祠前中正東路左岔路","land_parcel":"天生段16000001","diameter_m":0.3,"girth_m":0.9500000000000001,"estimated_age":60,"status":"公告列管","countyCode":"65000"}},{"type":"Feature","id":"107-淡-102","geometry":{"type":"Point","coordinates":[121.42865195087978,25.17754714662875]},"properties":{"name":"樟樹","code":"107-淡-102","county":"新北市","scientific_name":"Cinnamomum camphora","address":"淡水忠烈祠前中正東路左岔路","land_parcel":"天生段16000001","diameter_m":0.45,"girth_m":1.4000000000000001,"estimated_age":60,"status":"公告列管","countyCode":"65000"}},{"type":"Feature","id":"107-淡-103","geometry":{"type":"Point","coordinates":[121.42862199872955,25.17749306535086]},"properties":{"name":"樟樹","code":"107-淡-103","county":"新北市","scientific_name":"Cinnamomum camphora","address":"淡水忠烈祠前中正東路左岔路","land_parcel":"天生段16000001","diameter_m":0.33,"girth_m":1.05,"estimated_age":60,"status":"公告列管","countyCode":"65000"}},{"type":"Feature","id":"107-淡-104","geometry":{"type":"Point","coordinates":[121.42863188805177,25.177484008705324]},"properties":{"name":"樟樹","code":"107-淡-104","county":"新北市","scientific_name":"Cinnamomum camphora","address":"淡水忠烈祠前中正東路左岔路","land_parcel":"天生段16000001","diameter_m":0.78,"girth_m":2.45,"estimated_age":60,"status":"公告列管","countyCode":"65000"}},{"type":"Feature","id":"107-淡-105","geometry":{"type":"Point","coordinates":[121.42855362580788,25.177800215498248]},"properties":{"name":"樟樹","code":"107-淡-105","county":"新北市","scientific_name":"Cinnamomum camphora","address":"淡水忠烈祠前中正東路左岔路","land_parcel":"天生段15990000","diameter_m":0.61,"girth_m":1.9000000000000001,"estimated_age":60,"status":"公告列管","countyCode":"65000"}},{"type":"Feature","id":"107-淡-106","geometry":{"type":"Point","coordinates":[121.42856313631654,25.17768282390409]},"properties":{"name":"樟樹","code":"107-淡-106","county":"新北市","scientific_name":"Cinnamomum camphora","address":"淡水忠烈祠前中正東路左岔路","land_parcel":"天生段15990000","diameter_m":0.5700000000000001,"girth_m":1.8,"estimated_age":60,"status":"公告列管","countyCode":"65000"}},{"type":"Feature","id":"107-淡-107","geometry":{"type":"Point","coordinates":[121.42852320012855,25.177610715509314]},"properties":{"name":"樟樹","code":"107-淡-107","county":"新北市","scientific_name":"Cinnamomum camphora","address":"淡水忠烈祠前中正東路左岔路","land_parcel":"天生段15990000","diameter_m":0.25,"girth_m":0.8,"estimated_age":60,"status":"公告列管","countyCode":"65000"}},{"type":"Feature","id":"107-淡-108","geometry":{"type":"Point","coordinates":[121.42846357999932,25.177583804112533]},"properties":{"name":"樟樹","code":"107-淡-108","county":"新北市","scientific_name":"Cinnamomum camphora","address":"淡水忠烈祠前中正東路左岔路","land_parcel":"天生段15990000","diameter_m":0.67,"girth_m":2.1,"estimated_age":60,"status":"公告列管","countyCode":"65000"}},{"type":"Feature","id":"107-淡-109","geometry":{"type":"Point","coordinates":[121.428503263618,25.177583689220416]},"properties":{"name":"樟樹","code":"107-淡-109","county":"新北市","scientific_name":"Cinnamomum camphora","address":"淡水忠烈祠前中正東路左岔路","land_parcel":"天生段15990001","diameter_m":0.38,"girth_m":1.2,"estimated_age":60,"status":"公告列管","countyCode":"65000"}},{"type":"Feature","id":"107-淡-110","geometry":{"type":"Point","coordinates":[121.42843246019773,25.17719569000095]},"properties":{"name":"樟樹","code":"107-淡-110","county":"新北市","scientific_name":"Cinnamomum camphora","address":"淡水忠烈祠前中正東路左岔路","land_parcel":"天生段15990000","diameter_m":0.54,"girth_m":1.7,"estimated_age":60,"status":"公告列管","countyCode":"65000"}},{"type":"Feature","id":"107-淡-111","geometry":{"type":"Point","coordinates":[121.428412429101,25.177141579956203]},"properties":{"name":"樟樹","code":"107-淡-111","county":"新北市","scientific_name":"Cinnamomum camphora","address":"淡水忠烈祠前中正東路左岔路","land_parcel":"天生段15990000","diameter_m":0.56,"girth_m":1.75,"estimated_age":60,"status":"公告列管","countyCode":"65000"}},{"type":"Feature","id":"107-淡-112","geometry":{"type":"Point","coordinates":[121.4289821215353,25.17834065429274]},"properties":{"name":"木麻黃","code":"107-淡-112","county":"新北市","scientific_name":"Casuarina equisetifolia","address":"淡水區中正路一段6巷31-1號(淡水忠烈祠右側媽媽嘴咖啡廳旁)","land_parcel":"天生段05600002","diameter_m":0.49,"girth_m":1.55,"estimated_age":60,"status":"公告列管","countyCode":"65000"}},{"type":"Feature","id":"107-淡-113","geometry":{"type":"Point","coordinates":[121.42912136278316,25.17843955865026]},"properties":{"name":"木麻黃","code":"107-淡-113","county":"新北市","scientific_name":"Casuarina equisetifolia","address":"淡水忠烈祠右側媽媽嘴咖啡廳前","land_parcel":"天生段05600001","diameter_m":0.53,"girth_m":1.6500000000000001,"estimated_age":60,"status":"公告列管","countyCode":"65000"}},{"type":"Feature","id":"107-淡-114","geometry":{"type":"Point","coordinates":[121.42916079375367,25.178367220288177]},"properties":{"name":"木麻黃","code":"107-淡-114","county":"新北市","scientific_name":"Casuarina equisetifolia","address":"淡水忠烈祠右側媽媽嘴咖啡廳前","land_parcel":"天生段05600001","diameter_m":0.56,"girth_m":1.75,"estimated_age":60,"status":"公告列管","countyCode":"65000"}},{"type":"Feature","id":"107-淡-116","geometry":{"type":"Point","coordinates":[121.42843675247744,25.178423486145515]},"properties":{"name":"木麻黃","code":"107-淡-116","county":"新北市","scientific_name":"Casuarina equisetifolia","address":"淡水忠烈祠內前廣場","land_parcel":"天生段05730000","diameter_m":0.48,"girth_m":1.5,"estimated_age":60,"status":"公告列管","countyCode":"65000"}},{"type":"Feature","id":"107-淡-117","geometry":{"type":"Point","coordinates":[121.42845653129609,25.178405372878483]},"properties":{"name":"木麻黃","code":"107-淡-117","county":"新北市","scientific_name":"Casuarina equisetifolia","address":"淡水忠烈祠內前廣場","land_parcel":"天生段05730000","diameter_m":0.41000000000000003,"girth_m":1.3,"estimated_age":60,"status":"公告列管","countyCode":"65000"}},{"type":"Feature","id":"107-淡-118","geometry":{"type":"Point","coordinates":[121.42847608915584,25.178324064224036]},"properties":{"name":"木麻黃","code":"107-淡-118","county":"新北市","scientific_name":"Casuarina equisetifolia","address":"淡水忠烈祠內前廣場","land_parcel":"天生段05730000","diameter_m":0.51,"girth_m":1.6,"estimated_age":60,"status":"公告列管","countyCode":"65000"}},{"type":"Feature","id":"107-淡-119","geometry":{"type":"Point","coordinates":[121.42841687897153,25.178414515673673]},"properties":{"name":"木麻黃","code":"107-淡-119","county":"新北市","scientific_name":"Casuarina equisetifolia","address":"淡水忠烈祠內前廣場","land_parcel":"天生段05730000","diameter_m":0.38,"girth_m":1.2,"estimated_age":60,"status":"公告列管","countyCode":"65000"}},{"type":"Feature","id":"107-淡-120","geometry":{"type":"Point","coordinates":[121.42840689488011,25.178396488568524]},"properties":{"name":"木麻黃","code":"107-淡-120","county":"新北市","scientific_name":"Casuarina equisetifolia","address":"淡水忠烈祠內前廣場","land_parcel":"天生段05730000","diameter_m":0.48,"girth_m":1.5,"estimated_age":60,"status":"公告列管","countyCode":"65000"}},{"type":"Feature","id":"107-淡-121","geometry":{"type":"Point","coordinates":[121.4281984914062,25.178379035691094]},"properties":{"name":"樟樹","code":"107-淡-121","county":"新北市","scientific_name":"Cinnamomum camphora","address":"淡水忠烈祠內前廣場","land_parcel":"天生段05730000","diameter_m":0.67,"girth_m":2.1,"estimated_age":60,"status":"公告列管","countyCode":"65000"}},{"type":"Feature","id":"107-淡-122","geometry":{"type":"Point","coordinates":[121.42824768613103,25.178261529297373]},"properties":{"name":"印度橡膠樹","code":"107-淡-122","county":"新北市","scientific_name":"Ficus elastica","address":"淡水忠烈祠內","land_parcel":"天生段05730000","diameter_m":1.16,"girth_m":3.65,"estimated_age":60,"status":"公告列管","countyCode":"65000"}},{"type":"Feature","id":"107-淡-123","geometry":{"type":"Point","coordinates":[121.42822951618632,25.178740066060037]},"properties":{"name":"樟樹","code":"107-淡-123","county":"新北市","scientific_name":"Cinnamomum camphora","address":"淡水忠烈祠內","land_parcel":"天生段05740000","diameter_m":0.56,"girth_m":1.75,"estimated_age":60,"status":"公告列管","countyCode":"65000"}},{"type":"Feature","id":"107-淡-124","geometry":{"type":"Point","coordinates":[121.42842872520323,25.17896518957138]},"properties":{"name":"樟樹","code":"107-淡-124","county":"新北市","scientific_name":"Cinnamomum camphora","address":"淡水忠烈祠內","land_parcel":"天生段05740000","diameter_m":0.86,"girth_m":2.7,"estimated_age":60,"status":"公告列管","countyCode":"65000"}},{"type":"Feature","id":"107-淡-125","geometry":{"type":"Point","coordinates":[121.42819046307835,25.178920739121097]},"properties":{"name":"台灣肖楠","code":"107-淡-125","county":"新北市","scientific_name":"Calocedrus macrolepis Kurz var. formosana","address":"淡水忠烈祠內","land_parcel":"天生段05740000","diameter_m":0.35000000000000003,"girth_m":1.1,"estimated_age":60,"status":"公告列管","countyCode":"65000"}},{"type":"Feature","id":"107-淡-127","geometry":{"type":"Point","coordinates":[121.42835091602093,25.17657299366355]},"properties":{"name":"榕樹","code":"107-淡-127","county":"新北市","scientific_name":"Ficus microcarpa","address":"淡水忠烈祠前中正路口","land_parcel":"天生段15990000","diameter_m":2.07,"girth_m":6.5,"estimated_age":60,"status":"公告列管","countyCode":"65000"}},{"type":"Feature","id":"107-淡-128","geometry":{"type":"Point","coordinates":[121.42863359312113,25.177971515990745]},"properties":{"name":"榕樹","code":"107-淡-128","county":"新北市","scientific_name":"Ficus microcarpa","address":"淡水忠烈祠前公園","land_parcel":"天生段16010000","diameter_m":0.99,"girth_m":3.1,"estimated_age":60,"status":"公告列管","countyCode":"65000"}},{"type":"Feature","id":"107-淡-129","geometry":{"type":"Point","coordinates":[121.4286336878485,25.17799859972788]},"properties":{"name":"榕樹","code":"107-淡-129","county":"新北市","scientific_name":"Ficus microcarpa","address":"淡水忠烈祠前公園","land_parcel":"天生段16010000","diameter_m":1.96,"girth_m":6.15,"estimated_age":60,"status":"公告列管","countyCode":"65000"}},{"type":"Feature","id":"107-淡-130","geometry":{"type":"Point","coordinates":[121.42876275479806,25.17802530987222]},"properties":{"name":"榕樹","code":"107-淡-130","county":"新北市","scientific_name":"Ficus microcarpa","address":"淡水忠烈祠前公園","land_parcel":"天生段16010000","diameter_m":3.04,"girth_m":9.55,"estimated_age":60,"status":"公告列管","countyCode":"65000"}},{"type":"Feature","id":"107-淡-131","geometry":{"type":"Point","coordinates":[121.42846282249907,25.177367134195695]},"properties":{"name":"樟樹","code":"107-淡-131","county":"新北市","scientific_name":"Cinnamomum camphora","address":"淡水忠烈祠前中正東路左岔路","land_parcel":"天生段15990000","diameter_m":1.74,"girth_m":5.45,"estimated_age":60,"status":"公告列管","countyCode":"65000"}},{"type":"Feature","id":"107-淡-133","geometry":{"type":"Point","coordinates":[121.4318959525932,25.17468486620474]},"properties":{"name":"榕樹","code":"107-淡-133","county":"新北市","scientific_name":"Ficus microcarpa","address":"淡水區中正路259號(淡水海關碼頭)海光營區會客室","land_parcel":"紅毛城段10160000","diameter_m":2.2,"girth_m":6.9,"estimated_age":100,"status":"公告列管","countyCode":"65000"}},{"type":"Feature","id":"107-淡-134","geometry":{"type":"Point","coordinates":[121.43177706361836,25.174730353104174]},"properties":{"name":"榕樹","code":"107-淡-134","county":"新北市","scientific_name":"Ficus microcarpa","address":"淡水海關碼頭(員工車輛停放處)","land_parcel":"紅毛城段10160000","diameter_m":4.75,"girth_m":14.92,"estimated_age":100,"status":"公告列管","countyCode":"65000"}},{"type":"Feature","id":"107-淡-137","geometry":{"type":"Point","coordinates":[121.4313993791256,25.174532838282843]},"properties":{"name":"榕樹","code":"107-淡-137","county":"新北市","scientific_name":"Ficus microcarpa","address":"淡水海關碼頭","land_parcel":"紅毛城段10160000","diameter_m":2.36,"girth_m":7.4,"estimated_age":100,"status":"公告列管","countyCode":"65000"}},{"type":"Feature","id":"107-淡-138","geometry":{"type":"Point","coordinates":[121.43140923622896,25.17451475354067]},"properties":{"name":"榕樹","code":"107-淡-138","county":"新北市","scientific_name":"Ficus microcarpa","address":"淡水海關碼頭","land_parcel":"紅毛城段10160000","diameter_m":3.12,"girth_m":9.8,"estimated_age":100,"status":"公告列管","countyCode":"65000"}},{"type":"Feature","id":"107-淡-139","geometry":{"type":"Point","coordinates":[121.43142895042703,25.174478584054352]},"properties":{"name":"榕樹","code":"107-淡-139","county":"新北市","scientific_name":"Ficus microcarpa","address":"淡水海關碼頭","land_parcel":"紅毛城段10160000","diameter_m":2.77,"girth_m":8.700000000000001,"estimated_age":100,"status":"公告列管","countyCode":"65000"}},{"type":"Feature","id":"107-淡-140","geometry":{"type":"Point","coordinates":[121.43149842675487,25.174487409531224]},"properties":{"name":"榕樹","code":"107-淡-140","county":"新北市","scientific_name":"Ficus microcarpa","address":"淡水海關碼頭","land_parcel":"紅毛城段10160000","diameter_m":4.9,"girth_m":15.4,"estimated_age":100,"status":"公告列管","countyCode":"65000"}},{"type":"Feature","id":"107-淡-141","geometry":{"type":"Point","coordinates":[121.43167693486456,25.174468833004667]},"properties":{"name":"榕樹","code":"107-淡-141","county":"新北市","scientific_name":"Ficus microcarpa","address":"淡水海關碼頭","land_parcel":"紅毛城段10160000","diameter_m":1.78,"girth_m":5.6000000000000005,"estimated_age":100,"status":"公告列管","countyCode":"65000"}},{"type":"Feature","id":"107-淡-142","geometry":{"type":"Point","coordinates":[121.4317164266712,25.17441454978607]},"properties":{"name":"榕樹","code":"107-淡-142","county":"新北市","scientific_name":"Ficus microcarpa","address":"淡水海關碼頭","land_parcel":"紅毛城段10160000","diameter_m":4.08,"girth_m":12.8,"estimated_age":100,"status":"公告列管","countyCode":"65000"}},{"type":"Feature","id":"107-淡-143","geometry":{"type":"Point","coordinates":[121.43197512701438,25.17463046711926]},"properties":{"name":"榕樹","code":"107-淡-143","county":"新北市","scientific_name":"Ficus microcarpa","address":"淡水海關碼頭(警衛室對面)","land_parcel":"紅毛城段10160000","diameter_m":2.87,"girth_m":9,"estimated_age":100,"status":"公告列管","countyCode":"65000"}},{"type":"Feature","id":"107-淡-146","geometry":{"type":"Point","coordinates":[121.43244127066185,25.174592993902568]},"properties":{"name":"榕樹","code":"107-淡-146","county":"新北市","scientific_name":"Ficus microcarpa","address":"淡水海關碼頭(新北市立淡水古蹟博物館倉庫後方)","land_parcel":"紅毛城段10160000","diameter_m":2.77,"girth_m":8.700000000000001,"estimated_age":67,"status":"公告列管","countyCode":"65000"}},{"type":"Feature","id":"107-店-17","geometry":{"type":"Point","coordinates":[121.53238372144334,24.97311345484963]},"properties":{"name":"榕樹","code":"107-店-17","county":"新北市","scientific_name":"Ficus microcarpa","address":"新店區福民公園 (福園街8弄16號)","land_parcel":"福園段 08860000","diameter_m":1.05,"girth_m":3.27,"estimated_age":80,"status":"公告列管","countyCode":"65000"}},{"type":"Feature","id":"107-店-18","geometry":{"type":"Point","coordinates":[121.52438630945662,24.9790552878127]},"properties":{"name":"榕樹","code":"107-店-18","county":"新北市","scientific_name":"Ficus microcarpa","address":"新店區溪園路391號旁小公園","land_parcel":"中央段 05040000","diameter_m":0.48200000000000004,"girth_m":1.51424638,"estimated_age":100,"status":"公告列管","countyCode":"65000"}},{"type":"Feature","id":"107-店-19","geometry":{"type":"Point","coordinates":[121.51194611156878,24.960003979668237]},"properties":{"name":"樟樹","code":"107-店-19","county":"新北市","scientific_name":"Cinnamomum camphora","address":"新店區安康路二段147號旁\n(浪漫貴族候車亭後方步道上去 \n安康森林公園第二區 運動器材前方)","land_parcel":"安德段 07900000","diameter_m":1.05,"girth_m":3.3000000000000003,"estimated_age":87,"status":"公告列管","countyCode":"65000"}},{"type":"Feature","id":"107-店-21","geometry":{"type":"Point","coordinates":[121.5382200591484,24.95322146952933]},"properties":{"name":"樟樹","code":"107-店-21","county":"新北市","scientific_name":"Cinnamomum camphora","address":"新店區新店後街20-8號旁","land_parcel":"碧潭段 05040000","diameter_m":1.01,"girth_m":3.67,"estimated_age":80,"status":"公告列管","countyCode":"65000"}},{"type":"Feature","id":"107-店-22","geometry":{"type":"Point","coordinates":[121.54279780057348,24.967370055331234]},"properties":{"name":"楓香","code":"107-店-22","county":"新北市","scientific_name":"Liquidambar formosana","address":"新店區北新路一段88巷9-1號(停車場前)","land_parcel":"行政段 05100000","diameter_m":0.47000000000000003,"girth_m":1.49,"estimated_age":50,"status":"公告列管","countyCode":"65000"}},{"type":"Feature","id":"107-店-23","geometry":{"type":"Point","coordinates":[121.54271860964998,24.967379372146297]},"properties":{"name":"楓香","code":"107-店-23","county":"新北市","scientific_name":"Liquidambar formosana","address":"新店區北新路一段88巷\n(工地前編號138125路燈旁)","land_parcel":"行政段 05100000","diameter_m":0.53,"girth_m":1.67,"estimated_age":50,"status":"公告列管","countyCode":"65000"}},{"type":"Feature","id":"107-店-24","geometry":{"type":"Point","coordinates":[121.54275826451634,24.96738825576703]},"properties":{"name":"楓香","code":"107-店-24","county":"新北市","scientific_name":"Liquidambar formosana","address":"新店區北新路一段88巷9-1號","land_parcel":"行政段 05100000","diameter_m":0.51,"girth_m":1.6,"estimated_age":50,"status":"公告列管","countyCode":"65000"}},{"type":"Feature","id":"107-店-25","geometry":{"type":"Point","coordinates":[121.54260000139804,24.967433973360247]},"properties":{"name":"楓香","code":"107-店-25","county":"新北市","scientific_name":"Liquidambar formosana","address":"新店區北新路一段88巷\n(工地前 編號138124路燈旁)","land_parcel":"行政段 05100000","diameter_m":0.58,"girth_m":1.82,"estimated_age":50,"status":"公告列管","countyCode":"65000"}},{"type":"Feature","id":"107-店-26","geometry":{"type":"Point","coordinates":[121.54257995622231,24.96737987744445]},"properties":{"name":"楓香","code":"107-店-26","county":"新北市","scientific_name":"Liquidambar formosana","address":"新店區北新路一段88巷\n(工地前 編號138124路燈旁)","land_parcel":"行政段 05100000","diameter_m":0.55,"girth_m":1.72,"estimated_age":50,"status":"公告列管","countyCode":"65000"}},{"type":"Feature","id":"107-店-27","geometry":{"type":"Point","coordinates":[121.54264944131297,24.967415736873484]},"properties":{"name":"楓香","code":"107-店-27","county":"新北市","scientific_name":"Liquidambar formosana","address":"新店區北新路一段88巷9號","land_parcel":"行政段 05100000","diameter_m":0.34,"girth_m":1.08,"estimated_age":50,"status":"公告列管","countyCode":"65000"}},{"type":"Feature","id":"107-店-28","geometry":{"type":"Point","coordinates":[121.54253087258047,24.96747936604875]},"properties":{"name":"楓香","code":"107-店-28","county":"新北市","scientific_name":"Liquidambar formosana","address":"新店區北新路一段88巷7-1號","land_parcel":"行政段 05100000","diameter_m":0.38,"girth_m":1.2,"estimated_age":50,"status":"公告列管","countyCode":"65000"}},{"type":"Feature","id":"107-店-29","geometry":{"type":"Point","coordinates":[121.54253091216606,24.96748839406432]},"properties":{"name":"芒果樹","code":"107-店-29","county":"新北市","scientific_name":"Mangifera indica","address":"新店區北新路一段88巷7號","land_parcel":"行政段 05100000","diameter_m":0.4,"girth_m":1.25,"estimated_age":50,"status":"公告列管","countyCode":"65000"}},{"type":"Feature","id":"107-店-30","geometry":{"type":"Point","coordinates":[121.54247152879604,24.967497638578095]},"properties":{"name":"楓香","code":"107-店-30","county":"新北市","scientific_name":"Liquidambar formosana","address":"新店區北新路一段88巷5號","land_parcel":"行政段 05210000","diameter_m":0.31,"girth_m":0.97,"estimated_age":50,"status":"公告列管","countyCode":"65000"}},{"type":"Feature","id":"107-店-31","geometry":{"type":"Point","coordinates":[121.54242212839893,24.96752490302227]},"properties":{"name":"楓香","code":"107-店-31","county":"新北市","scientific_name":"Liquidambar formosana","address":"新店區北新路一段88巷5號","land_parcel":"行政段 05210000","diameter_m":0.37,"girth_m":1.1500000000000001,"estimated_age":50,"status":"公告列管","countyCode":"65000"}},{"type":"Feature","id":"107-店-32","geometry":{"type":"Point","coordinates":[121.54224425513542,24.967615832475115]},"properties":{"name":"楓香","code":"107-店-32","county":"新北市","scientific_name":"Liquidambar formosana","address":"新店區北新路一段88巷(工地外)","land_parcel":"行政段 05100000","diameter_m":0.40700000000000003,"girth_m":1.27862713,"estimated_age":50,"status":"公告列管","countyCode":"65000"}},{"type":"Feature","id":"107-店-33","geometry":{"type":"Point","coordinates":[121.54223435129957,24.967615868540886]},"properties":{"name":"楓香","code":"107-店-33","county":"新北市","scientific_name":"Liquidambar formosana","address":"新店區北新路一段88巷\n(工地外編號138122路燈旁)","land_parcel":"行政段 05100000","diameter_m":0.32,"girth_m":1,"estimated_age":50,"status":"公告列管","countyCode":"65000"}},{"type":"Feature","id":"107-店-34","geometry":{"type":"Point","coordinates":[121.54212560688553,24.967661405300884]},"properties":{"name":"楓香","code":"107-店-34","county":"新北市","scientific_name":"Liquidambar formosana","address":"新店區北新路一段88巷3號","land_parcel":"行政段 05210000","diameter_m":0.32,"girth_m":1.02,"estimated_age":50,"status":"公告列管","countyCode":"65000"}},{"type":"Feature","id":"107-店-35","geometry":{"type":"Point","coordinates":[121.54205647776405,24.967706797772845]},"properties":{"name":"楓香","code":"107-店-35","county":"新北市","scientific_name":"Liquidambar formosana","address":"新店區北新路一段88巷(工地外)","land_parcel":"行政段 05210000","diameter_m":0.48,"girth_m":1.51,"estimated_age":50,"status":"公告列管","countyCode":"65000"}},{"type":"Feature","id":"107-店-36","geometry":{"type":"Point","coordinates":[121.54202684533219,24.967724961963178]},"properties":{"name":"楓香","code":"107-店-36","county":"新北市","scientific_name":"Liquidambar formosana","address":"新店區北新路一段88巷\n(工地外 編號138121路燈旁)","land_parcel":"行政段 05210000","diameter_m":0.21,"girth_m":0.67,"estimated_age":50,"status":"公告列管","countyCode":"65000"}},{"type":"Feature","id":"107-店-37","geometry":{"type":"Point","coordinates":[121.54212548821657,24.96763432125296]},"properties":{"name":"玉蘭","code":"107-店-37","county":"新北市","scientific_name":"Magnolia denudata","address":"新北區北新路一段88巷1-2號","land_parcel":"行政段 05210000","diameter_m":0.32,"girth_m":1.02,"estimated_age":50,"status":"公告列管","countyCode":"65000"}},{"type":"Feature","id":"107-店-38","geometry":{"type":"Point","coordinates":[121.5421652222441,24.967661261062513]},"properties":{"name":"楓香","code":"107-店-38","county":"新北市","scientific_name":"Liquidambar formosana","address":"新店區北新路一段88巷(工地外)","land_parcel":"行政段 05210000","diameter_m":0.59,"girth_m":1.84,"estimated_age":50,"status":"公告列管","countyCode":"65000"}},{"type":"Feature","id":"107-店-40","geometry":{"type":"Point","coordinates":[121.54185895441078,24.96783391094304]},"properties":{"name":"楓香","code":"107-店-40","county":"新北市","scientific_name":"Liquidambar formosana","address":"新店區北新路一段88巷\n(新店區公所捷運站2號出口旁)","land_parcel":"行政段 05210000","diameter_m":0.32,"girth_m":0.99,"estimated_age":50,"status":"公告列管","countyCode":"65000"}},{"type":"Feature","id":"107-店-41","geometry":{"type":"Point","coordinates":[121.54175024919239,24.967888475449353]},"properties":{"name":"楓香","code":"107-店-41","county":"新北市","scientific_name":"Liquidambar formosana","address":"新店區北新路一段88巷\n(新店區公所捷運站2號出口旁)","land_parcel":"行政段 05210000","diameter_m":0.31,"girth_m":0.98,"estimated_age":50,"status":"公告列管","countyCode":"65000"}},{"type":"Feature","id":"107-店-42","geometry":{"type":"Point","coordinates":[121.54179905689382,24.96772579098018]},"properties":{"name":"楓香","code":"107-店-42","county":"新北市","scientific_name":"Liquidambar formosana","address":"新店區北新路一段88號\n(新店區公所2號出口對面)","land_parcel":"行政段 05210000","diameter_m":0.45,"girth_m":1.4000000000000001,"estimated_age":50,"status":"公告列管","countyCode":"65000"}},{"type":"Feature","id":"107-店-43","geometry":{"type":"Point","coordinates":[121.54178942977238,24.967789023130912]},"properties":{"name":"楓香","code":"107-店-43","county":"新北市","scientific_name":"Liquidambar formosana","address":"新店區北新路一段88巷(編號138120路燈旁)","land_parcel":"行政段 05210000","diameter_m":0.41000000000000003,"girth_m":1.3,"estimated_age":50,"status":"公告列管","countyCode":"65000"}},{"type":"Feature","id":"107-店-44","geometry":{"type":"Point","coordinates":[121.54178946930443,24.967798051147216]},"properties":{"name":"楓香","code":"107-店-44","county":"新北市","scientific_name":"Liquidambar formosana","address":"新店區北新路一段88巷(工地外)","land_parcel":"行政段 05210000","diameter_m":0.51,"girth_m":1.59,"estimated_age":50,"status":"公告列管","countyCode":"65000"}},{"type":"Feature","id":"107-店-45","geometry":{"type":"Point","coordinates":[121.54182892656921,24.967761794932496]},"properties":{"name":"楓香","code":"107-店-45","county":"新北市","scientific_name":"Liquidambar formosana","address":"新店區北新路一段88巷(工地外)","land_parcel":"行政段 05210000","diameter_m":0.48,"girth_m":1.5,"estimated_age":50,"status":"公告列管","countyCode":"65000"}},{"type":"Feature","id":"107-店-46","geometry":{"type":"Point","coordinates":[121.54189833258607,24.96777959867795]},"properties":{"name":"楓香","code":"107-店-46","county":"新北市","scientific_name":"Liquidambar formosana","address":"新店區北新路一段88巷(工地外)","land_parcel":"行政段 05210000","diameter_m":0.5,"girth_m":1.57,"estimated_age":50,"status":"公告列管","countyCode":"65000"}},{"type":"Feature","id":"107-店-48","geometry":{"type":"Point","coordinates":[121.53920963896728,24.968972048642453]},"properties":{"name":"楓香","code":"107-店-48","county":"新北市","scientific_name":"Liquidambar formosana","address":"新店區中華路64號","land_parcel":"中華段 08470000","diameter_m":0.24,"girth_m":0.76,"estimated_age":50,"status":"公告列管","countyCode":"65000"}},{"type":"Feature","id":"107-店-49","geometry":{"type":"Point","coordinates":[121.53909055555025,24.968918310874468]},"properties":{"name":"楓香","code":"107-店-49","county":"新北市","scientific_name":"Liquidambar formosana","address":"新店區中華路64號前","land_parcel":"中華段 08470000","diameter_m":0.33,"girth_m":1.05,"estimated_age":50,"status":"公告列管","countyCode":"65000"}},{"type":"Feature","id":"107-店-50","geometry":{"type":"Point","coordinates":[121.5390808482874,24.968963486827004]},"properties":{"name":"楓香","code":"107-店-50","county":"新北市","scientific_name":"Liquidambar formosana","address":"新店區中華路66號","land_parcel":"中華段 08470000","diameter_m":0.27,"girth_m":0.85,"estimated_age":50,"status":"公告列管","countyCode":"65000"}},{"type":"Feature","id":"107-店-51","geometry":{"type":"Point","coordinates":[121.53906104038956,24.968963558540707]},"properties":{"name":"楓香","code":"107-店-51","county":"新北市","scientific_name":"Liquidambar formosana","address":"新店區中華路66號","land_parcel":"中華段 08470000","diameter_m":0.18,"girth_m":0.5700000000000001,"estimated_age":50,"status":"公告列管","countyCode":"65000"}},{"type":"Feature","id":"107-店-52","geometry":{"type":"Point","coordinates":[121.53907102301012,24.968981578722055]},"properties":{"name":"楓香","code":"107-店-52","county":"新北市","scientific_name":"Liquidambar formosana","address":"新店區中華路68號","land_parcel":"中華段 08470000","diameter_m":0.29,"girth_m":0.92,"estimated_age":50,"status":"公告列管","countyCode":"65000"}},{"type":"Feature","id":"107-店-53","geometry":{"type":"Point","coordinates":[121.5390415471614,24.969035854403316]},"properties":{"name":"楓香","code":"107-店-53","county":"新北市","scientific_name":"Liquidambar formosana","address":"新店區中華路68號","land_parcel":"中華段 08470000","diameter_m":0.23,"girth_m":0.72,"estimated_age":50,"status":"公告列管","countyCode":"65000"}},{"type":"Feature","id":"107-店-54","geometry":{"type":"Point","coordinates":[121.53901195329203,24.96906304602211]},"properties":{"name":"楓香","code":"107-店-54","county":"新北市","scientific_name":"Liquidambar formosana","address":"新店區中華路上(編號12085路燈旁)","land_parcel":"中華段 07460000","diameter_m":0.3,"girth_m":0.9500000000000001,"estimated_age":50,"status":"公告列管","countyCode":"65000"}},{"type":"Feature","id":"107-店-55","geometry":{"type":"Point","coordinates":[121.53900232465226,24.96912627800703]},"properties":{"name":"楓香","code":"107-店-55","county":"新北市","scientific_name":"Liquidambar formosana","address":"新店區中華路上(修理皮製品商家前)","land_parcel":"中華段 08470000","diameter_m":0.4,"girth_m":1.26,"estimated_age":50,"status":"公告列管","countyCode":"65000"}},{"type":"Feature","id":"107-店-56","geometry":{"type":"Point","coordinates":[121.53899246002055,24.96913534187806]},"properties":{"name":"楓香","code":"107-店-56","county":"新北市","scientific_name":"Liquidambar formosana","address":"新店區中華路上(修理皮製品商家前)","land_parcel":"中華段 08480000","diameter_m":0.27,"girth_m":0.85,"estimated_age":50,"status":"公告列管","countyCode":"65000"}},{"type":"Feature","id":"107-店-57","geometry":{"type":"Point","coordinates":[121.53896278746035,24.96914447744958]},"properties":{"name":"楓香","code":"107-店-57","county":"新北市","scientific_name":"Liquidambar formosana","address":"新店區中華路上(髮廊前)","land_parcel":"中華段 08480000","diameter_m":0.22,"girth_m":0.6900000000000001,"estimated_age":50,"status":"公告列管","countyCode":"65000"}},{"type":"Feature","id":"107-店-58","geometry":{"type":"Point","coordinates":[121.5390031112779,24.96930683838177]},"properties":{"name":"楓香","code":"107-店-58","county":"新北市","scientific_name":"Liquidambar formosana","address":"新店區中華路70巷口","land_parcel":"中華段 08480000","diameter_m":0.39,"girth_m":1.21,"estimated_age":50,"status":"公告列管","countyCode":"65000"}},{"type":"Feature","id":"107-店-59","geometry":{"type":"Point","coordinates":[121.53889377430097,24.969216952534268]},"properties":{"name":"楓香","code":"107-店-59","county":"新北市","scientific_name":"Liquidambar formosana","address":"新店區中華路70巷口(編號12665路燈旁)","land_parcel":"中華段 08480000","diameter_m":0.38,"girth_m":1.19,"estimated_age":50,"status":"公告列管","countyCode":"65000"}},{"type":"Feature","id":"107-店-60","geometry":{"type":"Point","coordinates":[121.5389036389464,24.969207888669644]},"properties":{"name":"楓香","code":"107-店-60","county":"新北市","scientific_name":"Liquidambar formosana","address":"新店區中華路70巷1號","land_parcel":"中華段 08480000","diameter_m":0.26,"girth_m":0.8300000000000001,"estimated_age":50,"status":"公告列管","countyCode":"65000"}},{"type":"Feature","id":"107-店-61","geometry":{"type":"Point","coordinates":[121.53888394897672,24.96923504441715]},"properties":{"name":"楓香","code":"107-店-61","county":"新北市","scientific_name":"Liquidambar formosana","address":"新店區中華路70巷1號","land_parcel":"中華段 08480000","diameter_m":0.26,"girth_m":0.8200000000000001,"estimated_age":50,"status":"公告列管","countyCode":"65000"}},{"type":"Feature","id":"107-店-62","geometry":{"type":"Point","coordinates":[121.53883478299386,24.969316475803044]},"properties":{"name":"楓香","code":"107-店-62","county":"新北市","scientific_name":"Liquidambar formosana","address":"新店區中華路70巷1號","land_parcel":"中華段 08480000","diameter_m":0.26,"girth_m":0.8200000000000001,"estimated_age":50,"status":"公告列管","countyCode":"65000"}},{"type":"Feature","id":"107-店-68","geometry":{"type":"Point","coordinates":[121.53877634200597,24.969542391311272]},"properties":{"name":"楓香","code":"107-店-68","county":"新北市","scientific_name":"Liquidambar formosana","address":"新店區中華路上(調查局大門左側)","land_parcel":"中華段 08480000","diameter_m":0.25,"girth_m":0.8,"estimated_age":50,"status":"公告列管","countyCode":"65000"}},{"type":"Feature","id":"107-店-69","geometry":{"type":"Point","coordinates":[121.5387267827154,24.969533542474437]},"properties":{"name":"楓香","code":"107-店-69","county":"新北市","scientific_name":"Liquidambar formosana","address":"新店區中華路\n(編號126270路燈旁 調查局大門左側)","land_parcel":"中華段 08500000","diameter_m":0.32,"girth_m":1,"estimated_age":50,"status":"公告列管","countyCode":"65000"}},{"type":"Feature","id":"107-店-70","geometry":{"type":"Point","coordinates":[121.53859889543318,24.969732624684497]},"properties":{"name":"楓香","code":"107-店-70","county":"新北市","scientific_name":"Liquidambar formosana","address":"新店區中華路74號(調查局大門右側)","land_parcel":"中華段 08500000","diameter_m":0.28,"girth_m":0.89,"estimated_age":50,"status":"公告列管","countyCode":"65000"}},{"type":"Feature","id":"107-店-72","geometry":{"type":"Point","coordinates":[121.53849069791283,24.969904551092565]},"properties":{"name":"楓香","code":"107-店-72","county":"新北市","scientific_name":"Liquidambar formosana","address":"新店區中華路74號(調查局大門右側)","land_parcel":"中華段 08510000","diameter_m":0.18,"girth_m":0.5700000000000001,"estimated_age":50,"status":"公告列管","countyCode":"65000"}},{"type":"Feature","id":"107-店-73","geometry":{"type":"Point","coordinates":[121.53841162286841,24.969940949702654]},"properties":{"name":"楓香","code":"107-店-73","county":"新北市","scientific_name":"Liquidambar formosana","address":"新店區中華路74號(調查局大門右側)","land_parcel":"中華段 08510000","diameter_m":0.47000000000000003,"girth_m":1.48,"estimated_age":50,"status":"公告列管","countyCode":"65000"}},{"type":"Feature","id":"107-店-74","geometry":{"type":"Point","coordinates":[121.538391932676,24.96996810538619]},"properties":{"name":"楓香","code":"107-店-74","county":"新北市","scientific_name":"Liquidambar formosana","address":"新店區中華路74號(調查局大門右側)","land_parcel":"中華段 08510000","diameter_m":0.27,"girth_m":0.85,"estimated_age":50,"status":"公告列管","countyCode":"65000"}},{"type":"Feature","id":"107-店-75","geometry":{"type":"Point","coordinates":[121.53838202864556,24.96996814119889]},"properties":{"name":"楓香","code":"107-店-75","county":"新北市","scientific_name":"Liquidambar formosana","address":"新店區中華路74號\n(調查局大門右側 編號126627路燈旁)","land_parcel":"中華段08510000","diameter_m":0.26,"girth_m":0.81,"estimated_age":50,"status":"公告列管","countyCode":"65000"}},{"type":"Feature","id":"107-店-76","geometry":{"type":"Point","coordinates":[121.5383623384424,24.9699952968786]},"properties":{"name":"楓香","code":"107-店-76","county":"新北市","scientific_name":"Liquidambar formosana","address":"新店區中華路74號\n(調查局大門右側 編號126629路燈旁)","land_parcel":"中華段 08510000","diameter_m":0.31,"girth_m":0.98,"estimated_age":50,"status":"公告列管","countyCode":"65000"}},{"type":"Feature","id":"107-店-77","geometry":{"type":"Point","coordinates":[121.5383130932557,24.97005867205732]},"properties":{"name":"楓香","code":"107-店-77","county":"新北市","scientific_name":"Liquidambar formosana","address":"新店區中華路74號(調查局大門右側)","land_parcel":"中華段 08510000","diameter_m":0.58,"girth_m":1.81,"estimated_age":50,"status":"公告列管","countyCode":"65000"}},{"type":"Feature","id":"107-店-79","geometry":{"type":"Point","coordinates":[121.53832303657668,24.970067664267805]},"properties":{"name":"楓香","code":"107-店-79","county":"新北市","scientific_name":"Liquidambar formosana","address":"新店區中華路74號(調查局大門右側兩電箱間)","land_parcel":"中華段 08510000","diameter_m":0.31,"girth_m":0.96,"estimated_age":50,"status":"公告列管","countyCode":"65000"}},{"type":"Feature","id":"107-店-82","geometry":{"type":"Point","coordinates":[121.53827402702025,24.97018520754582]},"properties":{"name":"楓香","code":"107-店-82","county":"新北市","scientific_name":"Liquidambar formosana","address":"新店區中華路74號\n(調查局大門右側 編號126266路燈右側)","land_parcel":"中華段 08510000","diameter_m":0.42,"girth_m":1.31,"estimated_age":50,"status":"公告列管","countyCode":"65000"}},{"type":"Feature","id":"107-店-83","geometry":{"type":"Point","coordinates":[121.53830401413875,24.970248296256365]},"properties":{"name":"楓香","code":"107-店-83","county":"新北市","scientific_name":"Liquidambar formosana","address":"新店區中華路74號\n(調查局大門右側編號HF5120電箱旁)","land_parcel":"中華段 10250000","diameter_m":0.19,"girth_m":0.61,"estimated_age":50,"status":"公告列管","countyCode":"65000"}},{"type":"Feature","id":"107-店-84","geometry":{"type":"Point","coordinates":[121.5382942279301,24.97027541611917]},"properties":{"name":"楓香","code":"107-店-84","county":"新北市","scientific_name":"Liquidambar formosana","address":"新店區中華路74號(調查局大門右側)","land_parcel":"中華段 08520000","diameter_m":0.36,"girth_m":1.1400000000000001,"estimated_age":50,"status":"公告列管","countyCode":"65000"}},{"type":"Feature","id":"107-店-85","geometry":{"type":"Point","coordinates":[121.5382845202789,24.970320592018254]},"properties":{"name":"楓香","code":"107-店-85","county":"新北市","scientific_name":"Liquidambar formosana","address":"新店區中華路74號(調查局大門右側)","land_parcel":"中華段 08520000","diameter_m":0.26,"girth_m":0.8200000000000001,"estimated_age":50,"status":"公告列管","countyCode":"65000"}},{"type":"Feature","id":"107-店-86","geometry":{"type":"Point","coordinates":[121.5382748519012,24.97037479593498]},"properties":{"name":"楓香","code":"107-店-86","county":"新北市","scientific_name":"Liquidambar formosana","address":"新店區中華路74號\n(調查局大門右側編號126265路燈旁)","land_parcel":"中華段 08520000","diameter_m":0.32,"girth_m":1.02,"estimated_age":50,"status":"公告列管","countyCode":"65000"}},{"type":"Feature","id":"107-店-87","geometry":{"type":"Point","coordinates":[121.5382748519012,24.97037479593498]},"properties":{"name":"楓香","code":"107-店-87","county":"新北市","scientific_name":"Liquidambar formosana","address":"新店區中華路與三民路交界處","land_parcel":"中華段 08520000","diameter_m":0.44,"girth_m":1.37,"estimated_age":50,"status":"公告列管","countyCode":"65000"}},{"type":"Feature","id":"107-店-88","geometry":{"type":"Point","coordinates":[121.53822521375525,24.970347890900154]},"properties":{"name":"楓香","code":"107-店-88","county":"新北市","scientific_name":"Liquidambar formosana","address":"新店區中華路與三民路交界處","land_parcel":"中華段 08530000","diameter_m":0.56,"girth_m":1.97,"estimated_age":50,"status":"公告列管","countyCode":"65000"}},{"type":"Feature","id":"107-店-90","geometry":{"type":"Point","coordinates":[121.53822513520215,24.97032983486309]},"properties":{"name":"楓香","code":"107-店-90","county":"新北市","scientific_name":"Liquidambar formosana","address":"新店區中華路147號","land_parcel":"中華段 08620000","diameter_m":0.4,"girth_m":1.27,"estimated_age":50,"status":"公告列管","countyCode":"65000"}},{"type":"Feature","id":"107-店-91","geometry":{"type":"Point","coordinates":[121.5382151525909,24.97031181462804]},"properties":{"name":"楓香","code":"107-店-91","county":"新北市","scientific_name":"Liquidambar formosana","address":"新店區中華路147號","land_parcel":"中華段 08620000","diameter_m":0.2,"girth_m":0.64,"estimated_age":50,"status":"公告列管","countyCode":"65000"}},{"type":"Feature","id":"107-店-92","geometry":{"type":"Point","coordinates":[121.53824490404345,24.970320735238413]},"properties":{"name":"楓香","code":"107-店-92","county":"新北市","scientific_name":"Liquidambar formosana","address":"新店區中華路147號","land_parcel":"中華段 08620000","diameter_m":0.32,"girth_m":1.02,"estimated_age":50,"status":"公告列管","countyCode":"65000"}},{"type":"Feature","id":"107-店-93","geometry":{"type":"Point","coordinates":[121.53825476882366,24.970311671415843]},"properties":{"name":"楓香","code":"107-店-93","county":"新北市","scientific_name":"Liquidambar formosana","address":"新店區中華路147、145號間","land_parcel":"中華段 08620000","diameter_m":0.27,"girth_m":0.85,"estimated_age":50,"status":"公告列管","countyCode":"65000"}},{"type":"Feature","id":"107-店-94","geometry":{"type":"Point","coordinates":[121.53828412747134,24.970230311833035]},"properties":{"name":"楓香","code":"107-店-94","county":"新北市","scientific_name":"Liquidambar formosana","address":"新店區中華路145號","land_parcel":"中華段 08620000","diameter_m":0.37,"girth_m":1.1500000000000001,"estimated_age":50,"status":"公告列管","countyCode":"65000"}},{"type":"Feature","id":"107-店-95","geometry":{"type":"Point","coordinates":[121.53831376106042,24.97021214837435]},"properties":{"name":"楓香","code":"107-店-95","county":"新北市","scientific_name":"Liquidambar formosana","address":"新店區中華路143、145號間","land_parcel":"中華段 08620000","diameter_m":0.21,"girth_m":0.67,"estimated_age":50,"status":"公告列管","countyCode":"65000"}},{"type":"Feature","id":"107-店-96","geometry":{"type":"Point","coordinates":[121.53843139163394,24.969931850054003]},"properties":{"name":"楓香","code":"107-店-96","county":"新北市","scientific_name":"Liquidambar formosana","address":"新店區中華路74號(調查局對面)","land_parcel":"中華段 08620000","diameter_m":0.5,"girth_m":1.56,"estimated_age":50,"status":"公告列管","countyCode":"65000"}},{"type":"Feature","id":"107-店-97","geometry":{"type":"Point","coordinates":[121.53844098132922,24.96985959008808]},"properties":{"name":"楓香","code":"107-店-97","county":"新北市","scientific_name":"Liquidambar formosana","address":"新店區中華路74號(調查局對面)","land_parcel":"中華段 08620000","diameter_m":0.21,"girth_m":0.67,"estimated_age":50,"status":"公告列管","countyCode":"65000"}},{"type":"Feature","id":"107-店-98","geometry":{"type":"Point","coordinates":[121.53844102062067,24.969868618106865]},"properties":{"name":"楓香","code":"107-店-98","county":"新北市","scientific_name":"Liquidambar formosana","address":"新店區中華路74號\n(調查局對面 編號126621路燈左側)","land_parcel":"中華段 08620000","diameter_m":0.36,"girth_m":1.1400000000000001,"estimated_age":50,"status":"公告列管","countyCode":"65000"}},{"type":"Feature","id":"107-店-99","geometry":{"type":"Point","coordinates":[121.53844102062067,24.969868618106865]},"properties":{"name":"楓香","code":"107-店-99","county":"新北市","scientific_name":"Liquidambar formosana","address":"新店區中華路74號\n(調查局對面 編號126621路燈右側)","land_parcel":"中華段 08620000","diameter_m":0.24,"girth_m":0.76,"estimated_age":50,"status":"公告列管","countyCode":"65000"}},{"type":"Feature","id":"107-店-100","geometry":{"type":"Point","coordinates":[121.53845092464304,24.969868582290374]},"properties":{"name":"楓香","code":"107-店-100","county":"新北市","scientific_name":"Liquidambar formosana","address":"新店區中華路74號(調查局對面 電線桿旁)","land_parcel":"中華段 08620000","diameter_m":0.41000000000000003,"girth_m":1.29,"estimated_age":50,"status":"公告列管","countyCode":"65000"}},{"type":"Feature","id":"107-店-101","geometry":{"type":"Point","coordinates":[121.53845092464304,24.969868582290374]},"properties":{"name":"楓香","code":"107-店-101","county":"新北市","scientific_name":"Liquidambar formosana","address":"新店區中華路74號(調查局對面)","land_parcel":"中華段 08620000","diameter_m":0.22,"girth_m":0.7000000000000001,"estimated_age":50,"status":"公告列管","countyCode":"65000"}},{"type":"Feature","id":"107-店-102","geometry":{"type":"Point","coordinates":[121.53846075007964,24.969850490435697]},"properties":{"name":"楓香","code":"107-店-102","county":"新北市","scientific_name":"Liquidambar formosana","address":"新店區中華路74號(調查局對面)","land_parcel":"中華段 08620000","diameter_m":0.34,"girth_m":1.07,"estimated_age":50,"status":"公告列管","countyCode":"65000"}},{"type":"Feature","id":"107-店-104","geometry":{"type":"Point","coordinates":[121.5385002482759,24.969823263104427]},"properties":{"name":"楓香","code":"107-店-104","county":"新北市","scientific_name":"Liquidambar formosana","address":"新店區中華路74號(調查局對面)","land_parcel":"中華段 08430000","diameter_m":0.35000000000000003,"girth_m":1.1,"estimated_age":50,"status":"公告列管","countyCode":"65000"}},{"type":"Feature","id":"107-店-105","geometry":{"type":"Point","coordinates":[121.53851985982766,24.969778051369286]},"properties":{"name":"楓香","code":"107-店-105","county":"新北市","scientific_name":"Liquidambar formosana","address":"新店區中華路74號(調查局對面)","land_parcel":"中華段 08440000","diameter_m":0.27,"girth_m":0.85,"estimated_age":50,"status":"公告列管","countyCode":"65000"}},{"type":"Feature","id":"107-店-106","geometry":{"type":"Point","coordinates":[121.53855916148862,24.969705683928794]},"properties":{"name":"楓香","code":"107-店-106","county":"新北市","scientific_name":"Liquidambar formosana","address":"新店區中華路74號\n(調查局對面 編號126260路燈旁)","land_parcel":"中華段 08410000","diameter_m":0.33,"girth_m":1.03,"estimated_age":50,"status":"公告列管","countyCode":"65000"}},{"type":"Feature","id":"107-店-107","geometry":{"type":"Point","coordinates":[121.53868716673485,24.969533685808063]},"properties":{"name":"楓香","code":"107-店-107","county":"新北市","scientific_name":"Liquidambar formosana","address":"新店區中華路74號\n(調查局對面 編號126259路燈旁)","land_parcel":"中華段 08480000","diameter_m":0.29,"girth_m":0.9,"estimated_age":50,"status":"公告列管","countyCode":"65000"}},{"type":"Feature","id":"107-店-108","geometry":{"type":"Point","coordinates":[121.53879552093113,24.969397871334102]},"properties":{"name":"楓香","code":"107-店-108","county":"新北市","scientific_name":"Liquidambar formosana","address":"新店區中華路74號(調查局對面)","land_parcel":"中華段 08360000","diameter_m":0.29,"girth_m":0.91,"estimated_age":50,"status":"公告列管","countyCode":"65000"}},{"type":"Feature","id":"107-店-109","geometry":{"type":"Point","coordinates":[121.538785616947,24.96939790717288]},"properties":{"name":"楓香","code":"107-店-109","county":"新北市","scientific_name":"Liquidambar formosana","address":"新店區中華路117巷旁(編號126258路燈旁)","land_parcel":"中華段 08360000","diameter_m":0.31,"girth_m":0.98,"estimated_age":50,"status":"公告列管","countyCode":"65000"}},{"type":"Feature","id":"107-店-113","geometry":{"type":"Point","coordinates":[121.53886429831975,24.96927122818098]},"properties":{"name":"楓香","code":"107-店-113","county":"新北市","scientific_name":"Liquidambar formosana","address":"新店區中華路111號(電箱旁)","land_parcel":"中華段 08310000","diameter_m":0.25,"girth_m":0.8,"estimated_age":50,"status":"公告列管","countyCode":"65000"}},{"type":"Feature","id":"107-店-114","geometry":{"type":"Point","coordinates":[121.5389037175945,24.969225944707414]},"properties":{"name":"楓香","code":"107-店-114","county":"新北市","scientific_name":"Liquidambar formosana","address":"新店區中華路107號(編號126257路燈旁)","land_parcel":"中華段 08310000","diameter_m":0.3,"girth_m":0.9500000000000001,"estimated_age":50,"status":"公告列管","countyCode":"65000"}},{"type":"Feature","id":"107-店-115","geometry":{"type":"Point","coordinates":[121.53898267404685,24.969162461786144]},"properties":{"name":"楓香","code":"107-店-115","county":"新北市","scientific_name":"Liquidambar formosana","address":"新店區中華路103、105號間","land_parcel":"中華段 08300000","diameter_m":0.24,"girth_m":0.74,"estimated_age":50,"status":"公告列管","countyCode":"65000"}},{"type":"Feature","id":"107-店-116","geometry":{"type":"Point","coordinates":[121.53897292739802,24.96919860971236]},"properties":{"name":"楓香","code":"107-店-116","county":"新北市","scientific_name":"Liquidambar formosana","address":"新店區中華路103號","land_parcel":"中華段 08660000","diameter_m":0.19,"girth_m":0.59,"estimated_age":50,"status":"公告列管","countyCode":"65000"}},{"type":"Feature","id":"107-店-117","geometry":{"type":"Point","coordinates":[121.53904260918075,24.969279610909542]},"properties":{"name":"楓香","code":"107-店-117","county":"新北市","scientific_name":"Liquidambar formosana","address":"新店區中華路101、103號間","land_parcel":"中華段 08670000","diameter_m":0.23,"girth_m":0.73,"estimated_age":50,"status":"公告列管","countyCode":"65000"}},{"type":"Feature","id":"107-店-118","geometry":{"type":"Point","coordinates":[121.53905164778895,24.969080958642273]},"properties":{"name":"楓香","code":"107-店-118","county":"新北市","scientific_name":"Liquidambar formosana","address":"新店區中華路99、101號間","land_parcel":"中華段 08280000","diameter_m":0.31,"girth_m":0.97,"estimated_age":50,"status":"公告列管","countyCode":"65000"}},{"type":"Feature","id":"107-店-119","geometry":{"type":"Point","coordinates":[121.53908124165363,24.969053767015733]},"properties":{"name":"楓香","code":"107-店-119","county":"新北市","scientific_name":"Liquidambar formosana","address":"新店區中華路97號(瑠公公園公車站旁)","land_parcel":"中華段 08270000","diameter_m":0.37,"girth_m":1.1500000000000001,"estimated_age":50,"status":"公告列管","countyCode":"65000"}},{"type":"Feature","id":"107-店-120","geometry":{"type":"Point","coordinates":[121.539140429344,24.96899938374537]},"properties":{"name":"楓香","code":"107-店-120","county":"新北市","scientific_name":"Liquidambar formosana","address":"新店區中華路93號(編號126256路燈旁)","land_parcel":"中華段 08260003","diameter_m":0.22,"girth_m":0.7000000000000001,"estimated_age":50,"status":"公告列管","countyCode":"65000"}},{"type":"Feature","id":"107-店-121","geometry":{"type":"Point","coordinates":[121.53914031132125,24.96897229968893]},"properties":{"name":"楓香","code":"107-店-121","county":"新北市","scientific_name":"Liquidambar formosana","address":"新店區中華路93、91號間","land_parcel":"中華段 08500000","diameter_m":0.28,"girth_m":0.87,"estimated_age":50,"status":"公告列管","countyCode":"65000"}},{"type":"Feature","id":"107-淡-148","geometry":{"type":"Point","coordinates":[121.4342715333909,25.17595989154669]},"properties":{"name":"茄苳","code":"107-淡-148","county":"新北市","scientific_name":"Bischofia javanica","address":"真理大學總務處前方","land_parcel":"紅毛城段09130000","diameter_m":0.73,"girth_m":2.3000000000000003,"estimated_age":57,"status":"公告列管","countyCode":"65000"}},{"type":"Feature","id":"107-淡-149","geometry":{"type":"Point","coordinates":[121.43429188675829,25.176104279855075]},"properties":{"name":"茄苳","code":"107-淡-149","county":"新北市","scientific_name":"Bischofia javanica","address":"真理大學總務處前方","land_parcel":"紅毛城段09130000","diameter_m":0.7000000000000001,"girth_m":2.2,"estimated_age":57,"status":"公告列管","countyCode":"65000"}},{"type":"Feature","id":"107-淡-150","geometry":{"type":"Point","coordinates":[121.434241675136,25.17593289514698]},"properties":{"name":"茄苳","code":"107-淡-150","county":"新北市","scientific_name":"Bischofia javanica","address":"真理大學人文學院前","land_parcel":"紅毛城段09130000","diameter_m":1,"girth_m":3.15,"estimated_age":67,"status":"公告列管","countyCode":"65000"}},{"type":"Feature","id":"107-淡-151","geometry":{"type":"Point","coordinates":[121.43407241466024,25.17576185961246]},"properties":{"name":"麵包樹","code":"107-淡-151","county":"新北市","scientific_name":"Artocarpus altilis","address":"真理大學人文學院前","land_parcel":"紅毛城段09130000","diameter_m":0.81,"girth_m":2.5500000000000003,"estimated_age":67,"status":"公告列管","countyCode":"65000"}},{"type":"Feature","id":"107-淡-152","geometry":{"type":"Point","coordinates":[121.43471399733757,25.17483912032947]},"properties":{"name":"苦楝","code":"107-淡-152","county":"新北市","scientific_name":"Melia azedarach","address":"真理大學校長室旁","land_parcel":"紅毛城段09260001","diameter_m":1.04,"girth_m":3.25,"estimated_age":57,"status":"公告列管","countyCode":"65000"}},{"type":"Feature","id":"107-淡-154","geometry":{"type":"Point","coordinates":[121.43575406328567,25.17438466180355]},"properties":{"name":"樟樹","code":"107-淡-154","county":"新北市","scientific_name":"Cinnamomum camphora","address":"真理大學馬偕故居(台灣文學資料展示中心)左前方","land_parcel":"紅毛城段09260000","diameter_m":1.547,"girth_m":4.86003973,"estimated_age":107,"status":"公告列管","countyCode":"65000"}},{"type":"Feature","id":"107-淡-155","geometry":{"type":"Point","coordinates":[121.43548848349205,25.175026431630698]},"properties":{"name":"麵包樹","code":"107-淡-155","county":"新北市","scientific_name":"Artocarpus altilis","address":"真理大學馬偕故居(台灣文學資料展示中心)後方","land_parcel":"紅毛城段09260000","diameter_m":0.9820000000000001,"girth_m":3.0850413800000003,"estimated_age":131,"status":"公告列管","countyCode":"65000"}},{"type":"Feature","id":"107-淡-156","geometry":{"type":"Point","coordinates":[121.43380321237476,25.175383472769617]},"properties":{"name":"芒果樹","code":"107-淡-156","county":"新北市","scientific_name":"Mangifera indica","address":"真理大學大禮堂後方","land_parcel":"紅毛城段09210000","diameter_m":0.96,"girth_m":3,"estimated_age":67,"status":"公告列管","countyCode":"65000"}},{"type":"Feature","id":"107-淡-157","geometry":{"type":"Point","coordinates":[121.43379249285714,25.175157804107968]},"properties":{"name":"樟樹","code":"107-淡-157","county":"新北市","scientific_name":"Cinnamomum camphora","address":"真理大學大禮堂後方","land_parcel":"紅毛城段10280000","diameter_m":1.9100000000000001,"girth_m":6,"estimated_age":67,"status":"公告列管","countyCode":"65000"}},{"type":"Feature","id":"107-淡-158","geometry":{"type":"Point","coordinates":[121.43370477187517,25.175600433334093]},"properties":{"name":"樟樹","code":"107-淡-158","county":"新北市","scientific_name":"Cinnamomum camphora","address":"真理大學人資學系辦公室後方","land_parcel":"紅毛城段10380000","diameter_m":0.96,"girth_m":3,"estimated_age":67,"status":"公告列管","countyCode":"65000"}},{"type":"Feature","id":"107-淡-159","geometry":{"type":"Point","coordinates":[121.43527864217525,25.174602732779867]},"properties":{"name":"樟樹","code":"107-淡-159","county":"新北市","scientific_name":"Cinnamomum camphora","address":"真理大學馬偕故居右前方草皮","land_parcel":"紅毛城段09260000","diameter_m":1.1300000000000001,"girth_m":3.5500000000000003,"estimated_age":67,"status":"公告列管","countyCode":"65000"}},{"type":"Feature","id":"107-淡-160","geometry":{"type":"Point","coordinates":[121.4337434005213,25.175302396035594]},"properties":{"name":"樟樹","code":"107-淡-160","county":"新北市","scientific_name":"Cinnamomum camphora","address":"真理大學大禮堂後方","land_parcel":"紅毛城段10280000","diameter_m":0.64,"girth_m":2,"estimated_age":67,"status":"公告列管","countyCode":"65000"}},{"type":"Feature","id":"107-淡-161","geometry":{"type":"Point","coordinates":[121.434892185087,25.174730260836924]},"properties":{"name":"烏桕","code":"107-淡-161","county":"新北市","scientific_name":"Sapium sebiferum","address":"真理大學校長室前方","land_parcel":"紅毛城段09260001","diameter_m":0.7000000000000001,"girth_m":2.2,"estimated_age":57,"status":"公告列管","countyCode":"65000"}},{"type":"Feature","id":"107-淡-164","geometry":{"type":"Point","coordinates":[121.43587429877196,25.174718343865415]},"properties":{"name":"麵包樹","code":"107-淡-164","county":"新北市","scientific_name":"Artocarpus altilis","address":"真理大學教士會館餐廳後方","land_parcel":"紅毛城段09300000","diameter_m":0.64,"girth_m":2,"estimated_age":67,"status":"公告列管","countyCode":"65000"}},{"type":"Feature","id":"107-淡-165","geometry":{"type":"Point","coordinates":[121.43503120256922,25.174765964312847]},"properties":{"name":"樟樹","code":"107-淡-165","county":"新北市","scientific_name":"Cinnamomum camphora","address":"真理大學馬偕故居(台灣文學資料展示中心)大門入口旁","land_parcel":"紅毛城段09290000","diameter_m":0.75,"girth_m":2.35,"estimated_age":67,"status":"公告列管","countyCode":"65000"}},{"type":"Feature","id":"107-蘆-26","geometry":{"type":"Point","coordinates":[121.46691327384151,25.085219084378153]},"properties":{"name":"榕樹","code":"107-蘆-26","county":"新北市","scientific_name":"Ficus microcarpa","address":"蘆洲區中正路243巷19號(蘆洲李氏古宅後院)","land_parcel":"中原段 04970000","diameter_m":0.64,"girth_m":2.0106176,"estimated_age":57,"status":"公告列管","countyCode":"65000"}},{"type":"Feature","id":"107-蘆-27","geometry":{"type":"Point","coordinates":[121.46686339864308,25.085137988527105]},"properties":{"name":"榕樹","code":"107-蘆-27","county":"新北市","scientific_name":"Ficus microcarpa","address":"蘆洲區中正路243巷19號(蘆洲李氏古宅後院)","land_parcel":"中原段 04970000","diameter_m":0.61,"girth_m":1.9163699,"estimated_age":57,"status":"公告列管","countyCode":"65000"}},{"type":"Feature","id":"107-蘆-28","geometry":{"type":"Point","coordinates":[121.46666502818913,25.085111528232805]},"properties":{"name":"榕樹","code":"107-蘆-28","county":"新北市","scientific_name":"Ficus microcarpa","address":"蘆洲區中正路243巷19號(蘆洲李氏古宅後院)","land_parcel":"中原段 04980000","diameter_m":0.98,"girth_m":3.0787582,"estimated_age":57,"status":"公告列管","countyCode":"65000"}},{"type":"Feature","id":"107-平-14","geometry":{"type":"Point","coordinates":[121.72720737021449,24.97909636194583]},"properties":{"name":"樟樹","code":"107-平-14","county":"新北市","scientific_name":"Cinnamomum camphora","address":"平溪區東勢里竿蓁坑30號","land_parcel":"東平段58","diameter_m":0.741,"girth_m":2.32791819,"estimated_age":107,"status":"公告列管","countyCode":"65000"}},{"type":"Feature","id":"107-平-15","geometry":{"type":"Point","coordinates":[121.7705708204651,24.98400602387338]},"properties":{"name":"大葉楠","code":"107-平-15","county":"新北市","scientific_name":"Machilus kusanoi var. kusanoi","address":"火燒寮36之2號","land_parcel":"石底段火燒寮小段162","diameter_m":0.9,"girth_m":2.82,"estimated_age":77,"status":"公告列管","countyCode":"65000"}},{"type":"Feature","id":"107-平-16","geometry":{"type":"Point","coordinates":[121.77057132685981,24.984087272110102]},"properties":{"name":"猴歡喜","code":"107-平-16","county":"新北市","scientific_name":"Sloanea formosana","address":"火燒寮36之2號","land_parcel":"石底段火燒寮小段162","diameter_m":0.96,"girth_m":3.0300000000000002,"estimated_age":67,"status":"公告列管","countyCode":"65000"}},{"type":"Feature","id":"107-土-55","geometry":{"type":"Point","coordinates":[121.44431647325737,24.976833063833034]},"properties":{"name":"芒果樹","code":"107-土-55","county":"新北市","scientific_name":"Mangifera indica","address":"中正路67巷26號對面(員林停車場內)","land_parcel":"員和段10200000","diameter_m":0.65,"girth_m":2.04,"estimated_age":40,"status":"公告列管","countyCode":"65000"}},{"type":"Feature","id":"107-板-46","geometry":{"type":"Point","coordinates":[121.45813662428694,25.00968994828393]},"properties":{"name":"榕樹","code":"107-板-46","county":"新北市","scientific_name":"Ficus microcarpa","address":"板橋區府中路32號(新北市政府警察局 右前方)","land_parcel":"府中段00320000","diameter_m":1.24,"girth_m":3.9,"estimated_age":50,"status":"公告列管","countyCode":"65000"}},{"type":"Feature","id":"107-重-10","geometry":{"type":"Point","coordinates":[121.4966970992373,25.056638796817715]},"properties":{"name":"榕樹","code":"107-重-10","county":"新北市","scientific_name":"Ficus microcarpa","address":"三重區大同南路 155 號 (大同派出所右前方人行道上)","land_parcel":"大安段06240000","diameter_m":0.65,"girth_m":2.0300000000000002,"estimated_age":47,"status":"公告列管","countyCode":"65000"}},{"type":"Feature","id":"107-重-11","geometry":{"type":"Point","coordinates":[121.49668718818711,25.056638829963905]},"properties":{"name":"榕樹","code":"107-重-11","county":"新北市","scientific_name":"Ficus microcarpa","address":"三重區大同南路 155 號 (大同派出所左前方停車場旁)","land_parcel":"大安段06240000","diameter_m":0.65,"girth_m":2.04,"estimated_age":47,"status":"公告列管","countyCode":"65000"}},{"type":"Feature","id":"107-峽-76","geometry":{"type":"Point","coordinates":[121.3690173151568,24.936149533995412]},"properties":{"name":"樟樹","code":"107-峽-76","county":"新北市","scientific_name":"Cinnamomum camphora","address":"三峽區文化路208號(公有文化停車場內)","land_parcel":"文化段00890000","diameter_m":0.65,"girth_m":2.05,"estimated_age":50,"status":"公告列管","countyCode":"65000"}},{"type":"Feature","id":"107-峽-77","geometry":{"type":"Point","coordinates":[121.368849391783,24.936285374748312]},"properties":{"name":"樟樹","code":"107-峽-77","county":"新北市","scientific_name":"Cinnamomum camphora","address":"三峽區文化路208號\n(公有文化停車場內鄰近黃色建築物)","land_parcel":"文化段00890000","diameter_m":0.32,"girth_m":0.99,"estimated_age":50,"status":"公告列管","countyCode":"65000"}},{"type":"Feature","id":"107-峽-78","geometry":{"type":"Point","coordinates":[121.3688003944929,24.93645703443075]},"properties":{"name":"樟樹","code":"107-峽-78","county":"新北市","scientific_name":"Cinnamomum camphora","address":"三峽區文化路208號\n(公有文化停車場內資源回收場門口右側)","land_parcel":"文化段00890000","diameter_m":0.6,"girth_m":1.8800000000000001,"estimated_age":50,"status":"公告列管","countyCode":"65000"}},{"type":"Feature","id":"107-峽-80","geometry":{"type":"Point","coordinates":[121.36909752266651,24.9364833839033]},"properties":{"name":"樟樹","code":"107-峽-80","county":"新北市","scientific_name":"Cinnamomum camphora","address":"三峽區文化路208號(公有文化停車場內工地辦公室後方)","land_parcel":"文化段00890000","diameter_m":0.226495033058,"girth_m":0.710422409556,"estimated_age":50,"status":"公告列管","countyCode":"65000"}},{"type":"Feature","id":"107-峽-81","geometry":{"type":"Point","coordinates":[121.36932423655496,24.936139745421997]},"properties":{"name":"茄苳","code":"107-峽-81","county":"新北市","scientific_name":"Bischofia javanica","address":"三峽區文化路208號\n(公有文化停車場內三峽國小公車站牌後)","land_parcel":"文化段00890000","diameter_m":0.45,"girth_m":1.4000000000000001,"estimated_age":50,"status":"公告列管","countyCode":"65000"}},{"type":"Feature","id":"107-淡-166","geometry":{"type":"Point","coordinates":[121.48647176023704,25.1951263582203]},"properties":{"name":"雀榕","code":"107-淡-166","county":"新北市","scientific_name":"Ficus superba var. japonica","address":"淡水區忠寮里大埤頭3號(石牆仔內門口前)","land_parcel":"中田寮段大埤頭小段00950000","diameter_m":1.1300000000000001,"girth_m":3.5500000000000003,"estimated_age":100,"status":"公告列管","countyCode":"65000"}},{"type":"Feature","id":"107-淡-168","geometry":{"type":"Point","coordinates":[121.48680829110782,25.194917608556604]},"properties":{"name":"樟樹","code":"107-淡-168","county":"新北市","scientific_name":"Cinnamomum camphora","address":"石牆仔內前門空地","land_parcel":"中田寮段大埤頭小段00880001","diameter_m":1.58,"girth_m":4.95,"estimated_age":100,"status":"公告列管","countyCode":"65000"}},{"type":"Feature","id":"107-淡-169","geometry":{"type":"Point","coordinates":[121.48725475540427,25.194907110652142]},"properties":{"name":"茄苳","code":"107-淡-169","county":"新北市","scientific_name":"Bischofia javanica","address":"石牆仔內入口處左方","land_parcel":"中田寮段大埤頭小段00880001","diameter_m":0.9400000000000001,"girth_m":2.95,"estimated_age":100,"status":"公告列管","countyCode":"65000"}},{"type":"Feature","id":"107-淡-170","geometry":{"type":"Point","coordinates":[121.48719540163455,25.194952445829625]},"properties":{"name":"茄苳","code":"107-淡-170","county":"新北市","scientific_name":"Bischofia javanica","address":"石牆仔內入口處左方","land_parcel":"中田寮段大埤頭小段00880001","diameter_m":0.81,"girth_m":2.5500000000000003,"estimated_age":100,"status":"公告列管","countyCode":"65000"}},{"type":"Feature","id":"107-淡-171","geometry":{"type":"Point","coordinates":[121.48733442063146,25.19497907170175]},"properties":{"name":"樟樹","code":"107-淡-171","county":"新北市","scientific_name":"Cinnamomum camphora","address":"石牆仔內入口處左方","land_parcel":"中田寮段大埤頭小段00880001","diameter_m":0.8,"girth_m":2.5,"estimated_age":100,"status":"公告列管","countyCode":"65000"}},{"type":"Feature","id":"107-土-56","geometry":{"type":"Point","coordinates":[121.4561090902401,24.981112889424924]},"properties":{"name":"榕樹","code":"107-土-56","county":"新北市","scientific_name":"Ficus microcarpa","address":"土城區清水路32巷13-1號(大安圳旁)","land_parcel":"柑林埤段03190000","diameter_m":2.74,"girth_m":8.6,"estimated_age":100,"status":"公告列管","countyCode":"65000"}},{"type":"Feature","id":"107-瑞-19","geometry":{"type":"Point","coordinates":[121.77719944408442,25.102262735404636]},"properties":{"name":"香楠","code":"107-瑞-19","county":"新北市","scientific_name":"Machilus zuihoensis","address":"瑞芳區瑞亭國小","land_parcel":"瑞亭段05740000","diameter_m":0.96,"girth_m":3,"estimated_age":50,"status":"公告列管","countyCode":"65000"}},{"type":"Feature","id":"107-店-122","geometry":{"type":"Point","coordinates":[121.53789227608085,24.9598312793534]},"properties":{"name":"樟樹","code":"107-店-122","county":"新北市","scientific_name":"Cinnamomum camphora","address":"北新路一段45巷20號旁","land_parcel":"北宜段 01350000","diameter_m":1.34,"girth_m":4.2,"estimated_age":107,"status":"公告列管","countyCode":"65000"}},{"type":"Feature","id":"107-土-57","geometry":{"type":"Point","coordinates":[121.4166093216599,24.9434814769922]},"properties":{"name":"台灣楠木","code":"107-土-57","county":"新北市","scientific_name":"Machilus  sp.","address":"土城區龍泉路64號 (普安堂外廟屋簷旁)","land_parcel":"祖田段10650000","diameter_m":0.9500000000000001,"girth_m":2.97,"estimated_age":100,"status":"公告列管","countyCode":"65000"}},{"type":"Feature","id":"107-土-58","geometry":{"type":"Point","coordinates":[121.41726577907964,24.944346356530907]},"properties":{"name":"龍眼","code":"107-土-58","county":"新北市","scientific_name":"Euphoria longana","address":"土城區龍泉路64號(普安堂內)","land_parcel":"祖田段10740000","diameter_m":1.11,"girth_m":3.5,"estimated_age":100,"status":"公告列管","countyCode":"65000"}},{"type":"Feature","id":"107-土-59","geometry":{"type":"Point","coordinates":[121.45331556851245,24.98104016951247]},"properties":{"name":"榕樹","code":"107-土-59","county":"新北市","scientific_name":"Ficus microcarpa","address":"土城區清水路1-1號斜對面40公尺","land_parcel":"明德段00080000","diameter_m":2.464650076583,"girth_m":7.752418977326,"estimated_age":100,"status":"公告列管","countyCode":"65000"}},{"type":"Feature","id":"107-八-38","geometry":{"type":"Point","coordinates":[121.40435361601382,25.15294190272783]},"properties":{"name":"榕樹","code":"107-八-38","county":"新北市","scientific_name":"Ficus microcarpa","address":"八里區中山路二段216號(八里區頂罟公園編號739410路燈後)","land_parcel":"中山段862","diameter_m":3.06,"girth_m":9.6,"estimated_age":100,"status":"公告列管","countyCode":"65000"}},{"type":"Feature","id":"107-芝-37","geometry":{"type":"Point","coordinates":[121.51015977641187,25.24351727972834]},"properties":{"name":"大葉雀榕","code":"107-芝-37","county":"新北市","scientific_name":"Ficus caulocarpa","address":"三芝區八賢里2鄰14號前坡坎上(農夫學堂旁)","land_parcel":"舊小基隆段八連溪小段35","diameter_m":1.69,"girth_m":5.3,"estimated_age":70,"status":"公告列管","countyCode":"65000"}},{"type":"Feature","id":"107-金-23","geometry":{"type":"Point","coordinates":[121.61970326416628,25.221531015305768]},"properties":{"name":"榕樹","code":"107-金-23","county":"新北市","scientific_name":"Ficus microcarpa","address":"下六股39號前( 39-1號 王寓前)","land_parcel":"聖德段1885","diameter_m":1.502,"girth_m":4.719,"estimated_age":50,"status":"公告列管","countyCode":"65000"}},{"type":"Feature","id":"107-樹-43","geometry":{"type":"Point","coordinates":[121.42738371785924,24.99246538047186]},"properties":{"name":"茄苳","code":"107-樹-43","county":"新北市","scientific_name":"Bischofia javanica","address":"新北市樹林區博愛街33號(樹林樹德宮後方)","land_parcel":"博愛段00180000","diameter_m":0.88,"girth_m":2.75,"estimated_age":200,"status":"公告列管","countyCode":"65000"}},{"type":"Feature","id":"107-店-123","geometry":{"type":"Point","coordinates":[121.53764265639892,24.959362715618138]},"properties":{"name":"樟樹","code":"107-店-123","county":"新北市","scientific_name":"Cinnamomum camphora","address":"新店區環河路19巷27號\n(瑠公紀念大樓 停車場內)","land_parcel":"北宜段220","diameter_m":1.34,"girth_m":4.2,"estimated_age":100,"status":"公告列管","countyCode":"65000"}},{"type":"Feature","id":"107-店-124","geometry":{"type":"Point","coordinates":[121.53769287824107,24.959525041450355]},"properties":{"name":"榕樹","code":"107-店-124","county":"新北市","scientific_name":"Ficus microcarpa","address":"新店區環河路19巷27號\n(瑠公紀念大樓停車場前)","land_parcel":"北宜段201","diameter_m":1.5,"girth_m":4.7,"estimated_age":100,"status":"公告列管","countyCode":"65000"}},{"type":"Feature","id":"107-店-125","geometry":{"type":"Point","coordinates":[121.53938165743143,24.933436499706428]},"properties":{"name":"錫蘭橄欖","code":"107-店-125","county":"新北市","scientific_name":"Elaeocarpus serratus","address":"新店區文山農場(湖子內路100號)","land_parcel":"永興段 383","diameter_m":1.17,"girth_m":3.67,"estimated_age":50,"status":"公告列管","countyCode":"65000"}},{"type":"Feature","id":"107-店-126","geometry":{"type":"Point","coordinates":[121.53935179693917,24.93340049494681]},"properties":{"name":"錫蘭橄欖","code":"107-店-126","county":"新北市","scientific_name":"Elaeocarpus serratus","address":"新店區文山農場(湖子內路100號)","land_parcel":"永興段 383","diameter_m":1.07,"girth_m":3.36,"estimated_age":50,"status":"公告列管","countyCode":"65000"}},{"type":"Feature","id":"107-店-127","geometry":{"type":"Point","coordinates":[121.54010546125201,24.933668611939016]},"properties":{"name":"錫蘭橄欖","code":"107-店-127","county":"新北市","scientific_name":"Elaeocarpus serratus","address":"新店區文山農場(湖子內路100號)","land_parcel":"永興段 383","diameter_m":1.08,"girth_m":3.39,"estimated_age":50,"status":"公告列管","countyCode":"65000"}},{"type":"Feature","id":"107-汐-29","geometry":{"type":"Point","coordinates":[121.64561582710239,25.089613858161794]},"properties":{"name":"苦楝","code":"107-汐-29","county":"新北市","scientific_name":"Melia azedarach","address":"汐止區北港國小(汐止區汐萬路2段279號)","land_parcel":"八連段204","diameter_m":0.75,"girth_m":2.36,"estimated_age":50,"status":"公告列管","countyCode":"65000"}},{"type":"Feature","id":"107-土-60","geometry":{"type":"Point","coordinates":[121.46384476069707,24.98632534595255]},"properties":{"name":"樟樹","code":"107-土-60","county":"新北市","scientific_name":"Cinnamomum camphora","address":"土城區廣厚宫(金城路1段129巷22號之1)","land_parcel":"土城段00580001","diameter_m":1.05,"girth_m":3.3000000000000003,"estimated_age":50,"status":"公告列管","countyCode":"65000"}},{"type":"Feature","id":"107-樹-44","geometry":{"type":"Point","coordinates":[121.43023361573843,24.99727823911544]},"properties":{"name":"雀榕","code":"107-樹-44","county":"新北市","scientific_name":"Ficus superba var. japonica","address":"新北市樹林區樹新路120巷","land_parcel":"樹新段00090000","diameter_m":0.93,"girth_m":2.92,"estimated_age":50,"status":"公告列管","countyCode":"65000"}},{"type":"Feature","id":"107-莊-34","geometry":{"type":"Point","coordinates":[121.44049405401465,25.03818202075467]},"properties":{"name":"榕樹","code":"107-莊-34","county":"新北市","scientific_name":"Ficus microcarpa","address":"新莊區三和路18-10號","land_parcel":"海山頭段石龜小段00070031、00060013","diameter_m":1.1300000000000001,"girth_m":3.5500000000000003,"estimated_age":50,"status":"公告列管","countyCode":"65000"}},{"type":"Feature","id":"107-店-129","geometry":{"type":"Point","coordinates":[121.53001764051058,24.982610492506815]},"properties":{"name":"榕樹","code":"107-店-129","county":"新北市","scientific_name":"Ficus microcarpa","address":"新店區民生路126-1號前","land_parcel":"中央段97-1","diameter_m":1,"girth_m":3.14,"estimated_age":50,"status":"公告列管","countyCode":"65000"}},{"type":"Feature","id":"107-店-130","geometry":{"type":"Point","coordinates":[121.53024517110053,24.975612859964976]},"properties":{"name":"芒果樹","code":"107-店-130","county":"新北市","scientific_name":"Mangifera indica","address":"新店區中央路與央北一路間","land_parcel":"斯馨段0124-0000","diameter_m":0.6,"girth_m":1.8800000000000001,"estimated_age":100,"status":"公告列管","countyCode":"65000"}},{"type":"Feature","id":"107-店-131","geometry":{"type":"Point","coordinates":[121.5303739295413,24.97561240128788]},"properties":{"name":"苦楝","code":"107-店-131","county":"新北市","scientific_name":"Melia azedarach","address":"新店區中央路與央北一路間","land_parcel":"斯馨段0124-0000","diameter_m":0.62,"girth_m":1.95,"estimated_age":50,"status":"公告列管","countyCode":"65000"}},{"type":"Feature","id":"107-板-47","geometry":{"type":"Point","coordinates":[121.46563722293533,25.007238072993058]},"properties":{"name":"榕樹","code":"107-板-47","county":"新北市","scientific_name":"Ficus microcarpa","address":"板橋區民族路130巷67號","land_parcel":"民族段07520000","diameter_m":1.3,"girth_m":4.08,"estimated_age":50,"status":"公告列管","countyCode":"65000"}},{"type":"Feature","id":"107-店-132","geometry":{"type":"Point","coordinates":[121.55310300062558,24.97515050649935]},"properties":{"name":"榕樹","code":"107-店-132","county":"新北市","scientific_name":"Ficus microcarpa","address":"新店區寶高便道萬應公旁","land_parcel":"寶興段0092-0000","diameter_m":0.96,"girth_m":3.0100000000000002,"estimated_age":50,"status":"公告列管","countyCode":"65000"}},{"type":"Feature","id":"107-土-62","geometry":{"type":"Point","coordinates":[121.41143160108679,24.952548299681233]},"properties":{"name":"苦楝","code":"107-土-62","county":"新北市","scientific_name":"Melia azedarach","address":"土城區中央路4段","land_parcel":"頂福段1098","diameter_m":0.72,"girth_m":2.2600000000000002,"estimated_age":50,"status":"公告列管","countyCode":"65000"}},{"type":"Feature","id":"107-土-65","geometry":{"type":"Point","coordinates":[121.41173600073306,24.952901499397484]},"properties":{"name":"茄苳","code":"107-土-65","county":"新北市","scientific_name":"Bischofia javanica","address":"土城區中央路4段","land_parcel":"頂福段1098","diameter_m":0.5669,"girth_m":1.79,"estimated_age":50,"status":"公告列管","countyCode":"65000"}},{"type":"Feature","id":"107-金-24","geometry":{"type":"Point","coordinates":[121.64026815950052,25.21994475664491]},"properties":{"name":"榕樹","code":"107-金-24","county":"新北市","scientific_name":"Ficus microcarpa","address":"金山區民生路65號旁","land_parcel":"中興段890、892及金山三段12","diameter_m":1.05,"girth_m":3.3000000000000003,"estimated_age":50,"status":"公告列管","countyCode":"65000"}},{"type":"Feature","id":"107-板-48","geometry":{"type":"Point","coordinates":[121.48024337136734,25.028353625281124]},"properties":{"name":"榕樹","code":"107-板-48","county":"新北市","scientific_name":"Ficus microcarpa","address":"板橋區大同街70號","land_parcel":"江子翠段第一崁小段00150000","diameter_m":0.9,"girth_m":2.83,"estimated_age":50,"status":"公告列管","countyCode":"65000"}},{"type":"Feature","id":"107-泰-02","geometry":{"type":"Point","coordinates":[121.43556425249746,25.042475902970796]},"properties":{"name":"黃槿","code":"107-泰-02","county":"新北市","scientific_name":"Hibiscus\ntiliaceus","address":"泰山區民生路150號","land_parcel":"泰山段二小段06400002","diameter_m":0.89,"girth_m":2.79,"estimated_age":65,"status":"公告列管","countyCode":"65000"}},{"type":"Feature","id":"107-店-133","geometry":{"type":"Point","coordinates":[121.52872019377817,24.982642191620794]},"properties":{"name":"樟樹","code":"107-店-133","county":"新北市","scientific_name":"Cinnamomum camphora","address":"新店區民生路斯馨祠土地公廟","land_parcel":"中央段0200-0000","diameter_m":0.92,"girth_m":2.89,"estimated_age":100,"status":"公告列管","countyCode":"65000"}},{"type":"Feature","id":"107-店-134","geometry":{"type":"Point","coordinates":[121.51518434917558,24.967097999206]},"properties":{"name":"苦楝","code":"107-店-134","county":"新北市","scientific_name":"Melia azedarach","address":"新店區安興路及人中學校門旁","land_parcel":"安和段895","diameter_m":1.2,"girth_m":3.77,"estimated_age":80,"status":"公告列管","countyCode":"65000"}},{"type":"Feature","id":"107-重-13","geometry":{"type":"Point","coordinates":[121.50119774580811,25.05931404725121]},"properties":{"name":"榕樹","code":"107-重-13","county":"新北市","scientific_name":"Ficus microcarpa","address":"三重區同安公園","land_parcel":"光興段11160000","diameter_m":0.89,"girth_m":2.79,"estimated_age":38,"status":"公告列管","countyCode":"65000"}},{"type":"Feature","id":"107-重-14","geometry":{"type":"Point","coordinates":[121.5010593553156,25.05940479512728]},"properties":{"name":"榕樹","code":"107-重-14","county":"新北市","scientific_name":"Ficus microcarpa","address":"三重區同安公園","land_parcel":"光興段11160000","diameter_m":0.86,"girth_m":2.7,"estimated_age":37,"status":"公告列管","countyCode":"65000"}},{"type":"Feature","id":"107-店-135","geometry":{"type":"Point","coordinates":[121.53043059327933,24.981895797242693]},"properties":{"name":"蓮霧","code":"107-店-135","county":"新北市","scientific_name":"Syzygium samarangense","address":"新店十四張果園內","land_parcel":"中央段152","diameter_m":0.89,"girth_m":2.79,"estimated_age":50,"status":"公告列管","countyCode":"65000"}},{"type":"Feature","id":"107-店-136","geometry":{"type":"Point","coordinates":[121.52806010189295,24.983475125290063]},"properties":{"name":"樟樹","code":"107-店-136","county":"新北市","scientific_name":"Cinnamomum camphora","address":"新店區十四張斯馨祠附近","land_parcel":"中央段140","diameter_m":0.9400000000000001,"girth_m":2.95,"estimated_age":50,"status":"公告列管","countyCode":"65000"}},{"type":"Feature","id":"107-店-137","geometry":{"type":"Point","coordinates":[121.53366866955544,24.98168560292014]},"properties":{"name":"茄苳","code":"107-店-137","county":"新北市","scientific_name":"Bischofia javanica","address":"新店區十四張中正路側苗圃內","land_parcel":"莊敬段791","diameter_m":1.885,"girth_m":5.92,"estimated_age":200,"status":"公告列管","countyCode":"65000"}},{"type":"Feature","id":"107-店-138","geometry":{"type":"Point","coordinates":[121.53364940508287,24.98181206610822]},"properties":{"name":"茄苳","code":"107-店-138","county":"新北市","scientific_name":"Bischofia javanica","address":"新店區十四張中正路側苗圃內","land_parcel":"莊敬段791","diameter_m":1.45,"girth_m":4.55,"estimated_age":180,"status":"公告列管","countyCode":"65000"}},{"type":"Feature","id":"107-店-139","geometry":{"type":"Point","coordinates":[121.53449729240913,24.98089718044877]},"properties":{"name":"茄苳","code":"107-店-139","county":"新北市","scientific_name":"Bischofia javanica","address":"新店中正路470號加油站內","land_parcel":"大豐段247","diameter_m":0.86,"girth_m":2.7,"estimated_age":50,"status":"公告列管","countyCode":"65000"}},{"type":"Feature","id":"108-莊-35","geometry":{"type":"Point","coordinates":[121.45322660013564,25.0350831866115]},"properties":{"name":"茄苳","code":"108-莊-35","county":"新北市","scientific_name":"Bischofia javanica","address":"新莊區大觀路31巷11號（武德殿後方）","land_parcel":"文德段05060000","diameter_m":0.9,"girth_m":2.83,"estimated_age":60,"status":"公告列管","countyCode":"65000"}},{"type":"Feature","id":"108-泰-03","geometry":{"type":"Point","coordinates":[121.41986992408779,25.031795603867717]},"properties":{"name":"茄苳","code":"108-泰-03","county":"新北市","scientific_name":"Bischofia javanica","address":"泰山區新北大道7段27巷17號","land_parcel":"中山段10030000、09930000、10020000","diameter_m":0.97,"girth_m":3.0500000000000003,"estimated_age":70,"status":"公告列管","countyCode":"65000"}},{"type":"Feature","id":"108-板-49","geometry":{"type":"Point","coordinates":[121.47140472400926,25.025790839992435]},"properties":{"name":"榕樹","code":"108-板-49","county":"新北市","scientific_name":"Ficus microcarpa","address":"板橋區莊敬路62號","land_parcel":"江子翠段第二崁小段02080011","diameter_m":1.12,"girth_m":3.52,"estimated_age":50,"status":"公告列管","countyCode":"65000"}},{"type":"Feature","id":"108-板-50","geometry":{"type":"Point","coordinates":[121.47182962053085,25.025482534711465]},"properties":{"name":"榕樹","code":"108-板-50","county":"新北市","scientific_name":"Ficus microcarpa","address":"板橋區莊敬路62號","land_parcel":"江子翠段第二崁小段02070002","diameter_m":1.12,"girth_m":3.52,"estimated_age":50,"status":"公告列管","countyCode":"65000"}},{"type":"Feature","id":"108-店-140","geometry":{"type":"Point","coordinates":[121.53790462903072,24.9786188401949]},"properties":{"name":"榕樹","code":"108-店-140","county":"新北市","scientific_name":"Ficus microcarpa","address":"新店大豐國小（操場旁）","land_parcel":"大豐段419","diameter_m":0.9,"girth_m":2.83,"estimated_age":50,"status":"公告列管","countyCode":"65000"}},{"type":"Feature","id":"108-板-51","geometry":{"type":"Point","coordinates":[121.45386893716976,25.007653634933085]},"properties":{"name":"榕樹","code":"108-板-51","county":"新北市","scientific_name":"Ficus microcarpa","address":"板橋區館前西路213巷底","land_parcel":"新興段10370000","diameter_m":0.9,"girth_m":2.83,"estimated_age":50,"status":"公告列管","countyCode":"65000"}},{"type":"Feature","id":"108-土-66","geometry":{"type":"Point","coordinates":[121.45279696893348,24.980075728107884]},"properties":{"name":"榕樹","code":"108-土-66","county":"新北市","scientific_name":"Ficus microcarpa","address":"土城區金城路2段80號旁明德路1段十字路口","land_parcel":"明德段02240000、02270000","diameter_m":1.33,"girth_m":4.2,"estimated_age":50,"status":"公告列管","countyCode":"65000"}},{"type":"Feature","id":"108-店-141","geometry":{"type":"Point","coordinates":[121.52738351096531,24.982764300024595]},"properties":{"name":"榕樹","code":"108-店-141","county":"新北市","scientific_name":"Ficus microcarpa","address":"央北3路旁農地","land_parcel":"中央段202","diameter_m":0.9,"girth_m":2.83,"estimated_age":50,"status":"公告列管","countyCode":"65000"}},{"type":"Feature","id":"108-店-142","geometry":{"type":"Point","coordinates":[121.52724672632198,24.98320716427416]},"properties":{"name":"榕樹","code":"108-店-142","county":"新北市","scientific_name":"Ficus microcarpa","address":"溪園街221號苗圃內","land_parcel":"中央段202及204-1","diameter_m":1.1,"girth_m":3.45,"estimated_age":50,"status":"公告列管","countyCode":"65000"}},{"type":"Feature","id":"108-店-143","geometry":{"type":"Point","coordinates":[121.54260126687579,24.942868305814066]},"properties":{"name":"苦楝","code":"108-店-143","county":"新北市","scientific_name":"Melia azedarach","address":"灣潭路46號旁","land_parcel":"直潭段灣潭小段164-1","diameter_m":0.98,"girth_m":3.08,"estimated_age":50,"status":"公告列管","countyCode":"65000"}},{"type":"Feature","id":"108-店-144","geometry":{"type":"Point","coordinates":[121.53839355743295,24.952128432594538]},"properties":{"name":"榕樹","code":"108-店-144","county":"新北市","scientific_name":"Ficus microcarpa","address":"北宜段671-3地號(新店碧潭渡船頭停車場)","land_parcel":"北宜段671-3","diameter_m":0.9,"girth_m":1.08,"estimated_age":50,"status":"公告列管","countyCode":"65000"}},{"type":"Feature","id":"109-板-52","geometry":{"type":"Point","coordinates":[121.45463247711979,24.997070257337715]},"properties":{"name":"榕樹","code":"109-板-52","county":"新北市","scientific_name":"Ficus microcarpa","address":"板橋區亞東段998、1004-1、1005-1、1006-7地號(亞東醫院對面停車場)","land_parcel":"板橋區亞東段09980000、10040001、10050001、10060007","diameter_m":0.96,"girth_m":3.0100000000000002,"estimated_age":50,"status":"公告列管","countyCode":"65000"}},{"type":"Feature","id":"109-土-68","geometry":{"type":"Point","coordinates":[121.4440596175211,24.974260782806514]},"properties":{"name":"含笑","code":"109-土-68","county":"新北市","scientific_name":"Magnolia figo","address":"仁德公園內","land_parcel":"土城段02420000、02430000、02430001、02490000、02490002","diameter_m":0.55,"girth_m":1.72,"estimated_age":50,"status":"公告列管","countyCode":"65000"}},{"type":"Feature","id":"109-土-69","geometry":{"type":"Point","coordinates":[121.4440596175211,24.974260782806514]},"properties":{"name":"楓香","code":"109-土-69","county":"新北市","scientific_name":"Liquidambar formosana","address":"仁德公園內","land_parcel":"土城段02420000、02430000、02430001、02490000、02490002","diameter_m":0.79,"girth_m":2.48,"estimated_age":50,"status":"公告列管","countyCode":"65000"}},{"type":"Feature","id":"109-店-146","geometry":{"type":"Point","coordinates":[121.52994482271335,24.981798217926787]},"properties":{"name":"黑板樹","code":"109-店-146","county":"新北市","scientific_name":"Alstonia scholaris","address":"新店區中央段 152 地號","land_parcel":"新店區中央段 152","diameter_m":1.09,"girth_m":3.42,"estimated_age":50,"status":"公告列管","countyCode":"65000"}},{"type":"Feature","id":"109-淡-172","geometry":{"type":"Point","coordinates":[121.44705724093754,25.1943659887341]},"properties":{"name":"芒果樹","code":"109-淡-172","county":"新北市","scientific_name":"Mangifera indica","address":"淡水區林子段 954 地號","land_parcel":"淡水區林子段 954","diameter_m":1.16,"girth_m":3.64,"estimated_age":50,"status":"公告列管","countyCode":"65000"}},{"type":"Feature","id":"109-淡-173","geometry":{"type":"Point","coordinates":[121.44705724093754,25.1943659887341]},"properties":{"name":"芒果樹","code":"109-淡-173","county":"新北市","scientific_name":"Mangifera indica","address":"淡水區林子段 954 地號","land_parcel":"淡水區林子段 954","diameter_m":1.16,"girth_m":3.64,"estimated_age":50,"status":"公告列管","countyCode":"65000"}},{"type":"Feature","id":"109-淡-174","geometry":{"type":"Point","coordinates":[121.44705724093754,25.1943659887341]},"properties":{"name":"錫蘭橄欖","code":"109-淡-174","county":"新北市","scientific_name":"Elaeocarpus serratus","address":"淡水區林子段 954 地號","land_parcel":"淡水區林子段 954","diameter_m":0.92,"girth_m":2.88,"estimated_age":50,"status":"公告列管","countyCode":"65000"}},{"type":"Feature","id":"110-中-24","geometry":{"type":"Point","coordinates":[121.52786571489422,24.995943685944933]},"properties":{"name":"榕樹","code":"110-中-24","county":"新北市","scientific_name":"Ficus microcarpa","address":"永和區環河東路四段146號對面","land_parcel":"長堤段160-3","diameter_m":0.963,"girth_m":0.963,"estimated_age":70,"status":"公告列管","countyCode":"65000"}},{"type":"Feature","id":"110-淡-175","geometry":{"type":"Point","coordinates":[121.46063559780036,25.15599151740663]},"properties":{"name":"朴樹","code":"110-淡-175","county":"新北市","scientific_name":"Celtis sinensis","address":"淡水區八勢一街22號前","land_parcel":"淡水區海天段355-5","diameter_m":1.03,"girth_m":3.23,"estimated_age":50,"status":"公告列管","countyCode":"65000"}},{"type":"Feature","id":"110-蘆-29","geometry":{"type":"Point","coordinates":[121.46697986806359,25.091936697492354]},"properties":{"name":"榕樹","code":"110-蘆-29","county":"新北市","scientific_name":"Ficus microcarpa","address":"蘆洲區三民路 128 巷 87 號後旁巷子內右側後方空地旁","land_parcel":"保佑段88","diameter_m":1.27,"girth_m":3.9898192999999997,"estimated_age":50,"status":"公告列管","countyCode":"65000"}},{"type":"Feature","id":"110-蘆-30","geometry":{"type":"Point","coordinates":[121.46584805072992,25.092353226981945]},"properties":{"name":"榕樹","code":"110-蘆-30","county":"新北市","scientific_name":"Ficus microcarpa","address":"蘆洲區三民路 300 巷 36 號旁邊鐵皮圍欄內","land_parcel":"保佑段43","diameter_m":1.05,"girth_m":3.2986695,"estimated_age":50,"status":"公告列管","countyCode":"65000"}},{"type":"Feature","id":"110-蘆-31","geometry":{"type":"Point","coordinates":[121.46330635198227,25.097961807554505]},"properties":{"name":"榕樹","code":"110-蘆-31","county":"新北市","scientific_name":"Ficus microcarpa","address":"蘆洲區中正路 516 巷 21 號","land_parcel":"保新段189","diameter_m":1.33,"girth_m":4.1783147000000005,"estimated_age":50,"status":"公告列管","countyCode":"65000"}},{"type":"Feature","id":"111-店-147","geometry":{"type":"Point","coordinates":[121.53213899533439,24.987806016571394]},"properties":{"name":"樟樹","code":"111-店-147","county":"新北市","scientific_name":"Cinnamomum camphora","address":"國家人權博物館景美園區","land_parcel":"莊敬段 517-4","diameter_m":1.185,"girth_m":3.72,"estimated_age":null,"status":"公告列管","countyCode":"65000"}},{"type":"Feature","id":"111-店-148","geometry":{"type":"Point","coordinates":[121.53227800000636,24.98786101545189]},"properties":{"name":"樟樹","code":"111-店-148","county":"新北市","scientific_name":"Cinnamomum camphora","address":"國家人權博物館景美園區","land_parcel":"莊敬段 517-4","diameter_m":0.9,"girth_m":2.826,"estimated_age":null,"status":"公告列管","countyCode":"65000"}},{"type":"Feature","id":"111-店-149","geometry":{"type":"Point","coordinates":[121.53238899871982,24.986556015208162]},"properties":{"name":"樟樹","code":"111-店-149","county":"新北市","scientific_name":"Cinnamomum camphora","address":"國家人權博物館景美園區","land_parcel":"莊敬段 516","diameter_m":0.917,"girth_m":2.879,"estimated_age":null,"status":"公告列管","countyCode":"65000"}},{"type":"Feature","id":"111-店-150","geometry":{"type":"Point","coordinates":[121.53193300360755,24.987927016954192]},"properties":{"name":"樟樹","code":"111-店-150","county":"新北市","scientific_name":"Cinnamomum camphora","address":"國家人權博物館景美園區","land_parcel":"莊敬段 517-4","diameter_m":0.773,"girth_m":2.4285,"estimated_age":60,"status":"公告列管","countyCode":"65000"}},{"type":"Feature","id":"111-店-151","geometry":{"type":"Point","coordinates":[121.53207299965693,24.987515013601303]},"properties":{"name":"樟樹","code":"111-店-151","county":"新北市","scientific_name":"Cinnamomum camphora","address":"國家人權博物館景美園區","land_parcel":"莊敬段 517-4","diameter_m":0.7490000000000001,"girth_m":2.353,"estimated_age":50,"status":"公告列管","countyCode":"65000"}},{"type":"Feature","id":"114-店-152","geometry":{"type":"Point","coordinates":[121.5534580009997,24.953175199614915]},"properties":{"name":"麵包樹","code":"114-店-152","county":"新北市","scientific_name":"Artocarpus treculianus","address":"新店區北宜路二段82巷人行道(新店區青潭國民小學圍牆旁)","land_parcel":"竹林段859","diameter_m":2.34990932,"girth_m":0.748,"estimated_age":50,"status":"公告列管","countyCode":"65000"}},{"type":"Feature","id":"114-店-153","geometry":{"type":"Point","coordinates":[121.55348900097768,24.953117199444094]},"properties":{"name":"麵包樹","code":"114-店-153","county":"新北市","scientific_name":"Artocarpus treculianus","address":"新店區北宜路二段82巷人行道(新店區青潭國民小學圍牆旁)","land_parcel":"竹林段859","diameter_m":1.352140336,"girth_m":0.4304,"estimated_age":50,"status":"公告列管","countyCode":"65000"}},{"type":"Feature","id":"114-店-154","geometry":{"type":"Point","coordinates":[121.55349200085658,24.95306919998227]},"properties":{"name":"麵包樹","code":"114-店-154","county":"新北市","scientific_name":"Artocarpus treculianus","address":"新店區北宜路二段82巷人行道(新店區青潭國民小學圍牆旁)","land_parcel":"竹林段859","diameter_m":2.352736751,"girth_m":0.7489,"estimated_age":50,"status":"公告列管","countyCode":"65000"}},{"type":"Feature","id":"114-店-155","geometry":{"type":"Point","coordinates":[121.55351200077665,24.953013199789762]},"properties":{"name":"麵包樹","code":"114-店-155","county":"新北市","scientific_name":"Artocarpus treculianus","address":"新店區北宜路二段82巷人行道(新店區青潭國民小學圍牆旁)","land_parcel":"竹林段859","diameter_m":2.0420335,"girth_m":0.65,"estimated_age":50,"status":"公告列管","countyCode":"65000"}},{"type":"Feature","id":"114-店-156","geometry":{"type":"Point","coordinates":[121.55354000078071,24.95293119944334]},"properties":{"name":"麵包樹","code":"114-店-156","county":"新北市","scientific_name":"Artocarpus treculianus","address":"新店區北宜路二段82巷人行道(新店區青潭國民小學圍牆旁)","land_parcel":"竹林段859","diameter_m":1.860763757,"girth_m":0.5922999999999999,"estimated_age":50,"status":"公告列管","countyCode":"65000"}},{"type":"Feature","id":"114-店-157","geometry":{"type":"Point","coordinates":[121.55357600057285,24.95280519948341]},"properties":{"name":"麵包樹","code":"114-店-157","county":"新北市","scientific_name":"Artocarpus treculianus","address":"新店區北宜路二段82巷人行道(新店區青潭國民小學圍牆旁)","land_parcel":"竹林段859","diameter_m":1.967263658,"girth_m":0.6262,"estimated_age":50,"status":"公告列管","countyCode":"65000"}},{"type":"Feature","id":"114-土-70","geometry":{"type":"Point","coordinates":[121.45571995951566,24.977307782567237]},"properties":{"name":"香楠","code":"114-土-70","county":"新北市","scientific_name":"Machilus zuihoensis","address":"土城區金城路一段66號(土城司法園區預定地內)","land_parcel":"柑林段178-2(移植至柑林段1143)","diameter_m":2.85256372,"girth_m":0.908,"estimated_age":50,"status":"公告列管","countyCode":"65000"}},{"type":"Feature","id":"114-土-71","geometry":{"type":"Point","coordinates":[121.45490894177262,24.974504831768567]},"properties":{"name":"九丁榕","code":"114-土-71","county":"新北市","scientific_name":"Ficus nervosa","address":"土城區金城路一段66號(土城司法園區預定地內)","land_parcel":"柑林段240-4(移植至柑林段1141)","diameter_m":3.3363685800000003,"girth_m":1.062,"estimated_age":50,"status":"公告列管","countyCode":"65000"}},{"type":"Feature","id":"114-土-72","geometry":{"type":"Point","coordinates":[121.45498498673011,24.974444832502105]},"properties":{"name":"香楠","code":"114-土-72","county":"新北市","scientific_name":"Machilus zuihoensis","address":"土城區金城路一段66號(土城司法園區預定地內)","land_parcel":"柑林段240-4(移植至柑林段1171-1)","diameter_m":3.0850413800000003,"girth_m":0.9820000000000001,"estimated_age":50,"status":"公告列管","countyCode":"65000"}},{"type":"Feature","id":"114-土-73","geometry":{"type":"Point","coordinates":[121.45124793501886,24.971339750610326]},"properties":{"name":"香楠","code":"114-土-73","county":"新北市","scientific_name":"Machilus zuihoensis","address":"土城區金城路一段66號(土城司法園區預定地內)","land_parcel":"柑林段889-3(移植至柑林段1171-1)","diameter_m":3.2138465700000003,"girth_m":1.023,"estimated_age":50,"status":"公告列管","countyCode":"65000"}},{"type":"Feature","id":"114-土-74","geometry":{"type":"Point","coordinates":[121.4517669448659,24.97167077687495]},"properties":{"name":"樟樹","code":"114-土-74","county":"新北市","scientific_name":"Cinnamomum camphora","address":"土城區金城路一段66號(土城司法園區預定地內)","land_parcel":"柑林段889-3(移植至柑林段1141)","diameter_m":3.2264129300000004,"girth_m":1.0270000000000001,"estimated_age":50,"status":"公告列管","countyCode":"65000"}}]}