{"type":"FeatureCollection","features":[{"type":"Feature","id":"gwobwell_e.1","geometry":{"type":"Point","coordinates":[121.74478482,24.74708745]},"properties":{"name":"宜農(1)","code":"3132011GW02010111","是否現":"現存","地下水":1,"countyCode":"10002"}},{"type":"Feature","id":"gwobwell_e.2","geometry":{"type":"Point","coordinates":[121.74474898,24.7469872]},"properties":{"name":"宜農(2)","code":"3132011GW02010121","是否現":"現存","地下水":2,"countyCode":"10002"}},{"type":"Feature","id":"gwobwell_e.3","geometry":{"type":"Point","coordinates":[121.85252093,24.61494099]},"properties":{"name":"岳明國小(1)","code":"3132011GW02030111","是否現":"現存","地下水":1,"countyCode":"10002"}},{"type":"Feature","id":"gwobwell_e.4","geometry":{"type":"Point","coordinates":[121.82963578,24.66599967]},"properties":{"name":"利澤(1)","code":"3132011GW02030211","是否現":"現存","地下水":1,"countyCode":"10002"}},{"type":"Feature","id":"gwobwell_e.5","geometry":{"type":"Point","coordinates":[121.82963841,24.66600116]},"properties":{"name":"利澤(2)","code":"3132011GW02030221","是否現":"現存","地下水":2,"countyCode":"10002"}},{"type":"Feature","id":"gwobwell_e.6","geometry":{"type":"Point","coordinates":[121.81406077,24.63735641]},"properties":{"name":"龍德(1)","code":"3132011GW02030311","是否現":"現存","地下水":1,"countyCode":"10002"}},{"type":"Feature","id":"gwobwell_e.7","geometry":{"type":"Point","coordinates":[121.81393294,24.6373575]},"properties":{"name":"龍德(2)","code":"3132011GW02030321","是否現":"現存","地下水":2,"countyCode":"10002"}},{"type":"Feature","id":"gwobwell_e.8","geometry":{"type":"Point","coordinates":[121.81406252,24.6373554]},"properties":{"name":"龍德(3)","code":"3132011GW02030331","是否現":"現存","地下水":2,"countyCode":"10002"}},{"type":"Feature","id":"gwobwell_e.9","geometry":{"type":"Point","coordinates":[121.81393488,24.63735652]},"properties":{"name":"龍德(4)","code":"3132011GW02030341","是否現":"現存","地下水":3,"countyCode":"10002"}},{"type":"Feature","id":"gwobwell_e.10","geometry":{"type":"Point","coordinates":[121.82854929,24.86330949]},"properties":{"name":"頭城國小(1)","code":"3132011GW02040111","是否現":"現存","地下水":1,"countyCode":"10002"}},{"type":"Feature","id":"gwobwell_e.11","geometry":{"type":"Point","coordinates":[121.75929138,24.78466424]},"properties":{"name":"吳沙(1)","code":"3132011GW02050211","是否現":"現存","地下水":1,"countyCode":"10002"}},{"type":"Feature","id":"gwobwell_e.12","geometry":{"type":"Point","coordinates":[121.75928902,24.78466373]},"properties":{"name":"吳沙(2)","code":"3132011GW02050221","是否現":"現存","地下水":2,"countyCode":"10002"}},{"type":"Feature","id":"gwobwell_e.13","geometry":{"type":"Point","coordinates":[121.78070777,24.80689216]},"properties":{"name":"二龍","code":"3132011GW02050311","是否現":"現存","地下水":1,"countyCode":"10002"}},{"type":"Feature","id":"gwobwell_e.14","geometry":{"type":"Point","coordinates":[121.81386972,24.80072746]},"properties":{"name":"大福國小(1)","code":"3132011GW02060111","是否現":"現存","地下水":1,"countyCode":"10002"}},{"type":"Feature","id":"gwobwell_e.15","geometry":{"type":"Point","coordinates":[121.78960006,24.74402159]},"properties":{"name":"壯圍(1)","code":"3132011GW02060211","是否現":"現存","地下水":1,"countyCode":"10002"}},{"type":"Feature","id":"gwobwell_e.16","geometry":{"type":"Point","coordinates":[121.78959175,24.7440919]},"properties":{"name":"壯圍(2)","code":"3132011GW02060221","是否現":"現存","地下水":2,"countyCode":"10002"}},{"type":"Feature","id":"gwobwell_e.17","geometry":{"type":"Point","coordinates":[121.78960914,24.74400595]},"properties":{"name":"壯圍(3)","code":"3132011GW02060231","是否現":"現存","地下水":3,"countyCode":"10002"}},{"type":"Feature","id":"gwobwell_e.18","geometry":{"type":"Point","coordinates":[121.79881853,24.77219519]},"properties":{"name":"古亭(1)","code":"3132011GW02060311","是否現":"現存","地下水":1,"countyCode":"10002"}},{"type":"Feature","id":"gwobwell_e.19","geometry":{"type":"Point","coordinates":[121.79881825,24.77219678]},"properties":{"name":"古亭(2)","code":"3132011GW02060321","是否現":"現存","地下水":2,"countyCode":"10002"}},{"type":"Feature","id":"gwobwell_e.20","geometry":{"type":"Point","coordinates":[121.82092922,24.73690856]},"properties":{"name":"公館","code":"3132011GW02060411","是否現":"現存","地下水":1,"countyCode":"10002"}},{"type":"Feature","id":"gwobwell_e.21","geometry":{"type":"Point","coordinates":[121.68711008,24.7184021]},"properties":{"name":"內城","code":"3132011GW02070111","是否現":"現存","地下水":1,"countyCode":"10002"}},{"type":"Feature","id":"gwobwell_e.22","geometry":{"type":"Point","coordinates":[121.63245407,24.69149024]},"properties":{"name":"自強國小(1)","code":"3132011GW02070211","是否現":"現存","地下水":1,"countyCode":"10002"}},{"type":"Feature","id":"gwobwell_e.23","geometry":{"type":"Point","coordinates":[121.72819791,24.76320058]},"properties":{"name":"同樂","code":"3132011GW02070411","是否現":"現存","地下水":1,"countyCode":"10002"}},{"type":"Feature","id":"gwobwell_e.24","geometry":{"type":"Point","coordinates":[121.790202,24.631682]},"properties":{"name":"冬山(1)","code":"3132011GW02080111","是否現":"現存","地下水":1,"countyCode":"10002"}},{"type":"Feature","id":"gwobwell_e.25","geometry":{"type":"Point","coordinates":[121.790202,24.631682]},"properties":{"name":"冬山(2)","code":"3132011GW02080121","是否現":"現存","地下水":2,"countyCode":"10002"}},{"type":"Feature","id":"gwobwell_e.26","geometry":{"type":"Point","coordinates":[121.76236958,24.65492299]},"properties":{"name":"順安","code":"3132011GW02080311","是否現":"現存","地下水":1,"countyCode":"10002"}},{"type":"Feature","id":"gwobwell_e.27","geometry":{"type":"Point","coordinates":[121.7994105,24.68800869]},"properties":{"name":"五結(1)","code":"3132011GW02090111","是否現":"現存","地下水":1,"countyCode":"10002"}},{"type":"Feature","id":"gwobwell_e.28","geometry":{"type":"Point","coordinates":[121.79933285,24.68808025]},"properties":{"name":"五結(2)","code":"3132011GW02090121","是否現":"現存","地下水":1,"countyCode":"10002"}},{"type":"Feature","id":"gwobwell_e.29","geometry":{"type":"Point","coordinates":[121.79941088,24.68800695]},"properties":{"name":"五結(3)","code":"3132011GW02090131","是否現":"現存","地下水":2,"countyCode":"10002"}},{"type":"Feature","id":"gwobwell_e.30","geometry":{"type":"Point","coordinates":[121.79933396,24.6880786]},"properties":{"name":"五結(4)","code":"3132011GW02090141","是否現":"現存","地下水":3,"countyCode":"10002"}},{"type":"Feature","id":"gwobwell_e.31","geometry":{"type":"Point","coordinates":[121.77188487,24.69158544]},"properties":{"name":"中興(1)","code":"3132011GW02090211","是否現":"現存","地下水":1,"countyCode":"10002"}},{"type":"Feature","id":"gwobwell_e.32","geometry":{"type":"Point","coordinates":[121.77188378,24.69165693]},"properties":{"name":"中興(2)","code":"3132011GW02090221","是否現":"現存","地下水":2,"countyCode":"10002"}},{"type":"Feature","id":"gwobwell_e.33","geometry":{"type":"Point","coordinates":[121.77188499,24.69158694]},"properties":{"name":"中興(3)","code":"3132011GW02090231","是否現":"現存","地下水":3,"countyCode":"10002"}},{"type":"Feature","id":"gwobwell_e.34","geometry":{"type":"Point","coordinates":[121.77188458,24.69165867]},"properties":{"name":"中興(4)","code":"3132011GW02090241","是否現":"現存","地下水":4,"countyCode":"10002"}},{"type":"Feature","id":"gwobwell_e.35","geometry":{"type":"Point","coordinates":[121.71277424,24.6681374]},"properties":{"name":"大隱(1)","code":"3132011GW02100111","是否現":"現存","地下水":1,"countyCode":"10002"}},{"type":"Feature","id":"gwobwell_e.36","geometry":{"type":"Point","coordinates":[121.71277509,24.66813912]},"properties":{"name":"大隱(2)","code":"3132011GW02100121","是否現":"現存","地下水":2,"countyCode":"10002"}},{"type":"Feature","id":"gwobwell_e.37","geometry":{"type":"Point","coordinates":[121.65012676,24.6673228]},"properties":{"name":"三星","code":"3132011GW02100211","是否現":"現存","地下水":1,"countyCode":"10002"}},{"type":"Feature","id":"gwobwell_e.38","geometry":{"type":"Point","coordinates":[121.72705042,24.69261751]},"properties":{"name":"大洲(1)","code":"3132011GW02100311","是否現":"現存","地下水":1,"countyCode":"10002"}},{"type":"Feature","id":"gwobwell_e.39","geometry":{"type":"Point","coordinates":[121.72704914,24.692619]},"properties":{"name":"大洲(2)","code":"3132011GW02100321","是否現":"現存","地下水":2,"countyCode":"10002"}},{"type":"Feature","id":"gwobwell_e.40","geometry":{"type":"Point","coordinates":[121.17353977,25.01577846]},"properties":{"name":"山東(1)","code":"3132012GW03020111","是否現":"現存","地下水":1,"countyCode":"68000"}},{"type":"Feature","id":"gwobwell_e.41","geometry":{"type":"Point","coordinates":[121.17353827,25.01577976]},"properties":{"name":"山東(2)","code":"3132012GW03020121","是否現":"現存","地下水":2,"countyCode":"68000"}},{"type":"Feature","id":"gwobwell_e.42","geometry":{"type":"Point","coordinates":[121.2491813,24.99494646]},"properties":{"name":"內定(1)","code":"3132012GW03020211","是否現":"現存","地下水":1,"countyCode":"68000"}},{"type":"Feature","id":"gwobwell_e.43","geometry":{"type":"Point","coordinates":[121.24918354,24.99494516]},"properties":{"name":"內定(2)","code":"3132012GW03020221","是否現":"現存","地下水":2,"countyCode":"68000"}},{"type":"Feature","id":"gwobwell_e.44","geometry":{"type":"Point","coordinates":[121.26826032,25.10314328]},"properties":{"name":"海湖(1)","code":"3132012GW03050111","是否現":"現存","地下水":1,"countyCode":"68000"}},{"type":"Feature","id":"gwobwell_e.45","geometry":{"type":"Point","coordinates":[121.26830125,25.10311257]},"properties":{"name":"海湖(2)","code":"3132012GW03050121","是否現":"現存","地下水":2,"countyCode":"68000"}},{"type":"Feature","id":"gwobwell_e.46","geometry":{"type":"Point","coordinates":[121.26830095,25.10311101]},"properties":{"name":"海湖(3)","code":"3132012GW03050131","是否現":"現存","地下水":3,"countyCode":"68000"}},{"type":"Feature","id":"gwobwell_e.47","geometry":{"type":"Point","coordinates":[121.26788548,25.05169819]},"properties":{"name":"蘆竹","code":"3132012GW03050211","是否現":"現存","地下水":1,"countyCode":"68000"}},{"type":"Feature","id":"gwobwell_e.48","geometry":{"type":"Point","coordinates":[121.17536813,25.07735071]},"properties":{"name":"大園(1)","code":"3132012GW03060111","是否現":"現存","地下水":1,"countyCode":"68000"}},{"type":"Feature","id":"gwobwell_e.49","geometry":{"type":"Point","coordinates":[121.17536893,25.07735183]},"properties":{"name":"大園(2)","code":"3132012GW03060121","是否現":"現存","地下水":2,"countyCode":"68000"}},{"type":"Feature","id":"gwobwell_e.50","geometry":{"type":"Point","coordinates":[121.17536928,25.07735423]},"properties":{"name":"大園(3)","code":"3132012GW03060131","是否現":"現存","地下水":3,"countyCode":"68000"}},{"type":"Feature","id":"gwobwell_e.51","geometry":{"type":"Point","coordinates":[121.31124481,24.94303582]},"properties":{"name":"八德(1)","code":"3132012GW03080111","是否現":"現存","地下水":1,"countyCode":"68000"}},{"type":"Feature","id":"gwobwell_e.52","geometry":{"type":"Point","coordinates":[121.31124335,24.94303788]},"properties":{"name":"八德(2)","code":"3132012GW03080121","是否現":"現存","地下水":2,"countyCode":"68000"}},{"type":"Feature","id":"gwobwell_e.53","geometry":{"type":"Point","coordinates":[121.2164056,24.85492629]},"properties":{"name":"龍潭(1)","code":"3132012GW03090111","是否現":"現存","地下水":1,"countyCode":"68000"}},{"type":"Feature","id":"gwobwell_e.54","geometry":{"type":"Point","coordinates":[121.21640826,24.85492702]},"properties":{"name":"龍潭(2)","code":"3132012GW03090121","是否現":"現存","地下水":2,"countyCode":"68000"}},{"type":"Feature","id":"gwobwell_e.55","geometry":{"type":"Point","coordinates":[121.22313719,24.93471068]},"properties":{"name":"平鎮(2)","code":"3132012GW03100121","是否現":"現存","地下水":2,"countyCode":"68000"}},{"type":"Feature","id":"gwobwell_e.56","geometry":{"type":"Point","coordinates":[121.22313927,24.93471166]},"properties":{"name":"平鎮(3)","code":"3132012GW03100131","是否現":"現存","地下水":3,"countyCode":"68000"}},{"type":"Feature","id":"gwobwell_e.57","geometry":{"type":"Point","coordinates":[121.04398501,24.98897518]},"properties":{"name":"永安(1)","code":"3132012GW03110211","是否現":"現存","地下水":1,"countyCode":"68000"}},{"type":"Feature","id":"gwobwell_e.58","geometry":{"type":"Point","coordinates":[121.0438685,24.98903054]},"properties":{"name":"永安(2)","code":"3132012GW03110221","是否現":"現存","地下水":2,"countyCode":"68000"}},{"type":"Feature","id":"gwobwell_e.59","geometry":{"type":"Point","coordinates":[121.04398664,24.98897442]},"properties":{"name":"永安(3)","code":"3132012GW03110231","是否現":"現存","地下水":3,"countyCode":"68000"}},{"type":"Feature","id":"gwobwell_e.60","geometry":{"type":"Point","coordinates":[121.04387059,24.98903011]},"properties":{"name":"永安(4)","code":"3132012GW03110241","是否現":"現存","地下水":4,"countyCode":"68000"}},{"type":"Feature","id":"gwobwell_e.61","geometry":{"type":"Point","coordinates":[121.08540779,24.97694718]},"properties":{"name":"東明(1)","code":"3132012GW03110311","是否現":"現存","地下水":1,"countyCode":"68000"}},{"type":"Feature","id":"gwobwell_e.62","geometry":{"type":"Point","coordinates":[121.08540822,24.97694903]},"properties":{"name":"東明(2)","code":"3132012GW03110321","是否現":"現存","地下水":2,"countyCode":"68000"}},{"type":"Feature","id":"gwobwell_e.63","geometry":{"type":"Point","coordinates":[121.14236702,24.96266449]},"properties":{"name":"頭洲(1)","code":"3132012GW03110411","是否現":"現存","地下水":1,"countyCode":"68000"}},{"type":"Feature","id":"gwobwell_e.64","geometry":{"type":"Point","coordinates":[121.14236567,24.96266181]},"properties":{"name":"頭洲(2)","code":"3132012GW03110421","是否現":"現存","地下水":2,"countyCode":"68000"}},{"type":"Feature","id":"gwobwell_e.65","geometry":{"type":"Point","coordinates":[121.12709336,25.062515]},"properties":{"name":"樹林(1)","code":"3132012GW03120111","是否現":"現存","地下水":1,"countyCode":"68000"}},{"type":"Feature","id":"gwobwell_e.66","geometry":{"type":"Point","coordinates":[121.12709464,25.06251611]},"properties":{"name":"樹林(2)","code":"3132012GW03120121","是否現":"現存","地下水":2,"countyCode":"68000"}},{"type":"Feature","id":"gwobwell_e.67","geometry":{"type":"Point","coordinates":[121.12718577,25.06258904]},"properties":{"name":"樹林(3)","code":"3132012GW03120131","是否現":"現存","地下水":3,"countyCode":"68000"}},{"type":"Feature","id":"gwobwell_e.68","geometry":{"type":"Point","coordinates":[121.12718496,25.06259036]},"properties":{"name":"樹林(4)","code":"3132012GW03120141","是否現":"現存","地下水":4,"countyCode":"68000"}},{"type":"Feature","id":"gwobwell_e.69","geometry":{"type":"Point","coordinates":[121.08431639,25.02823465]},"properties":{"name":"觀音(1)","code":"3132012GW03120211","是否現":"現存","地下水":1,"countyCode":"68000"}},{"type":"Feature","id":"gwobwell_e.70","geometry":{"type":"Point","coordinates":[121.08430759,25.02827684]},"properties":{"name":"觀音(2)","code":"3132012GW03120221","是否現":"現存","地下水":2,"countyCode":"68000"}},{"type":"Feature","id":"gwobwell_e.71","geometry":{"type":"Point","coordinates":[121.08431639,25.02823465]},"properties":{"name":"觀音(3)","code":"3132012GW03120231","是否現":"現存","地下水":3,"countyCode":"68000"}},{"type":"Feature","id":"gwobwell_e.72","geometry":{"type":"Point","coordinates":[121.08430759,25.02827684]},"properties":{"name":"觀音(4)","code":"3132012GW03120241","是否現":"現存","地下水":4,"countyCode":"68000"}},{"type":"Feature","id":"gwobwell_e.73","geometry":{"type":"Point","coordinates":[121.10442485,24.92742301]},"properties":{"name":"瑞原(1)","code":"3132012GW04000111","是否現":"現存","地下水":1,"countyCode":"68000"}},{"type":"Feature","id":"gwobwell_e.74","geometry":{"type":"Point","coordinates":[121.10435523,24.9274138]},"properties":{"name":"瑞原(2)","code":"3132012GW04000121","是否現":"現存","地下水":2,"countyCode":"68000"}},{"type":"Feature","id":"gwobwell_e.75","geometry":{"type":"Point","coordinates":[121.10442485,24.92742301]},"properties":{"name":"瑞原(3)","code":"3132012GW04000131","是否現":"現存","地下水":3,"countyCode":"68000"}},{"type":"Feature","id":"gwobwell_e.76","geometry":{"type":"Point","coordinates":[120.99770259,24.84357825]},"properties":{"name":"新社(1)","code":"3132012GW04010111","是否現":"現存","地下水":1,"countyCode":"10004"}},{"type":"Feature","id":"gwobwell_e.77","geometry":{"type":"Point","coordinates":[120.99770312,24.8435768]},"properties":{"name":"新社(2)","code":"3132012GW04010121","是否現":"現存","地下水":2,"countyCode":"10004"}},{"type":"Feature","id":"gwobwell_e.78","geometry":{"type":"Point","coordinates":[121.08196077,24.82932367]},"properties":{"name":"新埔(1)","code":"3132012GW04030111","是否現":"現存","地下水":1,"countyCode":"10004"}},{"type":"Feature","id":"gwobwell_e.79","geometry":{"type":"Point","coordinates":[121.08201666,24.82936557]},"properties":{"name":"新埔(2)","code":"3132012GW04030121","是否現":"現存","地下水":2,"countyCode":"10004"}},{"type":"Feature","id":"gwobwell_e.80","geometry":{"type":"Point","coordinates":[121.08195939,24.82932269]},"properties":{"name":"新埔(3)","code":"3132012GW04030131","是否現":"現存","地下水":3,"countyCode":"10004"}},{"type":"Feature","id":"gwobwell_e.81","geometry":{"type":"Point","coordinates":[121.01912762,24.87405979]},"properties":{"name":"華興(1)","code":"3132012GW04050111","是否現":"現存","地下水":1,"countyCode":"10004"}},{"type":"Feature","id":"gwobwell_e.82","geometry":{"type":"Point","coordinates":[121.01912538,24.87405911]},"properties":{"name":"華興(2)","code":"3132012GW04050121","是否現":"現存","地下水":2,"countyCode":"10004"}},{"type":"Feature","id":"gwobwell_e.83","geometry":{"type":"Point","coordinates":[121.019004,24.87407796]},"properties":{"name":"華興(3)","code":"3132012GW04050131","是否現":"現存","地下水":3,"countyCode":"10004"}},{"type":"Feature","id":"gwobwell_e.84","geometry":{"type":"Point","coordinates":[121.0102031,24.93286294]},"properties":{"name":"褔興(1)","code":"3132012GW04060111","是否現":"現存","地下水":1,"countyCode":"10004"}},{"type":"Feature","id":"gwobwell_e.85","geometry":{"type":"Point","coordinates":[121.0102302,24.93294399]},"properties":{"name":"褔興(2)","code":"3132012GW04060121","是否現":"現存","地下水":2,"countyCode":"10004"}},{"type":"Feature","id":"gwobwell_e.86","geometry":{"type":"Point","coordinates":[121.01020225,24.93286125]},"properties":{"name":"褔興(3)","code":"3132012GW04060131","是否現":"現存","地下水":3,"countyCode":"10004"}},{"type":"Feature","id":"gwobwell_e.87","geometry":{"type":"Point","coordinates":[121.01022897,24.93294293]},"properties":{"name":"褔興(4)","code":"3132012GW04060141","是否現":"現存","地下水":4,"countyCode":"10004"}},{"type":"Feature","id":"gwobwell_e.88","geometry":{"type":"Point","coordinates":[121.03508973,24.93034083]},"properties":{"name":"福龍(1)","code":"3132012GW04060211","是否現":"現存","地下水":1,"countyCode":"10004"}},{"type":"Feature","id":"gwobwell_e.89","geometry":{"type":"Point","coordinates":[121.0350474,24.93031409]},"properties":{"name":"福龍(2)","code":"3132012GW04060221","是否現":"現存","地下水":2,"countyCode":"10004"}},{"type":"Feature","id":"gwobwell_e.90","geometry":{"type":"Point","coordinates":[121.03508973,24.93034083]},"properties":{"name":"福龍(3)","code":"3132012GW04060231","是否現":"現存","地下水":3,"countyCode":"10004"}},{"type":"Feature","id":"gwobwell_e.91","geometry":{"type":"Point","coordinates":[121.0350474,24.93031409]},"properties":{"name":"福龍(4)","code":"3132012GW04060241","是否現":"現存","地下水":4,"countyCode":"10004"}},{"type":"Feature","id":"gwobwell_e.92","geometry":{"type":"Point","coordinates":[121.08356841,24.77364726]},"properties":{"name":"芎林(1)","code":"3132012GW04070111","是否現":"現存","地下水":2,"countyCode":"10004"}},{"type":"Feature","id":"gwobwell_e.93","geometry":{"type":"Point","coordinates":[121.08356676,24.77364792]},"properties":{"name":"芎林(2)","code":"3132012GW04070121","是否現":"現存","地下水":3,"countyCode":"10004"}},{"type":"Feature","id":"gwobwell_e.94","geometry":{"type":"Point","coordinates":[120.83263661,24.5539396]},"properties":{"name":"苗農","code":"3132012GW05010111","是否現":"現存","地下水":1,"countyCode":"10005"}},{"type":"Feature","id":"gwobwell_e.95","geometry":{"type":"Point","coordinates":[120.65486739,24.44780495]},"properties":{"name":"苑裡(1)","code":"3132012GW05020111","是否現":"現存","地下水":1,"countyCode":"10005"}},{"type":"Feature","id":"gwobwell_e.96","geometry":{"type":"Point","coordinates":[120.65483321,24.44774419]},"properties":{"name":"苑裡(2)","code":"3132012GW05020121","是否現":"現存","地下水":2,"countyCode":"10005"}},{"type":"Feature","id":"gwobwell_e.97","geometry":{"type":"Point","coordinates":[120.65486607,24.4478062]},"properties":{"name":"苑裡(3)","code":"3132012GW05020131","是否現":"現存","地下水":3,"countyCode":"10005"}},{"type":"Feature","id":"gwobwell_e.98","geometry":{"type":"Point","coordinates":[120.68414668,24.41693229]},"properties":{"name":"山腳(1)","code":"3132012GW05020211","是否現":"現存","地下水":1,"countyCode":"10005"}},{"type":"Feature","id":"gwobwell_e.99","geometry":{"type":"Point","coordinates":[120.68414835,24.41693327]},"properties":{"name":"山腳(2)","code":"3132012GW05020221","是否現":"現存","地下水":2,"countyCode":"10005"}},{"type":"Feature","id":"gwobwell_e.100","geometry":{"type":"Point","coordinates":[120.70820276,24.55931085]},"properties":{"name":"啟明","code":"3132012GW05030111","是否現":"現存","地下水":1,"countyCode":"10005"}},{"type":"Feature","id":"gwobwell_e.101","geometry":{"type":"Point","coordinates":[120.72009039,24.51060207]},"properties":{"name":"烏眉(1)","code":"3132012GW05030211","是否現":"現存","地下水":1,"countyCode":"10005"}},{"type":"Feature","id":"gwobwell_e.102","geometry":{"type":"Point","coordinates":[120.70375732,24.47198292]},"properties":{"name":"城中","code":"3132012GW05030311","是否現":"現存","地下水":2,"countyCode":"10005"}},{"type":"Feature","id":"gwobwell_e.103","geometry":{"type":"Point","coordinates":[120.67513168,24.49199749]},"properties":{"name":"通霄(1)","code":"3132012GW05030411","是否現":"現存","地下水":1,"countyCode":"10005"}},{"type":"Feature","id":"gwobwell_e.104","geometry":{"type":"Point","coordinates":[120.67512989,24.49199598]},"properties":{"name":"通霄(2)","code":"3132012GW05030421","是否現":"現存","地下水":2,"countyCode":"10005"}},{"type":"Feature","id":"gwobwell_e.105","geometry":{"type":"Point","coordinates":[120.88937141,24.70907657]},"properties":{"name":"大埔(1)","code":"3132012GW05040111","是否現":"現存","地下水":1,"countyCode":"10005"}},{"type":"Feature","id":"gwobwell_e.106","geometry":{"type":"Point","coordinates":[120.88930411,24.70905323]},"properties":{"name":"大埔(2)","code":"3132012GW05040121","是否現":"現存","地下水":2,"countyCode":"10005"}},{"type":"Feature","id":"gwobwell_e.107","geometry":{"type":"Point","coordinates":[120.88937241,24.70907505]},"properties":{"name":"大埔(3)","code":"3132012GW05040131","是否現":"現存","地下水":3,"countyCode":"10005"}},{"type":"Feature","id":"gwobwell_e.108","geometry":{"type":"Point","coordinates":[120.88449521,24.65421661]},"properties":{"name":"尖山(1)","code":"3132012GW05050111","是否現":"現存","地下水":1,"countyCode":"10005"}},{"type":"Feature","id":"gwobwell_e.109","geometry":{"type":"Point","coordinates":[120.90208281,24.68581029]},"properties":{"name":"六合(1)","code":"3132012GW05050211","是否現":"現存","地下水":1,"countyCode":"10005"}},{"type":"Feature","id":"gwobwell_e.110","geometry":{"type":"Point","coordinates":[120.90208458,24.68580971]},"properties":{"name":"六合(2)","code":"3132012GW05050221","是否現":"現存","地下水":2,"countyCode":"10005"}},{"type":"Feature","id":"gwobwell_e.111","geometry":{"type":"Point","coordinates":[120.8206116,24.66122099]},"properties":{"name":"海寶(1)","code":"3132012GW05060111","是否現":"現存","地下水":1,"countyCode":"10005"}},{"type":"Feature","id":"gwobwell_e.112","geometry":{"type":"Point","coordinates":[120.82076142,24.66123171]},"properties":{"name":"海寶(2)","code":"3132012GW05060121","是否現":"現存","地下水":2,"countyCode":"10005"}},{"type":"Feature","id":"gwobwell_e.113","geometry":{"type":"Point","coordinates":[120.82061137,24.6612193]},"properties":{"name":"海寶(3)","code":"3132012GW05060131","是否現":"現存","地下水":3,"countyCode":"10005"}},{"type":"Feature","id":"gwobwell_e.114","geometry":{"type":"Point","coordinates":[120.82076172,24.66123343]},"properties":{"name":"海寶(4)","code":"3132012GW05060141","是否現":"現存","地下水":4,"countyCode":"10005"}},{"type":"Feature","id":"gwobwell_e.115","geometry":{"type":"Point","coordinates":[120.77852132,24.60250953]},"properties":{"name":"龍坑(1)","code":"3132012GW05060211","是否現":"現存","地下水":1,"countyCode":"10005"}},{"type":"Feature","id":"gwobwell_e.116","geometry":{"type":"Point","coordinates":[120.77857982,24.60246864]},"properties":{"name":"龍坑(2)","code":"3132012GW05060221","是否現":"現存","地下水":2,"countyCode":"10005"}},{"type":"Feature","id":"gwobwell_e.117","geometry":{"type":"Point","coordinates":[120.7785226,24.60251085]},"properties":{"name":"龍坑(3)","code":"3132012GW05060231","是否現":"現存","地下水":3,"countyCode":"10005"}},{"type":"Feature","id":"gwobwell_e.118","geometry":{"type":"Point","coordinates":[120.76170371,24.63309978]},"properties":{"name":"水尾(1)","code":"3132012GW05060311","是否現":"現存","地下水":1,"countyCode":"10005"}},{"type":"Feature","id":"gwobwell_e.119","geometry":{"type":"Point","coordinates":[120.76170371,24.63309978]},"properties":{"name":"水尾(2)","code":"3132012GW05060321","是否現":"現存","地下水":3,"countyCode":"10005"}},{"type":"Feature","id":"gwobwell_e.120","geometry":{"type":"Point","coordinates":[120.83279757,24.53541714]},"properties":{"name":"鶴岡(1)","code":"3132012GW05090111","是否現":"現存","地下水":1,"countyCode":"10005"}},{"type":"Feature","id":"gwobwell_e.121","geometry":{"type":"Point","coordinates":[120.83273549,24.53546214]},"properties":{"name":"鶴岡(2)","code":"3132012GW05090121","是否現":"現存","地下水":2,"countyCode":"10005"}},{"type":"Feature","id":"gwobwell_e.122","geometry":{"type":"Point","coordinates":[120.79080336,24.48939539]},"properties":{"name":"銅鑼(1)","code":"3132012GW05100111","是否現":"現存","地下水":1,"countyCode":"10005"}},{"type":"Feature","id":"gwobwell_e.123","geometry":{"type":"Point","coordinates":[120.79080375,24.48939721]},"properties":{"name":"銅鑼(2)","code":"3132012GW05100121","是否現":"現存","地下水":2,"countyCode":"10005"}},{"type":"Feature","id":"gwobwell_e.124","geometry":{"type":"Point","coordinates":[120.80906794,24.49744968]},"properties":{"name":"中平(1)","code":"3132012GW05100211","是否現":"現存","地下水":1,"countyCode":"10005"}},{"type":"Feature","id":"gwobwell_e.125","geometry":{"type":"Point","coordinates":[120.80906683,24.49745131]},"properties":{"name":"中平(2)","code":"3132012GW05100221","是否現":"現存","地下水":2,"countyCode":"10005"}},{"type":"Feature","id":"gwobwell_e.126","geometry":{"type":"Point","coordinates":[120.85182127,24.57600954]},"properties":{"name":"頭屋(1)","code":"3132012GW05120111","是否現":"現存","地下水":2,"countyCode":"10005"}},{"type":"Feature","id":"gwobwell_e.127","geometry":{"type":"Point","coordinates":[120.99491492,24.82152682]},"properties":{"name":"頭前溪觀測井(1)","code":"3132012GW18010411","是否現":"現存","地下水":1,"countyCode":"10018"}},{"type":"Feature","id":"gwobwell_e.128","geometry":{"type":"Point","coordinates":[120.99491395,24.8215279]},"properties":{"name":"頭前溪觀測井(2)","code":"3132012GW18010421","是否現":"現存","地下水":2,"countyCode":"10018"}},{"type":"Feature","id":"gwobwell_e.129","geometry":{"type":"Point","coordinates":[120.95893047,24.8071264]},"properties":{"name":"民富(1)","code":"3132012GW18020211","是否現":"現存","地下水":1,"countyCode":"10018"}},{"type":"Feature","id":"gwobwell_e.130","geometry":{"type":"Point","coordinates":[120.95892872,24.80712588]},"properties":{"name":"民富(2)","code":"3132012GW18020221","是否現":"現存","地下水":3,"countyCode":"10018"}},{"type":"Feature","id":"gwobwell_e.131","geometry":{"type":"Point","coordinates":[120.93840231,24.83825155]},"properties":{"name":"南寮(1)","code":"3132012GW18020311","是否現":"現存","地下水":1,"countyCode":"10018"}},{"type":"Feature","id":"gwobwell_e.132","geometry":{"type":"Point","coordinates":[120.93840279,24.83824993]},"properties":{"name":"南寮(2)","code":"3132012GW18020321","是否現":"現存","地下水":2,"countyCode":"10018"}},{"type":"Feature","id":"gwobwell_e.133","geometry":{"type":"Point","coordinates":[120.91314286,24.76478046]},"properties":{"name":"香山(1)","code":"3132012GW18030111","是否現":"現存","地下水":1,"countyCode":"10018"}},{"type":"Feature","id":"gwobwell_e.134","geometry":{"type":"Point","coordinates":[120.91314286,24.76478046]},"properties":{"name":"香山(3)","code":"3132012GW18030121","是否現":"現存","地下水":3,"countyCode":"10018"}},{"type":"Feature","id":"gwobwell_e.135","geometry":{"type":"Point","coordinates":[120.64947203,24.40525827]},"properties":{"name":"華龍(1)","code":"3132013GW06030111","是否現":"現存","地下水":1,"countyCode":"66000"}},{"type":"Feature","id":"gwobwell_e.136","geometry":{"type":"Point","coordinates":[120.64947161,24.40525654]},"properties":{"name":"華龍(2)","code":"3132013GW06030121","是否現":"現存","地下水":2,"countyCode":"66000"}},{"type":"Feature","id":"gwobwell_e.137","geometry":{"type":"Point","coordinates":[120.55916035,24.27852819]},"properties":{"name":"大秀(1)","code":"3132013GW06040111","是否現":"現存","地下水":1,"countyCode":"66000"}},{"type":"Feature","id":"gwobwell_e.138","geometry":{"type":"Point","coordinates":[120.55916339,24.27852814]},"properties":{"name":"大秀(2)","code":"3132013GW06040121","是否現":"現存","地下水":2,"countyCode":"66000"}},{"type":"Feature","id":"gwobwell_e.139","geometry":{"type":"Point","coordinates":[120.53125698,24.25211131]},"properties":{"name":"梧棲","code":"3132013GW06060111","是否現":"現存","地下水":2,"countyCode":"66000"}},{"type":"Feature","id":"gwobwell_e.140","geometry":{"type":"Point","coordinates":[120.68998604,24.31445876]},"properties":{"name":"外埔(1)","code":"3132013GW06070111","是否現":"現存","地下水":0,"countyCode":"66000"}},{"type":"Feature","id":"gwobwell_e.141","geometry":{"type":"Point","coordinates":[120.68998337,24.31445978]},"properties":{"name":"外埔(2)","code":"3132013GW06070121","是否現":"現存","地下水":0,"countyCode":"66000"}},{"type":"Feature","id":"gwobwell_e.142","geometry":{"type":"Point","coordinates":[120.70766582,24.29382232]},"properties":{"name":"后里(1)","code":"3132013GW06070211","是否現":"現存","地下水":0,"countyCode":"66000"}},{"type":"Feature","id":"gwobwell_e.143","geometry":{"type":"Point","coordinates":[120.70766574,24.29382006]},"properties":{"name":"后里(2)","code":"3132013GW06070221","是否現":"現存","地下水":0,"countyCode":"66000"}},{"type":"Feature","id":"gwobwell_e.144","geometry":{"type":"Point","coordinates":[120.70461978,24.26354416]},"properties":{"name":"豐洲","code":"3132013GW06080111","是否現":"現存","地下水":1,"countyCode":"66000"}},{"type":"Feature","id":"gwobwell_e.145","geometry":{"type":"Point","coordinates":[120.65775056,24.2612738]},"properties":{"name":"神圳(1)","code":"3132013GW06080211","是否現":"現存","地下水":1,"countyCode":"66000"}},{"type":"Feature","id":"gwobwell_e.146","geometry":{"type":"Point","coordinates":[120.65775056,24.2612738]},"properties":{"name":"神圳(2)","code":"3132013GW06080221","是否現":"現存","地下水":2,"countyCode":"66000"}},{"type":"Feature","id":"gwobwell_e.147","geometry":{"type":"Point","coordinates":[120.70400871,24.21302517]},"properties":{"name":"潭子","code":"3132013GW06090111","是否現":"現存","地下水":1,"countyCode":"66000"}},{"type":"Feature","id":"gwobwell_e.148","geometry":{"type":"Point","coordinates":[120.60080205,24.35727109]},"properties":{"name":"三光(1)","code":"3132013GW06140111","是否現":"現存","地下水":1,"countyCode":"66000"}},{"type":"Feature","id":"gwobwell_e.149","geometry":{"type":"Point","coordinates":[120.60080254,24.35726948]},"properties":{"name":"三光(2)","code":"3132013GW06140121","是否現":"現存","地下水":2,"countyCode":"66000"}},{"type":"Feature","id":"gwobwell_e.150","geometry":{"type":"Point","coordinates":[120.62431624,24.10693056]},"properties":{"name":"烏日(1)","code":"3132013GW06150111","是否現":"現存","地下水":1,"countyCode":"66000"}},{"type":"Feature","id":"gwobwell_e.151","geometry":{"type":"Point","coordinates":[120.6243137,24.1069323]},"properties":{"name":"烏日(2)","code":"3132013GW06150121","是否現":"現存","地下水":2,"countyCode":"66000"}},{"type":"Feature","id":"gwobwell_e.152","geometry":{"type":"Point","coordinates":[120.64020638,24.04094088]},"properties":{"name":"溪岸(1)","code":"3132013GW06150211","是否現":"現存","地下水":1,"countyCode":"66000"}},{"type":"Feature","id":"gwobwell_e.153","geometry":{"type":"Point","coordinates":[120.64020638,24.04094088]},"properties":{"name":"溪岸(2)","code":"3132013GW06150221","是否現":"現存","地下水":2,"countyCode":"66000"}},{"type":"Feature","id":"gwobwell_e.154","geometry":{"type":"Point","coordinates":[120.5418777,24.15921769]},"properties":{"name":"永順(1)","code":"3132013GW06160111","是否現":"現存","地下水":1,"countyCode":"66000"}},{"type":"Feature","id":"gwobwell_e.155","geometry":{"type":"Point","coordinates":[120.54187845,24.15921491]},"properties":{"name":"永順(2)","code":"3132013GW06160121","是否現":"現存","地下水":2,"countyCode":"66000"}},{"type":"Feature","id":"gwobwell_e.156","geometry":{"type":"Point","coordinates":[120.68965074,24.06835847]},"properties":{"name":"霧峰(1)","code":"3132013GW06180111","是否現":"現存","地下水":1,"countyCode":"66000"}},{"type":"Feature","id":"gwobwell_e.157","geometry":{"type":"Point","coordinates":[120.68965398,24.06835783]},"properties":{"name":"霧峰(2)","code":"3132013GW06180121","是否現":"現存","地下水":2,"countyCode":"66000"}},{"type":"Feature","id":"gwobwell_e.158","geometry":{"type":"Point","coordinates":[120.72290139,24.12387928]},"properties":{"name":"建平","code":"3132013GW06190111","是否現":"現存","地下水":1,"countyCode":"66000"}},{"type":"Feature","id":"gwobwell_e.159","geometry":{"type":"Point","coordinates":[120.71331013,24.10174655]},"properties":{"name":"大里(1)","code":"3132013GW06200111","是否現":"現存","地下水":1,"countyCode":"66000"}},{"type":"Feature","id":"gwobwell_e.160","geometry":{"type":"Point","coordinates":[120.71330856,24.101744]},"properties":{"name":"大里(2)","code":"3132013GW06200121","是否現":"現存","地下水":2,"countyCode":"66000"}},{"type":"Feature","id":"gwobwell_e.161","geometry":{"type":"Point","coordinates":[120.96111973,23.96200242]},"properties":{"name":"埔里(1)","code":"3132014GW08020111","是否現":"現存","地下水":0,"countyCode":"10008"}},{"type":"Feature","id":"gwobwell_e.162","geometry":{"type":"Point","coordinates":[120.96111932,23.96200365]},"properties":{"name":"埔里(2)","code":"3132014GW08020121","是否現":"現存","地下水":0,"countyCode":"10008"}},{"type":"Feature","id":"gwobwell_e.163","geometry":{"type":"Point","coordinates":[120.65708385,23.98655343]},"properties":{"name":"草屯","code":"3132014GW08030111","是否現":"現存","地下水":1,"countyCode":"10008"}},{"type":"Feature","id":"gwobwell_e.164","geometry":{"type":"Point","coordinates":[120.69166224,23.87693023]},"properties":{"name":"新街(1)","code":"3132014GW08060311","是否現":"現存","地下水":1,"countyCode":"10008"}},{"type":"Feature","id":"gwobwell_e.165","geometry":{"type":"Point","coordinates":[120.69166174,23.87693347]},"properties":{"name":"新街(2)","code":"3132014GW08060321","是否現":"現存","地下水":2,"countyCode":"10008"}},{"type":"Feature","id":"gwobwell_e.166","geometry":{"type":"Point","coordinates":[120.68406785,24.14564537]},"properties":{"name":"中山(1)","code":"3132013GW19010111","是否現":"現存","地下水":1,"countyCode":"66000"}},{"type":"Feature","id":"gwobwell_e.167","geometry":{"type":"Point","coordinates":[120.68406687,24.14564781]},"properties":{"name":"中山(2)","code":"3132013GW19010121","是否現":"現存","地下水":2,"countyCode":"66000"}},{"type":"Feature","id":"gwobwell_e.168","geometry":{"type":"Point","coordinates":[120.61552422,24.16117032]},"properties":{"name":"啟聰(1)","code":"3132013GW19060111","是否現":"現存","地下水":1,"countyCode":"66000"}},{"type":"Feature","id":"gwobwell_e.169","geometry":{"type":"Point","coordinates":[120.61552104,24.16117016]},"properties":{"name":"啟聰(2)","code":"3132013GW19060121","是否現":"現存","地下水":2,"countyCode":"66000"}},{"type":"Feature","id":"gwobwell_e.170","geometry":{"type":"Point","coordinates":[120.64822058,24.19727038]},"properties":{"name":"泰安","code":"3132013GW19060211","是否現":"現存","地下水":1,"countyCode":"66000"}},{"type":"Feature","id":"gwobwell_e.171","geometry":{"type":"Point","coordinates":[120.64937181,24.19643113]},"properties":{"name":"中央公園(1)","code":"3132013GW19060311","是否現":"現存","地下水":1,"countyCode":"66000"}},{"type":"Feature","id":"gwobwell_e.172","geometry":{"type":"Point","coordinates":[120.6491999,24.19535553]},"properties":{"name":"港隆(1)","code":"3132013GW19060411","是否現":"現存","地下水":1,"countyCode":"66000"}},{"type":"Feature","id":"gwobwell_e.173","geometry":{"type":"Point","coordinates":[120.6763488,24.19510676]},"properties":{"name":"四張犁(1)","code":"3132013GW19080111","是否現":"現存","地下水":1,"countyCode":"66000"}},{"type":"Feature","id":"gwobwell_e.174","geometry":{"type":"Point","coordinates":[120.6763453,24.19510691]},"properties":{"name":"四張犁(2)","code":"3132013GW19080121","是否現":"現存","地下水":1,"countyCode":"66000"}},{"type":"Feature","id":"gwobwell_e.175","geometry":{"type":"Point","coordinates":[120.56913291,24.09265888]},"properties":{"name":"國聖(1)","code":"3132014GW07010111","是否現":"現存","地下水":0,"countyCode":"10007"}},{"type":"Feature","id":"gwobwell_e.176","geometry":{"type":"Point","coordinates":[120.56913291,24.09265888]},"properties":{"name":"國聖(2)","code":"3132014GW07010121","是否現":"現存","地下水":0,"countyCode":"10007"}},{"type":"Feature","id":"gwobwell_e.177","geometry":{"type":"Point","coordinates":[120.56913291,24.09265888]},"properties":{"name":"國聖(3)","code":"3132014GW07010131","是否現":"現存","地下水":0,"countyCode":"10007"}},{"type":"Feature","id":"gwobwell_e.178","geometry":{"type":"Point","coordinates":[120.5159852,24.06276658]},"properties":{"name":"東芳(1)","code":"3132014GW07010211","是否現":"現存","地下水":2,"countyCode":"10007"}},{"type":"Feature","id":"gwobwell_e.179","geometry":{"type":"Point","coordinates":[120.5159852,24.06276658]},"properties":{"name":"東芳(2)","code":"3132014GW07010221","是否現":"現存","地下水":3,"countyCode":"10007"}},{"type":"Feature","id":"gwobwell_e.180","geometry":{"type":"Point","coordinates":[120.43017786,24.05434485]},"properties":{"name":"洛津(1)","code":"3132014GW07020111","是否現":"現存","地下水":1,"countyCode":"10007"}},{"type":"Feature","id":"gwobwell_e.181","geometry":{"type":"Point","coordinates":[120.43017786,24.05434485]},"properties":{"name":"洛津(2)","code":"3132014GW07020121","是否現":"現存","地下水":2,"countyCode":"10007"}},{"type":"Feature","id":"gwobwell_e.182","geometry":{"type":"Point","coordinates":[120.43017786,24.05434485]},"properties":{"name":"洛津(3)","code":"3132014GW07020131","是否現":"現存","地下水":3,"countyCode":"10007"}},{"type":"Feature","id":"gwobwell_e.183","geometry":{"type":"Point","coordinates":[120.4345144,24.07445084]},"properties":{"name":"顏厝","code":"3132014GW070215T1","是否現":"現存","地下水":3,"countyCode":"10007"}},{"type":"Feature","id":"gwobwell_e.184","geometry":{"type":"Point","coordinates":[120.49614824,24.10368291]},"properties":{"name":"和美(1)","code":"3132014GW07030111","是否現":"現存","地下水":1,"countyCode":"10007"}},{"type":"Feature","id":"gwobwell_e.185","geometry":{"type":"Point","coordinates":[120.49611611,24.10355166]},"properties":{"name":"和美(2)","code":"3132014GW07030121","是否現":"現存","地下水":2,"countyCode":"10007"}},{"type":"Feature","id":"gwobwell_e.186","geometry":{"type":"Point","coordinates":[120.49611611,24.10355166]},"properties":{"name":"和美(3)","code":"3132014GW07030131","是否現":"現存","地下水":3,"countyCode":"10007"}},{"type":"Feature","id":"gwobwell_e.187","geometry":{"type":"Point","coordinates":[120.49614824,24.10368291]},"properties":{"name":"和美(4)","code":"3132014GW07030141","是否現":"現存","地下水":4,"countyCode":"10007"}},{"type":"Feature","id":"gwobwell_e.188","geometry":{"type":"Point","coordinates":[120.46763338,24.13213963]},"properties":{"name":"線西(1)","code":"3132014GW07040111","是否現":"現存","地下水":1,"countyCode":"10007"}},{"type":"Feature","id":"gwobwell_e.189","geometry":{"type":"Point","coordinates":[120.46763338,24.13213963]},"properties":{"name":"線西(2)","code":"3132014GW07040121","是否現":"現存","地下水":2,"countyCode":"10007"}},{"type":"Feature","id":"gwobwell_e.190","geometry":{"type":"Point","coordinates":[120.46763338,24.13213963]},"properties":{"name":"線西(3)","code":"3132014GW07040131","是否現":"現存","地下水":2,"countyCode":"10007"}},{"type":"Feature","id":"gwobwell_e.191","geometry":{"type":"Point","coordinates":[120.46763338,24.13213963]},"properties":{"name":"線西(4)","code":"3132014GW07040141","是否現":"現存","地下水":3,"countyCode":"10007"}},{"type":"Feature","id":"gwobwell_e.192","geometry":{"type":"Point","coordinates":[120.51242482,24.17200845]},"properties":{"name":"全興(1)","code":"3132014GW07050111","是否現":"現存","地下水":1,"countyCode":"10007"}},{"type":"Feature","id":"gwobwell_e.193","geometry":{"type":"Point","coordinates":[120.51242482,24.17200845]},"properties":{"name":"全興(2)","code":"3132014GW07050121","是否現":"現存","地下水":2,"countyCode":"10007"}},{"type":"Feature","id":"gwobwell_e.194","geometry":{"type":"Point","coordinates":[120.51242482,24.17200845]},"properties":{"name":"全興(3)","code":"3132014GW07050131","是否現":"現存","地下水":3,"countyCode":"10007"}},{"type":"Feature","id":"gwobwell_e.195","geometry":{"type":"Point","coordinates":[120.51242482,24.17200845]},"properties":{"name":"全興(4)","code":"3132014GW07050141","是否現":"現存","地下水":3,"countyCode":"10007"}},{"type":"Feature","id":"gwobwell_e.196","geometry":{"type":"Point","coordinates":[120.41956969,24.00812065]},"properties":{"name":"文昌(1)","code":"3132014GW07060111","是否現":"現存","地下水":1,"countyCode":"10007"}},{"type":"Feature","id":"gwobwell_e.197","geometry":{"type":"Point","coordinates":[120.41956969,24.00812065]},"properties":{"name":"文昌(2)","code":"3132014GW07060121","是否現":"現存","地下水":2,"countyCode":"10007"}},{"type":"Feature","id":"gwobwell_e.198","geometry":{"type":"Point","coordinates":[120.41956969,24.00812065]},"properties":{"name":"文昌(3)","code":"3132014GW07060131","是否現":"現存","地下水":2,"countyCode":"10007"}},{"type":"Feature","id":"gwobwell_e.199","geometry":{"type":"Point","coordinates":[120.41956969,24.00812065]},"properties":{"name":"文昌(4)","code":"3132014GW07060141","是否現":"現存","地下水":3,"countyCode":"10007"}},{"type":"Feature","id":"gwobwell_e.200","geometry":{"type":"Point","coordinates":[120.5434004,24.0266614]},"properties":{"name":"花壇(1)","code":"3132014GW07080111","是否現":"現存","地下水":1,"countyCode":"10007"}},{"type":"Feature","id":"gwobwell_e.201","geometry":{"type":"Point","coordinates":[120.56632272,24.01720206]},"properties":{"name":"花橋(1)","code":"3132014GW07080112","是否現":"現存","地下水":1,"countyCode":"10007"}},{"type":"Feature","id":"gwobwell_e.202","geometry":{"type":"Point","coordinates":[120.5434004,24.0266614]},"properties":{"name":"花壇(2)","code":"3132014GW07080121","是否現":"現存","地下水":2,"countyCode":"10007"}},{"type":"Feature","id":"gwobwell_e.203","geometry":{"type":"Point","coordinates":[120.56632272,24.01720206]},"properties":{"name":"花橋(2)","code":"3132014GW07080122","是否現":"現存","地下水":2,"countyCode":"10007"}},{"type":"Feature","id":"gwobwell_e.204","geometry":{"type":"Point","coordinates":[120.5434004,24.0266614]},"properties":{"name":"花壇(3)","code":"3132014GW07080131","是否現":"現存","地下水":2,"countyCode":"10007"}},{"type":"Feature","id":"gwobwell_e.205","geometry":{"type":"Point","coordinates":[120.56632272,24.01720206]},"properties":{"name":"花橋(3)","code":"3132014GW07080132","是否現":"現存","地下水":2,"countyCode":"10007"}},{"type":"Feature","id":"gwobwell_e.206","geometry":{"type":"Point","coordinates":[120.5434004,24.0266614]},"properties":{"name":"花壇(4)","code":"3132014GW07080141","是否現":"現存","地下水":4,"countyCode":"10007"}},{"type":"Feature","id":"gwobwell_e.207","geometry":{"type":"Point","coordinates":[120.56376166,23.9534705]},"properties":{"name":"員林(1)","code":"3132014GW07100111","是否現":"現存","地下水":1,"countyCode":"10007"}},{"type":"Feature","id":"gwobwell_e.208","geometry":{"type":"Point","coordinates":[120.56376222,23.95347308]},"properties":{"name":"員林(2)","code":"3132014GW07100121","是否現":"現存","地下水":2,"countyCode":"10007"}},{"type":"Feature","id":"gwobwell_e.209","geometry":{"type":"Point","coordinates":[120.56376421,23.95347126]},"properties":{"name":"員林(3)","code":"3132014GW07100131","是否現":"現存","地下水":2,"countyCode":"10007"}},{"type":"Feature","id":"gwobwell_e.210","geometry":{"type":"Point","coordinates":[120.60074214,23.94474816]},"properties":{"name":"青山(1)","code":"3132014GW07100211","是否現":"現存","地下水":2,"countyCode":"10007"}},{"type":"Feature","id":"gwobwell_e.211","geometry":{"type":"Point","coordinates":[120.60074214,23.94474816]},"properties":{"name":"青山(2)","code":"3132014GW07100221","是否現":"現存","地下水":2,"countyCode":"10007"}},{"type":"Feature","id":"gwobwell_e.212","geometry":{"type":"Point","coordinates":[120.47890634,23.94989611]},"properties":{"name":"溪湖(1)","code":"3132014GW07110111","是否現":"現存","地下水":2,"countyCode":"10007"}},{"type":"Feature","id":"gwobwell_e.213","geometry":{"type":"Point","coordinates":[120.47890634,23.94989611]},"properties":{"name":"溪湖(2)","code":"3132014GW07110121","是否現":"現存","地下水":2,"countyCode":"10007"}},{"type":"Feature","id":"gwobwell_e.214","geometry":{"type":"Point","coordinates":[120.47890634,23.94989611]},"properties":{"name":"溪湖(3)","code":"3132014GW07110131","是否現":"現存","地下水":3,"countyCode":"10007"}},{"type":"Feature","id":"gwobwell_e.215","geometry":{"type":"Point","coordinates":[120.58683959,23.85460203]},"properties":{"name":"田中(1)","code":"3132014GW07120111","是否現":"現存","地下水":1,"countyCode":"10007"}},{"type":"Feature","id":"gwobwell_e.216","geometry":{"type":"Point","coordinates":[120.58683959,23.85460203]},"properties":{"name":"田中(2)","code":"3132014GW07120121","是否現":"現存","地下水":3,"countyCode":"10007"}},{"type":"Feature","id":"gwobwell_e.217","geometry":{"type":"Point","coordinates":[120.45822274,24.00690775]},"properties":{"name":"好修(1)","code":"3132014GW07140111","是否現":"現存","地下水":2,"countyCode":"10007"}},{"type":"Feature","id":"gwobwell_e.218","geometry":{"type":"Point","coordinates":[120.45822274,24.00690775]},"properties":{"name":"好修(2)","code":"3132014GW07140121","是否現":"現存","地下水":2,"countyCode":"10007"}},{"type":"Feature","id":"gwobwell_e.219","geometry":{"type":"Point","coordinates":[120.45822274,24.00690775]},"properties":{"name":"好修(3)","code":"3132014GW07140131","是否現":"現存","地下水":3,"countyCode":"10007"}},{"type":"Feature","id":"gwobwell_e.220","geometry":{"type":"Point","coordinates":[120.45822274,24.00690775]},"properties":{"name":"好修(4)","code":"3132014GW07140141","是否現":"現存","地下水":4,"countyCode":"10007"}},{"type":"Feature","id":"gwobwell_e.221","geometry":{"type":"Point","coordinates":[120.58519015,23.88926906]},"properties":{"name":"崙雅(1)","code":"3132014GW07170111","是否現":"現存","地下水":2,"countyCode":"10007"}},{"type":"Feature","id":"gwobwell_e.222","geometry":{"type":"Point","coordinates":[120.58519015,23.88926906]},"properties":{"name":"崙雅(2)","code":"3132014GW07170121","是否現":"現存","地下水":2,"countyCode":"10007"}},{"type":"Feature","id":"gwobwell_e.223","geometry":{"type":"Point","coordinates":[120.58558303,23.90249839]},"properties":{"name":"社頭(1)","code":"3132014GW07170211","是否現":"現存","地下水":1,"countyCode":"10007"}},{"type":"Feature","id":"gwobwell_e.224","geometry":{"type":"Point","coordinates":[120.58558303,23.90249839]},"properties":{"name":"社頭(2)","code":"3132014GW07170221","是否現":"現存","地下水":3,"countyCode":"10007"}},{"type":"Feature","id":"gwobwell_e.225","geometry":{"type":"Point","coordinates":[120.39536597,23.93751777]},"properties":{"name":"趙甲(1)","code":"3132014GW07200111","是否現":"現存","地下水":2,"countyCode":"10007"}},{"type":"Feature","id":"gwobwell_e.226","geometry":{"type":"Point","coordinates":[120.39536597,23.93751777]},"properties":{"name":"趙甲(2)","code":"3132014GW07200121","是否現":"現存","地下水":2,"countyCode":"10007"}},{"type":"Feature","id":"gwobwell_e.227","geometry":{"type":"Point","coordinates":[120.39536597,23.93751777]},"properties":{"name":"趙甲(3)","code":"3132014GW07200131","是否現":"現存","地下水":3,"countyCode":"10007"}},{"type":"Feature","id":"gwobwell_e.228","geometry":{"type":"Point","coordinates":[120.37701576,23.87391434]},"properties":{"name":"香田(1)","code":"3132014GW07200211","是否現":"現存","地下水":1,"countyCode":"10007"}},{"type":"Feature","id":"gwobwell_e.229","geometry":{"type":"Point","coordinates":[120.37701576,23.87391434]},"properties":{"name":"香田(2)","code":"3132014GW07200221","是否現":"現存","地下水":3,"countyCode":"10007"}},{"type":"Feature","id":"gwobwell_e.230","geometry":{"type":"Point","coordinates":[120.37153515,23.90136755]},"properties":{"name":"二林(1)","code":"3132014GW07200311","是否現":"現存","地下水":1,"countyCode":"10007"}},{"type":"Feature","id":"gwobwell_e.231","geometry":{"type":"Point","coordinates":[120.37151558,23.90143885]},"properties":{"name":"二林(2)","code":"3132014GW07200321","是否現":"現存","地下水":2,"countyCode":"10007"}},{"type":"Feature","id":"gwobwell_e.232","geometry":{"type":"Point","coordinates":[120.37151558,23.90143885]},"properties":{"name":"二林(3)","code":"3132014GW07200331","是否現":"現存","地下水":2,"countyCode":"10007"}},{"type":"Feature","id":"gwobwell_e.233","geometry":{"type":"Point","coordinates":[120.37153515,23.90136755]},"properties":{"name":"二林(4)","code":"3132014GW07200341","是否現":"現存","地下水":3,"countyCode":"10007"}},{"type":"Feature","id":"gwobwell_e.234","geometry":{"type":"Point","coordinates":[120.52737841,23.89137971]},"properties":{"name":"田尾(1)","code":"3132014GW07210111","是否現":"現存","地下水":1,"countyCode":"10007"}},{"type":"Feature","id":"gwobwell_e.235","geometry":{"type":"Point","coordinates":[120.52737841,23.89137971]},"properties":{"name":"田尾(2)","code":"3132014GW07210121","是否現":"現存","地下水":3,"countyCode":"10007"}},{"type":"Feature","id":"gwobwell_e.236","geometry":{"type":"Point","coordinates":[120.45818332,23.89404099]},"properties":{"name":"合興(1)","code":"3132014GW07220211","是否現":"現存","地下水":1,"countyCode":"10007"}},{"type":"Feature","id":"gwobwell_e.237","geometry":{"type":"Point","coordinates":[120.45818332,23.89404099]},"properties":{"name":"合興(2)","code":"3132014GW07220221","是否現":"現存","地下水":3,"countyCode":"10007"}},{"type":"Feature","id":"gwobwell_e.238","geometry":{"type":"Point","coordinates":[120.45818332,23.89404099]},"properties":{"name":"合興(3)","code":"3132014GW07220231","是否現":"現存","地下水":3,"countyCode":"10007"}},{"type":"Feature","id":"gwobwell_e.239","geometry":{"type":"Point","coordinates":[120.38508383,24.00624681]},"properties":{"name":"漢寶(1)","code":"3132014GW07230211","是否現":"現存","地下水":2,"countyCode":"10007"}},{"type":"Feature","id":"gwobwell_e.240","geometry":{"type":"Point","coordinates":[120.38508383,24.00624681]},"properties":{"name":"漢寶(2)","code":"3132014GW07230221","是否現":"現存","地下水":2,"countyCode":"10007"}},{"type":"Feature","id":"gwobwell_e.241","geometry":{"type":"Point","coordinates":[120.38508383,24.00624681]},"properties":{"name":"漢寶(3)","code":"3132014GW07230231","是否現":"現存","地下水":3,"countyCode":"10007"}},{"type":"Feature","id":"gwobwell_e.242","geometry":{"type":"Point","coordinates":[120.38508383,24.00624681]},"properties":{"name":"漢寶(4)","code":"3132014GW07230241","是否現":"現存","地下水":3,"countyCode":"10007"}},{"type":"Feature","id":"gwobwell_e.243","geometry":{"type":"Point","coordinates":[120.3204443,23.9237782]},"properties":{"name":"芳苑(1)","code":"3132014GW07230311","是否現":"現存","地下水":2,"countyCode":"10007"}},{"type":"Feature","id":"gwobwell_e.244","geometry":{"type":"Point","coordinates":[120.3204443,23.9237782]},"properties":{"name":"芳苑(2)","code":"3132014GW07230321","是否現":"現存","地下水":2,"countyCode":"10007"}},{"type":"Feature","id":"gwobwell_e.245","geometry":{"type":"Point","coordinates":[120.3204443,23.9237782]},"properties":{"name":"芳苑(3)","code":"3132014GW07230331","是否現":"現存","地下水":3,"countyCode":"10007"}},{"type":"Feature","id":"gwobwell_e.246","geometry":{"type":"Point","coordinates":[120.34755476,23.83560729]},"properties":{"name":"潭墘(1)","code":"3132014GW07240111","是否現":"現存","地下水":2,"countyCode":"10007"}},{"type":"Feature","id":"gwobwell_e.247","geometry":{"type":"Point","coordinates":[120.34755476,23.83560729]},"properties":{"name":"潭墘(2)","code":"3132014GW07240121","是否現":"現存","地下水":2,"countyCode":"10007"}},{"type":"Feature","id":"gwobwell_e.248","geometry":{"type":"Point","coordinates":[120.28933758,23.86050096]},"properties":{"name":"西港(1)","code":"3132014GW07240212","是否現":"現存","地下水":2,"countyCode":"10007"}},{"type":"Feature","id":"gwobwell_e.249","geometry":{"type":"Point","coordinates":[120.28935139,23.8603458]},"properties":{"name":"西港(2)","code":"3132014GW07240222","是否現":"現存","地下水":2,"countyCode":"10007"}},{"type":"Feature","id":"gwobwell_e.250","geometry":{"type":"Point","coordinates":[120.28935438,23.86034454]},"properties":{"name":"西港(3)","code":"3132014GW07240231","是否現":"現存","地下水":3,"countyCode":"10007"}},{"type":"Feature","id":"gwobwell_e.251","geometry":{"type":"Point","coordinates":[120.28933697,23.86049878]},"properties":{"name":"西港(4)","code":"3132014GW07240241","是否現":"現存","地下水":3,"countyCode":"10007"}},{"type":"Feature","id":"gwobwell_e.252","geometry":{"type":"Point","coordinates":[120.42831659,23.86013804]},"properties":{"name":"竹塘(1)","code":"3132014GW07250111","是否現":"現存","地下水":1,"countyCode":"10007"}},{"type":"Feature","id":"gwobwell_e.253","geometry":{"type":"Point","coordinates":[120.42831659,23.86013804]},"properties":{"name":"竹塘(2)","code":"3132014GW07250121","是否現":"現存","地下水":2,"countyCode":"10007"}},{"type":"Feature","id":"gwobwell_e.254","geometry":{"type":"Point","coordinates":[120.54246195,23.82107634]},"properties":{"name":"柑園新(1)","code":"3132014GW07260112","是否現":"現存","地下水":1,"countyCode":"10007"}},{"type":"Feature","id":"gwobwell_e.255","geometry":{"type":"Point","coordinates":[120.54246195,23.82107634]},"properties":{"name":"柑園新(2)","code":"3132014GW07260122","是否現":"現存","地下水":1,"countyCode":"10007"}},{"type":"Feature","id":"gwobwell_e.256","geometry":{"type":"Point","coordinates":[120.50125804,23.85506203]},"properties":{"name":"溪州(1)","code":"3132014GW07260211","是否現":"現存","地下水":1,"countyCode":"10007"}},{"type":"Feature","id":"gwobwell_e.257","geometry":{"type":"Point","coordinates":[120.50125804,23.85506203]},"properties":{"name":"溪州(2)","code":"3132014GW07260221","是否現":"現存","地下水":2,"countyCode":"10007"}},{"type":"Feature","id":"gwobwell_e.258","geometry":{"type":"Point","coordinates":[120.50125804,23.85506203]},"properties":{"name":"溪州(3)","code":"3132014GW07260231","是否現":"現存","地下水":2,"countyCode":"10007"}},{"type":"Feature","id":"gwobwell_e.259","geometry":{"type":"Point","coordinates":[120.50125804,23.85506203]},"properties":{"name":"溪州(4)","code":"3132014GW07260241","是否現":"現存","地下水":3,"countyCode":"10007"}},{"type":"Feature","id":"gwobwell_e.260","geometry":{"type":"Point","coordinates":[120.47950508,23.84331284]},"properties":{"name":"僑義","code":"3132014GW07260311","是否現":"現存","地下水":2,"countyCode":"10007"}},{"type":"Feature","id":"gwobwell_e.261","geometry":{"type":"Point","coordinates":[120.54259211,23.82326693]},"properties":{"name":"下柑(1)","code":"3132014GW07260411","是否現":"現存","地下水":1,"countyCode":"10007"}},{"type":"Feature","id":"gwobwell_e.262","geometry":{"type":"Point","coordinates":[120.54259211,23.82326693]},"properties":{"name":"下柑(2)","code":"3132014GW07260421","是否現":"現存","地下水":1,"countyCode":"10007"}},{"type":"Feature","id":"gwobwell_e.263","geometry":{"type":"Point","coordinates":[120.5721308,23.81033504]},"properties":{"name":"過溪","code":"3132014GW07260511","是否現":"現存","地下水":1,"countyCode":"10007"}},{"type":"Feature","id":"gwobwell_e.264","geometry":{"type":"Point","coordinates":[120.60506298,23.81508216]},"properties":{"name":"榮光","code":"3132014GW07260611","是否現":"現存","地下水":1,"countyCode":"10007"}},{"type":"Feature","id":"gwobwell_e.265","geometry":{"type":"Point","coordinates":[120.68714022,23.76302467]},"properties":{"name":"竹山(1)","code":"3132014GW08040111","是否現":"現存","地下水":0,"countyCode":"10008"}},{"type":"Feature","id":"gwobwell_e.266","geometry":{"type":"Point","coordinates":[120.68714022,23.76302467]},"properties":{"name":"竹山(2)","code":"3132014GW08040121","是否現":"現存","地下水":0,"countyCode":"10008"}},{"type":"Feature","id":"gwobwell_e.267","geometry":{"type":"Point","coordinates":[120.65483897,23.71619086]},"properties":{"name":"鯉魚(1)","code":"3132014GW08040211","是否現":"現存","地下水":0,"countyCode":"10008"}},{"type":"Feature","id":"gwobwell_e.268","geometry":{"type":"Point","coordinates":[120.65483897,23.71619086]},"properties":{"name":"鯉魚(2)","code":"3132014GW08040221","是否現":"現存","地下水":0,"countyCode":"10008"}},{"type":"Feature","id":"gwobwell_e.269","geometry":{"type":"Point","coordinates":[120.72155562,23.80953039]},"properties":{"name":"社寮(1)","code":"3132014GW08040311","是否現":"現存","地下水":0,"countyCode":"10008"}},{"type":"Feature","id":"gwobwell_e.270","geometry":{"type":"Point","coordinates":[120.67026003,23.85075794]},"properties":{"name":"新光(1)","code":"3132014GW08060111","是否現":"現存","地下水":0,"countyCode":"10008"}},{"type":"Feature","id":"gwobwell_e.271","geometry":{"type":"Point","coordinates":[120.67026003,23.85075794]},"properties":{"name":"新光(2)","code":"3132014GW08060121","是否現":"現存","地下水":0,"countyCode":"10008"}},{"type":"Feature","id":"gwobwell_e.272","geometry":{"type":"Point","coordinates":[120.69897786,23.81162802]},"properties":{"name":"新民(1)","code":"3132014GW08060211","是否現":"現存","地下水":0,"countyCode":"10008"}},{"type":"Feature","id":"gwobwell_e.273","geometry":{"type":"Point","coordinates":[120.69897786,23.81162802]},"properties":{"name":"新民(2)","code":"3132014GW08060221","是否現":"現存","地下水":0,"countyCode":"10008"}},{"type":"Feature","id":"gwobwell_e.274","geometry":{"type":"Point","coordinates":[120.64297232,23.77011654]},"properties":{"name":"觸口(1)","code":"3132015GW09100211","是否現":"現存","地下水":1,"countyCode":"10009"}},{"type":"Feature","id":"gwobwell_e.275","geometry":{"type":"Point","coordinates":[120.64297232,23.77011654]},"properties":{"name":"觸口(2)","code":"3132015GW09100221","是否現":"現存","地下水":2,"countyCode":"10009"}},{"type":"Feature","id":"gwobwell_e.276","geometry":{"type":"Point","coordinates":[120.64068628,23.75582626]},"properties":{"name":"坪頂(1)","code":"3132015GW09100311","是否現":"現存","地下水":0,"countyCode":"10009"}},{"type":"Feature","id":"gwobwell_e.277","geometry":{"type":"Point","coordinates":[120.51118033,23.72213343]},"properties":{"name":"虎溪(1)","code":"3132015GW09010111","是否現":"現存","地下水":1,"countyCode":"10009"}},{"type":"Feature","id":"gwobwell_e.278","geometry":{"type":"Point","coordinates":[120.51118033,23.72213343]},"properties":{"name":"虎溪(2)","code":"3132015GW09010121","是否現":"現存","地下水":2,"countyCode":"10009"}},{"type":"Feature","id":"gwobwell_e.279","geometry":{"type":"Point","coordinates":[120.51118033,23.72213343]},"properties":{"name":"虎溪(3)","code":"3132015GW09010132","是否現":"現存","地下水":3,"countyCode":"10009"}},{"type":"Feature","id":"gwobwell_e.280","geometry":{"type":"Point","coordinates":[120.51118033,23.72213343]},"properties":{"name":"虎溪(4)","code":"3132015GW09010142","是否現":"現存","地下水":4,"countyCode":"10009"}},{"type":"Feature","id":"gwobwell_e.281","geometry":{"type":"Point","coordinates":[120.58585033,23.72070799]},"properties":{"name":"石榴(1)","code":"3132015GW09010211","是否現":"現存","地下水":1,"countyCode":"10009"}},{"type":"Feature","id":"gwobwell_e.282","geometry":{"type":"Point","coordinates":[120.58585033,23.72070799]},"properties":{"name":"石榴(2)","code":"3132015GW09010221","是否現":"現存","地下水":1,"countyCode":"10009"}},{"type":"Feature","id":"gwobwell_e.283","geometry":{"type":"Point","coordinates":[120.58585033,23.72070799]},"properties":{"name":"石榴(3)","code":"3132015GW09010231","是否現":"現存","地下水":2,"countyCode":"10009"}},{"type":"Feature","id":"gwobwell_e.284","geometry":{"type":"Point","coordinates":[120.51209645,23.65771857]},"properties":{"name":"溫厝(1)","code":"3132015GW09020111","是否現":"現存","地下水":1,"countyCode":"10009"}},{"type":"Feature","id":"gwobwell_e.285","geometry":{"type":"Point","coordinates":[120.51209645,23.65771857]},"properties":{"name":"溫厝(2)","code":"3132015GW09020121","是否現":"現存","地下水":2,"countyCode":"10009"}},{"type":"Feature","id":"gwobwell_e.286","geometry":{"type":"Point","coordinates":[120.43230324,23.71416183]},"properties":{"name":"虎尾(1)","code":"3132015GW09030111","是否現":"現存","地下水":2,"countyCode":"10009"}},{"type":"Feature","id":"gwobwell_e.287","geometry":{"type":"Point","coordinates":[120.43230324,23.71416183]},"properties":{"name":"虎尾(2)","code":"3132015GW09030121","是否現":"現存","地下水":2,"countyCode":"10009"}},{"type":"Feature","id":"gwobwell_e.288","geometry":{"type":"Point","coordinates":[120.37456098,23.7181379]},"properties":{"name":"芳草(1)","code":"3132015GW09030211","是否現":"現存","地下水":1,"countyCode":"10009"}},{"type":"Feature","id":"gwobwell_e.289","geometry":{"type":"Point","coordinates":[120.37407915,23.71840683]},"properties":{"name":"芳草(2)","code":"3132015GW09030221","是否現":"現存","地下水":2,"countyCode":"10009"}},{"type":"Feature","id":"gwobwell_e.290","geometry":{"type":"Point","coordinates":[120.40239406,23.74143327]},"properties":{"name":"光復(1)","code":"3132015GW09030311","是否現":"現存","地下水":1,"countyCode":"10009"}},{"type":"Feature","id":"gwobwell_e.291","geometry":{"type":"Point","coordinates":[120.40239406,23.74143327]},"properties":{"name":"光復(2)","code":"3132015GW09030321","是否現":"現存","地下水":4,"countyCode":"10009"}},{"type":"Feature","id":"gwobwell_e.292","geometry":{"type":"Point","coordinates":[120.4072534,23.7093338]},"properties":{"name":"拯民","code":"3132015GW09030411","是否現":"現存","地下水":3,"countyCode":"10009"}},{"type":"Feature","id":"gwobwell_e.293","geometry":{"type":"Point","coordinates":[120.4669529,23.79628285]},"properties":{"name":"西螺(1)","code":"3132015GW09040111","是否現":"現存","地下水":1,"countyCode":"10009"}},{"type":"Feature","id":"gwobwell_e.294","geometry":{"type":"Point","coordinates":[120.4669555,23.79628421]},"properties":{"name":"西螺(2)","code":"3132015GW09040121","是否現":"現存","地下水":2,"countyCode":"10009"}},{"type":"Feature","id":"gwobwell_e.295","geometry":{"type":"Point","coordinates":[120.4309795,23.75117692]},"properties":{"name":"九隆(1)","code":"3132015GW09040211","是否現":"現存","地下水":1,"countyCode":"10009"}},{"type":"Feature","id":"gwobwell_e.296","geometry":{"type":"Point","coordinates":[120.43097943,23.75117457]},"properties":{"name":"九隆(2)","code":"3132015GW09040221","是否現":"現存","地下水":2,"countyCode":"10009"}},{"type":"Feature","id":"gwobwell_e.297","geometry":{"type":"Point","coordinates":[120.43100642,23.75098089]},"properties":{"name":"九隆(3)","code":"3132015GW09040231","是否現":"現存","地下水":3,"countyCode":"10009"}},{"type":"Feature","id":"gwobwell_e.298","geometry":{"type":"Point","coordinates":[120.34805204,23.68661484]},"properties":{"name":"宏崙(1)","code":"3132015GW09050111","是否現":"現存","地下水":1,"countyCode":"10009"}},{"type":"Feature","id":"gwobwell_e.299","geometry":{"type":"Point","coordinates":[120.34805204,23.68661484]},"properties":{"name":"宏崙(2)","code":"3132015GW09050121","是否現":"現存","地下水":3,"countyCode":"10009"}},{"type":"Feature","id":"gwobwell_e.300","geometry":{"type":"Point","coordinates":[120.34960085,23.65883471]},"properties":{"name":"秀潭","code":"3132015GW09050211","是否現":"現存","地下水":2,"countyCode":"10009"}},{"type":"Feature","id":"gwobwell_e.301","geometry":{"type":"Point","coordinates":[120.38989519,23.68794574]},"properties":{"name":"土庫(2)","code":"3132015GW09050321","是否現":"現存","地下水":2,"countyCode":"10009"}},{"type":"Feature","id":"gwobwell_e.302","geometry":{"type":"Point","coordinates":[120.38989519,23.68794574]},"properties":{"name":"土庫(3)","code":"3132015GW09050331","是否現":"現存","地下水":2,"countyCode":"10009"}},{"type":"Feature","id":"gwobwell_e.303","geometry":{"type":"Point","coordinates":[120.38989519,23.68794574]},"properties":{"name":"土庫(4)","code":"3132015GW09050341","是否現":"現存","地下水":3,"countyCode":"10009"}},{"type":"Feature","id":"gwobwell_e.304","geometry":{"type":"Point","coordinates":[120.30194312,23.57889038]},"properties":{"name":"北港(1)","code":"3132015GW09060111","是否現":"現存","地下水":2,"countyCode":"10009"}},{"type":"Feature","id":"gwobwell_e.305","geometry":{"type":"Point","coordinates":[120.30194312,23.57889038]},"properties":{"name":"北港(2)","code":"3132015GW09060121","是否現":"現存","地下水":2,"countyCode":"10009"}},{"type":"Feature","id":"gwobwell_e.306","geometry":{"type":"Point","coordinates":[120.31816,23.587292]},"properties":{"name":"辰光","code":"3132015GW09060211","是否現":"現存","地下水":4,"countyCode":"10009"}},{"type":"Feature","id":"gwobwell_e.307","geometry":{"type":"Point","coordinates":[120.56936057,23.68584436]},"properties":{"name":"東和(1)","code":"3132015GW09070111","是否現":"現存","地下水":1,"countyCode":"10009"}},{"type":"Feature","id":"gwobwell_e.308","geometry":{"type":"Point","coordinates":[120.56936057,23.68584436]},"properties":{"name":"東和(2)","code":"3132015GW09070121","是否現":"現存","地下水":2,"countyCode":"10009"}},{"type":"Feature","id":"gwobwell_e.309","geometry":{"type":"Point","coordinates":[120.56936057,23.68584436]},"properties":{"name":"東和(3)","code":"3132015GW09070131","是否現":"現存","地下水":2,"countyCode":"10009"}},{"type":"Feature","id":"gwobwell_e.310","geometry":{"type":"Point","coordinates":[120.53794874,23.61237805]},"properties":{"name":"崁腳(1)","code":"3132015GW09070211","是否現":"現存","地下水":1,"countyCode":"10009"}},{"type":"Feature","id":"gwobwell_e.311","geometry":{"type":"Point","coordinates":[120.53794874,23.61237805]},"properties":{"name":"崁腳(2)","code":"3132015GW09070221","是否現":"現存","地下水":2,"countyCode":"10009"}},{"type":"Feature","id":"gwobwell_e.312","geometry":{"type":"Point","coordinates":[120.5668395,23.64455328]},"properties":{"name":"古坑(1)","code":"3132015GW09070311","是否現":"現存","地下水":1,"countyCode":"10009"}},{"type":"Feature","id":"gwobwell_e.313","geometry":{"type":"Point","coordinates":[120.45953403,23.64818043]},"properties":{"name":"嘉興(1)","code":"3132015GW09080111","是否現":"現存","地下水":2,"countyCode":"10009"}},{"type":"Feature","id":"gwobwell_e.314","geometry":{"type":"Point","coordinates":[120.45953403,23.64818043]},"properties":{"name":"嘉興(2)","code":"3132015GW09080121","是否現":"現存","地下水":2,"countyCode":"10009"}},{"type":"Feature","id":"gwobwell_e.315","geometry":{"type":"Point","coordinates":[120.45953403,23.64818043]},"properties":{"name":"嘉興(3)","code":"3132015GW09080131","是否現":"現存","地下水":3,"countyCode":"10009"}},{"type":"Feature","id":"gwobwell_e.316","geometry":{"type":"Point","coordinates":[120.40064758,23.6344105]},"properties":{"name":"舊庄(1)","code":"3132015GW09080211","是否現":"現存","地下水":1,"countyCode":"10009"}},{"type":"Feature","id":"gwobwell_e.317","geometry":{"type":"Point","coordinates":[120.40064758,23.6344105]},"properties":{"name":"舊庄(2)","code":"3132015GW09080221","是否現":"現存","地下水":2,"countyCode":"10009"}},{"type":"Feature","id":"gwobwell_e.318","geometry":{"type":"Point","coordinates":[120.40064758,23.6344105]},"properties":{"name":"舊庄(3)","code":"3132015GW09080231","是否現":"現存","地下水":2,"countyCode":"10009"}},{"type":"Feature","id":"gwobwell_e.319","geometry":{"type":"Point","coordinates":[120.40064758,23.6344105]},"properties":{"name":"舊庄(4)","code":"3132015GW09080241","是否現":"現存","地下水":3,"countyCode":"10009"}},{"type":"Feature","id":"gwobwell_e.320","geometry":{"type":"Point","coordinates":[120.40064758,23.6344105]},"properties":{"name":"舊庄(5)","code":"3132015GW09080251","是否現":"現存","地下水":4,"countyCode":"10009"}},{"type":"Feature","id":"gwobwell_e.321","geometry":{"type":"Point","coordinates":[120.42316088,23.66287155]},"properties":{"name":"大埤(1)","code":"3132015GW09080311","是否現":"現存","地下水":0,"countyCode":"10009"}},{"type":"Feature","id":"gwobwell_e.322","geometry":{"type":"Point","coordinates":[120.4231047,23.66286976]},"properties":{"name":"大埤(2)","code":"3132015GW09080321","是否現":"現存","地下水":0,"countyCode":"10009"}},{"type":"Feature","id":"gwobwell_e.323","geometry":{"type":"Point","coordinates":[120.42316088,23.66287155]},"properties":{"name":"大埤(3)","code":"3132015GW09080331","是否現":"現存","地下水":0,"countyCode":"10009"}},{"type":"Feature","id":"gwobwell_e.324","geometry":{"type":"Point","coordinates":[120.4231047,23.66286976]},"properties":{"name":"大埤(4)","code":"3132015GW09080341","是否現":"現存","地下水":0,"countyCode":"10009"}},{"type":"Feature","id":"gwobwell_e.325","geometry":{"type":"Point","coordinates":[120.42316088,23.66287155]},"properties":{"name":"大埤(5)","code":"3132015GW09080351","是否現":"現存","地下水":0,"countyCode":"10009"}},{"type":"Feature","id":"gwobwell_e.326","geometry":{"type":"Point","coordinates":[120.56266066,23.76888724]},"properties":{"name":"六合(1)","code":"3132015GW09090111","是否現":"現存","地下水":1,"countyCode":"10009"}},{"type":"Feature","id":"gwobwell_e.327","geometry":{"type":"Point","coordinates":[120.56266066,23.76888724]},"properties":{"name":"六合(2)","code":"3132015GW09090121","是否現":"現存","地下水":2,"countyCode":"10009"}},{"type":"Feature","id":"gwobwell_e.328","geometry":{"type":"Point","coordinates":[120.49687542,23.75675225]},"properties":{"name":"莿桐(1)","code":"3132015GW09090211","是否現":"現存","地下水":1,"countyCode":"10009"}},{"type":"Feature","id":"gwobwell_e.329","geometry":{"type":"Point","coordinates":[120.49687542,23.75675225]},"properties":{"name":"莿桐(2)","code":"3132015GW09090221","是否現":"現存","地下水":2,"countyCode":"10009"}},{"type":"Feature","id":"gwobwell_e.330","geometry":{"type":"Point","coordinates":[120.56020814,23.78341897]},"properties":{"name":"湖子內","code":"3132015GW09090411","是否現":"現存","地下水":1,"countyCode":"10009"}},{"type":"Feature","id":"gwobwell_e.331","geometry":{"type":"Point","coordinates":[120.58909831,23.78075756]},"properties":{"name":"重興","code":"3132015GW09090511","是否現":"現存","地下水":1,"countyCode":"10009"}},{"type":"Feature","id":"gwobwell_e.332","geometry":{"type":"Point","coordinates":[120.59802977,23.7672448]},"properties":{"name":"烏塗(2)","code":"3132015GW09100121","是否現":"現存","地下水":1,"countyCode":"10009"}},{"type":"Feature","id":"gwobwell_e.333","geometry":{"type":"Point","coordinates":[120.39205615,23.79645713]},"properties":{"name":"港後(1)","code":"3132015GW09110111","是否現":"現存","地下水":2,"countyCode":"10009"}},{"type":"Feature","id":"gwobwell_e.334","geometry":{"type":"Point","coordinates":[120.39205615,23.79645713]},"properties":{"name":"港後(2)","code":"3132015GW09110121","是否現":"現存","地下水":2,"countyCode":"10009"}},{"type":"Feature","id":"gwobwell_e.335","geometry":{"type":"Point","coordinates":[120.39205615,23.79645713]},"properties":{"name":"港後(3)","code":"3132015GW09110131","是否現":"現存","地下水":3,"countyCode":"10009"}},{"type":"Feature","id":"gwobwell_e.336","geometry":{"type":"Point","coordinates":[120.39205615,23.79645713]},"properties":{"name":"港後(4)","code":"3132015GW09110141","是否現":"現存","地下水":3,"countyCode":"10009"}},{"type":"Feature","id":"gwobwell_e.337","geometry":{"type":"Point","coordinates":[120.41957714,23.79766244]},"properties":{"name":"永定","code":"3132015GW09110211","是否現":"現存","地下水":2,"countyCode":"10009"}},{"type":"Feature","id":"gwobwell_e.338","geometry":{"type":"Point","coordinates":[120.41419726,23.77172978]},"properties":{"name":"二崙","code":"3132015GW09110311","是否現":"現存","地下水":2,"countyCode":"10009"}},{"type":"Feature","id":"gwobwell_e.339","geometry":{"type":"Point","coordinates":[120.3109723,23.79071683]},"properties":{"name":"豐榮(1)","code":"3132015GW09120111","是否現":"現存","地下水":1,"countyCode":"10009"}},{"type":"Feature","id":"gwobwell_e.340","geometry":{"type":"Point","coordinates":[120.3109723,23.79071683]},"properties":{"name":"豐榮(2)","code":"3132015GW09120121","是否現":"現存","地下水":2,"countyCode":"10009"}},{"type":"Feature","id":"gwobwell_e.341","geometry":{"type":"Point","coordinates":[120.3109723,23.79071683]},"properties":{"name":"豐榮(3)","code":"3132015GW09120131","是否現":"現存","地下水":2,"countyCode":"10009"}},{"type":"Feature","id":"gwobwell_e.342","geometry":{"type":"Point","coordinates":[120.23486595,23.78922061]},"properties":{"name":"後安(1)","code":"3132015GW09130111","是否現":"現存","地下水":2,"countyCode":"10009"}},{"type":"Feature","id":"gwobwell_e.343","geometry":{"type":"Point","coordinates":[120.23486595,23.78922061]},"properties":{"name":"後安(2)","code":"3132015GW09130121","是否現":"現存","地下水":2,"countyCode":"10009"}},{"type":"Feature","id":"gwobwell_e.344","geometry":{"type":"Point","coordinates":[120.28902021,23.76025518]},"properties":{"name":"興化(1)","code":"3132015GW09130211","是否現":"現存","地下水":2,"countyCode":"10009"}},{"type":"Feature","id":"gwobwell_e.345","geometry":{"type":"Point","coordinates":[120.28902244,23.76017651]},"properties":{"name":"興化(2)","code":"3132015GW09130221","是否現":"現存","地下水":2,"countyCode":"10009"}},{"type":"Feature","id":"gwobwell_e.346","geometry":{"type":"Point","coordinates":[120.28902083,23.76017489]},"properties":{"name":"興化(3)","code":"3132015GW09130231","是否現":"現存","地下水":3,"countyCode":"10009"}},{"type":"Feature","id":"gwobwell_e.347","geometry":{"type":"Point","coordinates":[120.22594368,23.76485133]},"properties":{"name":"海豐(1)","code":"3132015GW09130311","是否現":"現存","地下水":2,"countyCode":"10009"}},{"type":"Feature","id":"gwobwell_e.348","geometry":{"type":"Point","coordinates":[120.22594368,23.76485133]},"properties":{"name":"海豐(2)","code":"3132015GW09130321","是否現":"現存","地下水":3,"countyCode":"10009"}},{"type":"Feature","id":"gwobwell_e.349","geometry":{"type":"Point","coordinates":[120.24879811,23.70394398]},"properties":{"name":"安南(1)","code":"3132015GW09140111","是否現":"現存","地下水":2,"countyCode":"10009"}},{"type":"Feature","id":"gwobwell_e.350","geometry":{"type":"Point","coordinates":[120.24879811,23.70394398]},"properties":{"name":"安南(2)","code":"3132015GW09140121","是否現":"現存","地下水":3,"countyCode":"10009"}},{"type":"Feature","id":"gwobwell_e.351","geometry":{"type":"Point","coordinates":[120.30899167,23.72539847]},"properties":{"name":"田洋(1)","code":"3132015GW09150111","是否現":"現存","地下水":1,"countyCode":"10009"}},{"type":"Feature","id":"gwobwell_e.352","geometry":{"type":"Point","coordinates":[120.30899167,23.72539847]},"properties":{"name":"田洋(2)","code":"3132015GW09150121","是否現":"現存","地下水":2,"countyCode":"10009"}},{"type":"Feature","id":"gwobwell_e.353","geometry":{"type":"Point","coordinates":[120.30899167,23.72539847]},"properties":{"name":"田洋(3)","code":"3132015GW09150131","是否現":"現存","地下水":4,"countyCode":"10009"}},{"type":"Feature","id":"gwobwell_e.354","geometry":{"type":"Point","coordinates":[120.17907103,23.7208086]},"properties":{"name":"海園(1)","code":"3132015GW09160111","是否現":"現存","地下水":1,"countyCode":"10009"}},{"type":"Feature","id":"gwobwell_e.355","geometry":{"type":"Point","coordinates":[120.17907103,23.7208086]},"properties":{"name":"海園(2)","code":"3132015GW09160121","是否現":"現存","地下水":2,"countyCode":"10009"}},{"type":"Feature","id":"gwobwell_e.356","geometry":{"type":"Point","coordinates":[120.17907103,23.7208086]},"properties":{"name":"海園(3)","code":"3132015GW09160131","是否現":"現存","地下水":3,"countyCode":"10009"}},{"type":"Feature","id":"gwobwell_e.357","geometry":{"type":"Point","coordinates":[120.17907103,23.7208086]},"properties":{"name":"海園(4)","code":"3132015GW09160141","是否現":"現存","地下水":4,"countyCode":"10009"}},{"type":"Feature","id":"gwobwell_e.358","geometry":{"type":"Point","coordinates":[120.22340879,23.73903295]},"properties":{"name":"和豐(1)","code":"3132015GW09160211","是否現":"現存","地下水":2,"countyCode":"10009"}},{"type":"Feature","id":"gwobwell_e.359","geometry":{"type":"Point","coordinates":[120.22340879,23.73903295]},"properties":{"name":"和豐(2)","code":"3132015GW09160221","是否現":"現存","地下水":3,"countyCode":"10009"}},{"type":"Feature","id":"gwobwell_e.360","geometry":{"type":"Point","coordinates":[120.35482215,23.60767062]},"properties":{"name":"崙子(1)","code":"3132015GW09170111","是否現":"現存","地下水":2,"countyCode":"10009"}},{"type":"Feature","id":"gwobwell_e.361","geometry":{"type":"Point","coordinates":[120.35482215,23.60767062]},"properties":{"name":"崙子(2)","code":"3132015GW09170121","是否現":"現存","地下水":2,"countyCode":"10009"}},{"type":"Feature","id":"gwobwell_e.362","geometry":{"type":"Point","coordinates":[120.31006896,23.65291476]},"properties":{"name":"元長(1)","code":"3132015GW09170211","是否現":"現存","地下水":2,"countyCode":"10009"}},{"type":"Feature","id":"gwobwell_e.363","geometry":{"type":"Point","coordinates":[120.31006896,23.65291476]},"properties":{"name":"元長(2)","code":"3132015GW09170221","是否現":"現存","地下水":2,"countyCode":"10009"}},{"type":"Feature","id":"gwobwell_e.364","geometry":{"type":"Point","coordinates":[120.31701821,23.65150082]},"properties":{"name":"元長(3)","code":"3132015GW09170231","是否現":"現存","地下水":3,"countyCode":"10009"}},{"type":"Feature","id":"gwobwell_e.365","geometry":{"type":"Point","coordinates":[120.31495128,23.6221067]},"properties":{"name":"忠孝","code":"3132015GW09170311","是否現":"現存","地下水":4,"countyCode":"10009"}},{"type":"Feature","id":"gwobwell_e.366","geometry":{"type":"Point","coordinates":[120.33424352,23.62663323]},"properties":{"name":"客厝(1)","code":"3132015GW09170411","是否現":"現存","地下水":2,"countyCode":"10009"}},{"type":"Feature","id":"gwobwell_e.367","geometry":{"type":"Point","coordinates":[120.33424352,23.62663323]},"properties":{"name":"客厝(2)","code":"3132015GW09170421","是否現":"現存","地下水":2,"countyCode":"10009"}},{"type":"Feature","id":"gwobwell_e.368","geometry":{"type":"Point","coordinates":[120.33424352,23.62663323]},"properties":{"name":"客厝(3)","code":"3132015GW09170431","是否現":"現存","地下水":4,"countyCode":"10009"}},{"type":"Feature","id":"gwobwell_e.369","geometry":{"type":"Point","coordinates":[120.1514987,23.63350049]},"properties":{"name":"箔子(1)","code":"3132015GW09180111","是否現":"現存","地下水":1,"countyCode":"10009"}},{"type":"Feature","id":"gwobwell_e.370","geometry":{"type":"Point","coordinates":[120.1514987,23.63350049]},"properties":{"name":"箔子(2)","code":"3132015GW09180121","是否現":"現存","地下水":2,"countyCode":"10009"}},{"type":"Feature","id":"gwobwell_e.371","geometry":{"type":"Point","coordinates":[120.1514987,23.63350049]},"properties":{"name":"箔子(3)","code":"3132015GW09180131","是否現":"現存","地下水":3,"countyCode":"10009"}},{"type":"Feature","id":"gwobwell_e.372","geometry":{"type":"Point","coordinates":[120.2192681,23.61224]},"properties":{"name":"蔡厝(1)","code":"3132015GW09180211","是否現":"現存","地下水":2,"countyCode":"10009"}},{"type":"Feature","id":"gwobwell_e.373","geometry":{"type":"Point","coordinates":[120.2192681,23.61224]},"properties":{"name":"蔡厝(2)","code":"3132015GW09180221","是否現":"現存","地下水":2,"countyCode":"10009"}},{"type":"Feature","id":"gwobwell_e.374","geometry":{"type":"Point","coordinates":[120.19927577,23.65291479]},"properties":{"name":"明德(1)","code":"3132015GW09180311","是否現":"現存","地下水":1,"countyCode":"10009"}},{"type":"Feature","id":"gwobwell_e.375","geometry":{"type":"Point","coordinates":[120.19927577,23.65291479]},"properties":{"name":"明德(2)","code":"3132015GW09180321","是否現":"現存","地下水":2,"countyCode":"10009"}},{"type":"Feature","id":"gwobwell_e.376","geometry":{"type":"Point","coordinates":[120.19927577,23.65291479]},"properties":{"name":"明德(3)","code":"3132015GW09180331","是否現":"現存","地下水":2,"countyCode":"10009"}},{"type":"Feature","id":"gwobwell_e.377","geometry":{"type":"Point","coordinates":[120.19927577,23.65291479]},"properties":{"name":"明德(4)","code":"3132015GW09180341","是否現":"現存","地下水":3,"countyCode":"10009"}},{"type":"Feature","id":"gwobwell_e.378","geometry":{"type":"Point","coordinates":[120.27201269,23.65191903]},"properties":{"name":"東光(1)","code":"3132015GW09180411","是否現":"現存","地下水":1,"countyCode":"10009"}},{"type":"Feature","id":"gwobwell_e.379","geometry":{"type":"Point","coordinates":[120.27201269,23.65191903]},"properties":{"name":"東光(2)","code":"3132015GW09180421","是否現":"現存","地下水":2,"countyCode":"10009"}},{"type":"Feature","id":"gwobwell_e.380","geometry":{"type":"Point","coordinates":[120.27201269,23.65191903]},"properties":{"name":"東光(3)","code":"3132015GW09180431","是否現":"現存","地下水":2,"countyCode":"10009"}},{"type":"Feature","id":"gwobwell_e.381","geometry":{"type":"Point","coordinates":[120.27201269,23.65191903]},"properties":{"name":"東光(4)","code":"3132015GW09180441","是否現":"現存","地下水":3,"countyCode":"10009"}},{"type":"Feature","id":"gwobwell_e.382","geometry":{"type":"Point","coordinates":[120.27201269,23.65191903]},"properties":{"name":"東光(5)","code":"3132015GW09180451","是否現":"現存","地下水":4,"countyCode":"10009"}},{"type":"Feature","id":"gwobwell_e.383","geometry":{"type":"Point","coordinates":[120.18830869,23.54125444]},"properties":{"name":"宜梧(1)","code":"3132015GW09190111","是否現":"現存","地下水":2,"countyCode":"10009"}},{"type":"Feature","id":"gwobwell_e.384","geometry":{"type":"Point","coordinates":[120.18830869,23.54125444]},"properties":{"name":"宜梧(2)","code":"3132015GW09190121","是否現":"現存","地下水":2,"countyCode":"10009"}},{"type":"Feature","id":"gwobwell_e.385","geometry":{"type":"Point","coordinates":[120.18830869,23.54125444]},"properties":{"name":"宜梧(3)","code":"3132015GW09190132","是否現":"現存","地下水":3,"countyCode":"10009"}},{"type":"Feature","id":"gwobwell_e.386","geometry":{"type":"Point","coordinates":[120.18830869,23.54125444]},"properties":{"name":"宜梧(4)","code":"3132015GW09190142","是否現":"現存","地下水":4,"countyCode":"10009"}},{"type":"Feature","id":"gwobwell_e.387","geometry":{"type":"Point","coordinates":[120.15325013,23.5733592]},"properties":{"name":"金湖(1)","code":"3132015GW09190211","是否現":"現存","地下水":1,"countyCode":"10009"}},{"type":"Feature","id":"gwobwell_e.388","geometry":{"type":"Point","coordinates":[120.15325013,23.5733592]},"properties":{"name":"金湖(2)","code":"3132015GW09190221","是否現":"現存","地下水":2,"countyCode":"10009"}},{"type":"Feature","id":"gwobwell_e.389","geometry":{"type":"Point","coordinates":[120.2461062,23.57306733]},"properties":{"name":"水林(1)","code":"3132015GW09200111","是否現":"現存","地下水":2,"countyCode":"10009"}},{"type":"Feature","id":"gwobwell_e.390","geometry":{"type":"Point","coordinates":[120.2461062,23.57306733]},"properties":{"name":"水林(2)","code":"3132015GW09200121","是否現":"現存","地下水":3,"countyCode":"10009"}},{"type":"Feature","id":"gwobwell_e.391","geometry":{"type":"Point","coordinates":[120.21067569,23.56616448]},"properties":{"name":"大溝(1)","code":"3132015GW09200211","是否現":"現存","地下水":2,"countyCode":"10009"}},{"type":"Feature","id":"gwobwell_e.392","geometry":{"type":"Point","coordinates":[120.21067569,23.56616448]},"properties":{"name":"大溝(2)","code":"3132015GW09200221","是否現":"現存","地下水":3,"countyCode":"10009"}},{"type":"Feature","id":"gwobwell_e.393","geometry":{"type":"Point","coordinates":[120.20727911,23.51837219]},"properties":{"name":"瓊埔(1)","code":"3132015GW09200311","是否現":"現存","地下水":2,"countyCode":"10009"}},{"type":"Feature","id":"gwobwell_e.394","geometry":{"type":"Point","coordinates":[120.20727911,23.51837219]},"properties":{"name":"瓊埔(2)","code":"3132015GW09200321","是否現":"現存","地下水":2,"countyCode":"10009"}},{"type":"Feature","id":"gwobwell_e.395","geometry":{"type":"Point","coordinates":[120.33326115,23.4842395]},"properties":{"name":"太保(1)","code":"3132015GW10010211","是否現":"現存","地下水":2,"countyCode":"10010"}},{"type":"Feature","id":"gwobwell_e.396","geometry":{"type":"Point","coordinates":[120.33326403,23.4842395]},"properties":{"name":"太保(2)","code":"3132015GW10010221","是否現":"現存","地下水":3,"countyCode":"10010"}},{"type":"Feature","id":"gwobwell_e.397","geometry":{"type":"Point","coordinates":[120.23945218,23.45970226]},"properties":{"name":"竹圍(1)","code":"3132015GW10020111","是否現":"現存","地下水":2,"countyCode":"10010"}},{"type":"Feature","id":"gwobwell_e.398","geometry":{"type":"Point","coordinates":[120.23944727,23.45963385]},"properties":{"name":"竹圍(2)","code":"3132015GW10020121","是否現":"現存","地下水":3,"countyCode":"10010"}},{"type":"Feature","id":"gwobwell_e.399","geometry":{"type":"Point","coordinates":[120.23945237,23.45970379]},"properties":{"name":"竹圍(3)","code":"3132015GW10020131","是否現":"現存","地下水":4,"countyCode":"10010"}},{"type":"Feature","id":"gwobwell_e.400","geometry":{"type":"Point","coordinates":[120.17189634,23.3806365]},"properties":{"name":"布袋(1)","code":"3132015GW10030311","是否現":"現存","地下水":2,"countyCode":"10010"}},{"type":"Feature","id":"gwobwell_e.401","geometry":{"type":"Point","coordinates":[120.17189694,23.38063805]},"properties":{"name":"布袋(2)","code":"3132015GW10030321","是否現":"現存","地下水":3,"countyCode":"10010"}},{"type":"Feature","id":"gwobwell_e.402","geometry":{"type":"Point","coordinates":[120.21370914,23.41918217]},"properties":{"name":"貴林(1)","code":"3132015GW10030411","是否現":"現存","地下水":1,"countyCode":"10010"}},{"type":"Feature","id":"gwobwell_e.403","geometry":{"type":"Point","coordinates":[120.21371139,23.41918391]},"properties":{"name":"貴林(2)","code":"3132015GW10030421","是否現":"現存","地下水":2,"countyCode":"10010"}},{"type":"Feature","id":"gwobwell_e.404","geometry":{"type":"Point","coordinates":[120.48794106,23.60514181]},"properties":{"name":"三和(1)","code":"3132015GW10040111","是否現":"現存","地下水":1,"countyCode":"10010"}},{"type":"Feature","id":"gwobwell_e.405","geometry":{"type":"Point","coordinates":[120.48794106,23.60514181]},"properties":{"name":"三和(2)","code":"3132015GW10040121","是否現":"現存","地下水":2,"countyCode":"10010"}},{"type":"Feature","id":"gwobwell_e.406","geometry":{"type":"Point","coordinates":[120.43552509,23.55751788]},"properties":{"name":"東榮(1)","code":"3132015GW10050111","是否現":"現存","地下水":1,"countyCode":"10010"}},{"type":"Feature","id":"gwobwell_e.407","geometry":{"type":"Point","coordinates":[120.43552509,23.55751788]},"properties":{"name":"東榮(2)","code":"3132015GW10050121","是否現":"現存","地下水":2,"countyCode":"10010"}},{"type":"Feature","id":"gwobwell_e.408","geometry":{"type":"Point","coordinates":[120.43552509,23.55751788]},"properties":{"name":"東榮(3)","code":"3132015GW10050131","是否現":"現存","地下水":3,"countyCode":"10010"}},{"type":"Feature","id":"gwobwell_e.409","geometry":{"type":"Point","coordinates":[120.43552509,23.55751788]},"properties":{"name":"東榮(4)","code":"3132015GW10050141","是否現":"現存","地下水":4,"countyCode":"10010"}},{"type":"Feature","id":"gwobwell_e.410","geometry":{"type":"Point","coordinates":[120.47177268,23.51291125]},"properties":{"name":"大崎(1)","code":"3132015GW10050211","是否現":"現存","地下水":1,"countyCode":"10010"}},{"type":"Feature","id":"gwobwell_e.411","geometry":{"type":"Point","coordinates":[120.47177268,23.51291125]},"properties":{"name":"大崎(2)","code":"3132015GW10050221","是否現":"現存","地下水":1,"countyCode":"10010"}},{"type":"Feature","id":"gwobwell_e.412","geometry":{"type":"Point","coordinates":[120.31267085,23.51476464]},"properties":{"name":"安和(1)","code":"3132015GW10070111","是否現":"現存","地下水":1,"countyCode":"10010"}},{"type":"Feature","id":"gwobwell_e.413","geometry":{"type":"Point","coordinates":[120.31267085,23.51476464]},"properties":{"name":"安和(2)","code":"3132015GW10070121","是否現":"現存","地下水":2,"countyCode":"10010"}},{"type":"Feature","id":"gwobwell_e.414","geometry":{"type":"Point","coordinates":[120.31267085,23.51476464]},"properties":{"name":"安和(3)","code":"3132015GW10070131","是否現":"現存","地下水":2,"countyCode":"10010"}},{"type":"Feature","id":"gwobwell_e.415","geometry":{"type":"Point","coordinates":[120.31267085,23.51476464]},"properties":{"name":"安和(4)","code":"3132015GW10070141","是否現":"現存","地下水":4,"countyCode":"10010"}},{"type":"Feature","id":"gwobwell_e.416","geometry":{"type":"Point","coordinates":[120.35860909,23.56323131]},"properties":{"name":"古民(1)","code":"3132015GW10070211","是否現":"現存","地下水":2,"countyCode":"10010"}},{"type":"Feature","id":"gwobwell_e.417","geometry":{"type":"Point","coordinates":[120.35860909,23.56323131]},"properties":{"name":"古民(2)","code":"3132015GW10070221","是否現":"現存","地下水":2,"countyCode":"10010"}},{"type":"Feature","id":"gwobwell_e.418","geometry":{"type":"Point","coordinates":[120.2618228,23.53232345]},"properties":{"name":"六腳(1)","code":"3132015GW10080111","是否現":"現存","地下水":1,"countyCode":"10010"}},{"type":"Feature","id":"gwobwell_e.419","geometry":{"type":"Point","coordinates":[120.26182099,23.53232147]},"properties":{"name":"六腳(2)","code":"3132015GW10080121","是否現":"現存","地下水":2,"countyCode":"10010"}},{"type":"Feature","id":"gwobwell_e.420","geometry":{"type":"Point","coordinates":[120.26182396,23.532321]},"properties":{"name":"六腳(3)","code":"3132015GW10080131","是否現":"現存","地下水":3,"countyCode":"10010"}},{"type":"Feature","id":"gwobwell_e.421","geometry":{"type":"Point","coordinates":[120.15448851,23.46035102]},"properties":{"name":"東石(1)","code":"3132015GW10090111","是否現":"現存","地下水":2,"countyCode":"10010"}},{"type":"Feature","id":"gwobwell_e.422","geometry":{"type":"Point","coordinates":[120.15448851,23.46035102]},"properties":{"name":"東石(2)","code":"3132015GW10090121","是否現":"現存","地下水":2,"countyCode":"10010"}},{"type":"Feature","id":"gwobwell_e.423","geometry":{"type":"Point","coordinates":[120.15448851,23.46035102]},"properties":{"name":"東石(3)","code":"3132015GW10090131","是否現":"現存","地下水":3,"countyCode":"10010"}},{"type":"Feature","id":"gwobwell_e.424","geometry":{"type":"Point","coordinates":[120.15448851,23.46035102]},"properties":{"name":"東石(4)","code":"3132015GW10090141","是否現":"現存","地下水":4,"countyCode":"10010"}},{"type":"Feature","id":"gwobwell_e.425","geometry":{"type":"Point","coordinates":[120.2148361,23.46363706]},"properties":{"name":"港墘(1)","code":"3132015GW10090211","是否現":"現存","地下水":3,"countyCode":"10010"}},{"type":"Feature","id":"gwobwell_e.426","geometry":{"type":"Point","coordinates":[120.21483517,23.46363565]},"properties":{"name":"港墘(2)","code":"3132015GW10090221","是否現":"現存","地下水":4,"countyCode":"10010"}},{"type":"Feature","id":"gwobwell_e.427","geometry":{"type":"Point","coordinates":[120.21925007,23.35671313]},"properties":{"name":"平溪(1)","code":"3132015GW10100111","是否現":"現存","地下水":1,"countyCode":"10010"}},{"type":"Feature","id":"gwobwell_e.428","geometry":{"type":"Point","coordinates":[120.2192227,23.35664924]},"properties":{"name":"平溪(2)","code":"3132015GW10100121","是否現":"現存","地下水":2,"countyCode":"10010"}},{"type":"Feature","id":"gwobwell_e.429","geometry":{"type":"Point","coordinates":[120.21924874,23.35671449]},"properties":{"name":"平溪(3)","code":"3132015GW10100131","是否現":"現存","地下水":3,"countyCode":"10010"}},{"type":"Feature","id":"gwobwell_e.430","geometry":{"type":"Point","coordinates":[120.21922161,23.3566501]},"properties":{"name":"平溪(4)","code":"3132015GW10100141","是否現":"現存","地下水":4,"countyCode":"10010"}},{"type":"Feature","id":"gwobwell_e.431","geometry":{"type":"Point","coordinates":[120.24722816,23.38007937]},"properties":{"name":"光榮(1)","code":"3132015GW10100211","是否現":"現存","地下水":2,"countyCode":"10010"}},{"type":"Feature","id":"gwobwell_e.432","geometry":{"type":"Point","coordinates":[120.24722548,23.38007945]},"properties":{"name":"光榮(2)","code":"3132015GW10100221","是否現":"現存","地下水":3,"countyCode":"10010"}},{"type":"Feature","id":"gwobwell_e.433","geometry":{"type":"Point","coordinates":[120.20856672,23.30759985]},"properties":{"name":"過路(1)","code":"3132015GW10100311","是否現":"現存","地下水":2,"countyCode":"10010"}},{"type":"Feature","id":"gwobwell_e.434","geometry":{"type":"Point","coordinates":[120.20856772,23.30760223]},"properties":{"name":"過路(2)","code":"3132015GW10100321","是否現":"現存","地下水":3,"countyCode":"10010"}},{"type":"Feature","id":"gwobwell_e.435","geometry":{"type":"Point","coordinates":[120.30618118,23.41132375]},"properties":{"name":"鹿草(1)","code":"3132015GW10110111","是否現":"現存","地下水":2,"countyCode":"10010"}},{"type":"Feature","id":"gwobwell_e.436","geometry":{"type":"Point","coordinates":[120.30618247,23.4113257]},"properties":{"name":"鹿草(2)","code":"3132015GW10110121","是否現":"現存","地下水":3,"countyCode":"10010"}},{"type":"Feature","id":"gwobwell_e.437","geometry":{"type":"Point","coordinates":[120.32750746,23.42993544]},"properties":{"name":"下半天(1)","code":"3132015GW10110211","是否現":"現存","地下水":2,"countyCode":"10010"}},{"type":"Feature","id":"gwobwell_e.438","geometry":{"type":"Point","coordinates":[120.32750737,23.42993392]},"properties":{"name":"下半天(2)","code":"3132015GW10110221","是否現":"現存","地下水":3,"countyCode":"10010"}},{"type":"Feature","id":"gwobwell_e.439","geometry":{"type":"Point","coordinates":[120.28557591,23.37437931]},"properties":{"name":"下潭(1)","code":"3132015GW10110311","是否現":"現存","地下水":1,"countyCode":"10010"}},{"type":"Feature","id":"gwobwell_e.440","geometry":{"type":"Point","coordinates":[120.2855782,23.37437931]},"properties":{"name":"下潭(2)","code":"3132015GW10110321","是否現":"現存","地下水":2,"countyCode":"10010"}},{"type":"Feature","id":"gwobwell_e.441","geometry":{"type":"Point","coordinates":[120.24269985,23.29207628]},"properties":{"name":"歡雅(1)","code":"3132016GW11020111","是否現":"現存","地下水":2,"countyCode":"67000"}},{"type":"Feature","id":"gwobwell_e.442","geometry":{"type":"Point","coordinates":[120.24269998,23.29207916]},"properties":{"name":"歡雅(2)","code":"3132016GW11020121","是否現":"現存","地下水":3,"countyCode":"67000"}},{"type":"Feature","id":"gwobwell_e.443","geometry":{"type":"Point","coordinates":[120.24205658,23.3202804]},"properties":{"name":"中莊","code":"3132016GW110212M2","是否現":"現存","地下水":2,"countyCode":"67000"}},{"type":"Feature","id":"gwobwell_e.444","geometry":{"type":"Point","coordinates":[120.41505842,23.35298367]},"properties":{"name":"白河(1)","code":"3132016GW11030111","是否現":"現存","地下水":2,"countyCode":"67000"}},{"type":"Feature","id":"gwobwell_e.445","geometry":{"type":"Point","coordinates":[120.4150189,23.35301101]},"properties":{"name":"白河(2)","code":"3132016GW11030121","是否現":"現存","地下水":3,"countyCode":"67000"}},{"type":"Feature","id":"gwobwell_e.446","geometry":{"type":"Point","coordinates":[120.41502114,23.3530109]},"properties":{"name":"白河(3)","code":"3132016GW11030131","是否現":"現存","地下水":4,"countyCode":"67000"}},{"type":"Feature","id":"gwobwell_e.447","geometry":{"type":"Point","coordinates":[120.43670579,23.34573185]},"properties":{"name":"河東","code":"3132016GW11030211","是否現":"現存","地下水":1,"countyCode":"67000"}},{"type":"Feature","id":"gwobwell_e.448","geometry":{"type":"Point","coordinates":[120.41593011,23.38033021]},"properties":{"name":"玉豐(1)","code":"3132016GW11030311","是否現":"現存","地下水":1,"countyCode":"67000"}},{"type":"Feature","id":"gwobwell_e.449","geometry":{"type":"Point","coordinates":[120.41593189,23.38032943]},"properties":{"name":"玉豐(2)","code":"3132016GW11030321","是否現":"現存","地下水":2,"countyCode":"67000"}},{"type":"Feature","id":"gwobwell_e.450","geometry":{"type":"Point","coordinates":[120.31303791,23.27413982]},"properties":{"name":"柳營(1)","code":"3132016GW11040111","是否現":"現存","地下水":1,"countyCode":"67000"}},{"type":"Feature","id":"gwobwell_e.451","geometry":{"type":"Point","coordinates":[120.31286127,23.27411121]},"properties":{"name":"柳營(2)","code":"3132016GW11040121","是否現":"現存","地下水":3,"countyCode":"67000"}},{"type":"Feature","id":"gwobwell_e.452","geometry":{"type":"Point","coordinates":[120.32943647,23.28968547]},"properties":{"name":"太康(1)","code":"3132016GW11040212","是否現":"現存","地下水":1,"countyCode":"67000"}},{"type":"Feature","id":"gwobwell_e.453","geometry":{"type":"Point","coordinates":[120.32943386,23.28968512]},"properties":{"name":"太康(2)","code":"3132016GW11040222","是否現":"現存","地下水":2,"countyCode":"67000"}},{"type":"Feature","id":"gwobwell_e.454","geometry":{"type":"Point","coordinates":[120.32943506,23.28968337]},"properties":{"name":"太康(3)","code":"3132016GW11040232","是否現":"現存","地下水":3,"countyCode":"67000"}},{"type":"Feature","id":"gwobwell_e.455","geometry":{"type":"Point","coordinates":[120.31555344,23.34421629]},"properties":{"name":"新東(1)","code":"3132016GW11050111","是否現":"現存","地下水":1,"countyCode":"67000"}},{"type":"Feature","id":"gwobwell_e.456","geometry":{"type":"Point","coordinates":[120.31547378,23.34423933]},"properties":{"name":"新東(2)","code":"3132016GW11050121","是否現":"現存","地下水":2,"countyCode":"67000"}},{"type":"Feature","id":"gwobwell_e.457","geometry":{"type":"Point","coordinates":[120.31555215,23.34421511]},"properties":{"name":"新東(3)","code":"3132016GW11050131","是否現":"現存","地下水":3,"countyCode":"67000"}},{"type":"Feature","id":"gwobwell_e.458","geometry":{"type":"Point","coordinates":[120.31547262,23.3442379]},"properties":{"name":"新東(4)","code":"3132016GW11050141","是否現":"現存","地下水":4,"countyCode":"67000"}},{"type":"Feature","id":"gwobwell_e.459","geometry":{"type":"Point","coordinates":[120.23674783,23.15173634]},"properties":{"name":"紀安(1)","code":"3132016GW11070111","是否現":"現存","地下水":1,"countyCode":"67000"}},{"type":"Feature","id":"gwobwell_e.460","geometry":{"type":"Point","coordinates":[120.23673863,23.151876]},"properties":{"name":"紀安(2)","code":"3132016GW11070121","是否現":"現存","地下水":4,"countyCode":"67000"}},{"type":"Feature","id":"gwobwell_e.461","geometry":{"type":"Point","coordinates":[120.26943514,23.18729834]},"properties":{"name":"總爺(1)","code":"3132016GW11070211","是否現":"現存","地下水":1,"countyCode":"67000"}},{"type":"Feature","id":"gwobwell_e.462","geometry":{"type":"Point","coordinates":[120.26938251,23.18731776]},"properties":{"name":"總爺(2)","code":"3132016GW11070221","是否現":"現存","地下水":2,"countyCode":"67000"}},{"type":"Feature","id":"gwobwell_e.463","geometry":{"type":"Point","coordinates":[120.26943307,23.18729738]},"properties":{"name":"總爺(3)","code":"3132016GW11070231","是否現":"現存","地下水":3,"countyCode":"67000"}},{"type":"Feature","id":"gwobwell_e.464","geometry":{"type":"Point","coordinates":[120.20640822,23.20526604]},"properties":{"name":"港尾(1)","code":"3132016GW11070311","是否現":"現存","地下水":1,"countyCode":"67000"}},{"type":"Feature","id":"gwobwell_e.465","geometry":{"type":"Point","coordinates":[120.206417,23.20516507]},"properties":{"name":"港尾(2)","code":"3132016GW11070321","是否現":"現存","地下水":2,"countyCode":"67000"}},{"type":"Feature","id":"gwobwell_e.466","geometry":{"type":"Point","coordinates":[120.20640997,23.2052651]},"properties":{"name":"港尾(3)","code":"3132016GW11070331","是否現":"現存","地下水":3,"countyCode":"67000"}},{"type":"Feature","id":"gwobwell_e.467","geometry":{"type":"Point","coordinates":[120.2064188,23.20516458]},"properties":{"name":"港尾(4)","code":"3132016GW11070341","是否現":"現存","地下水":4,"countyCode":"67000"}},{"type":"Feature","id":"gwobwell_e.468","geometry":{"type":"Point","coordinates":[120.26108974,23.23075775]},"properties":{"name":"下營(1)","code":"3132016GW11080111","是否現":"現存","地下水":1,"countyCode":"67000"}},{"type":"Feature","id":"gwobwell_e.469","geometry":{"type":"Point","coordinates":[120.26072423,23.23076619]},"properties":{"name":"下營(2)","code":"3132016GW11080121","是否現":"現存","地下水":2,"countyCode":"67000"}},{"type":"Feature","id":"gwobwell_e.470","geometry":{"type":"Point","coordinates":[120.26108816,23.2307588]},"properties":{"name":"下營(3)","code":"3132016GW11080131","是否現":"現存","地下水":3,"countyCode":"67000"}},{"type":"Feature","id":"gwobwell_e.471","geometry":{"type":"Point","coordinates":[120.26101569,23.23076838]},"properties":{"name":"下營(4)","code":"3132016GW11080141","是否現":"現存","地下水":4,"countyCode":"67000"}},{"type":"Feature","id":"gwobwell_e.472","geometry":{"type":"Point","coordinates":[120.29588335,23.25524537]},"properties":{"name":"賀建(1)","code":"3132016GW11080211","是否現":"現存","地下水":2,"countyCode":"67000"}},{"type":"Feature","id":"gwobwell_e.473","geometry":{"type":"Point","coordinates":[120.29588576,23.25524496]},"properties":{"name":"賀建(2)","code":"3132016GW11080221","是否現":"現存","地下水":3,"countyCode":"67000"}},{"type":"Feature","id":"gwobwell_e.474","geometry":{"type":"Point","coordinates":[120.35058042,23.22545683]},"properties":{"name":"六甲(1)","code":"3132016GW11090111","是否現":"現存","地下水":1,"countyCode":"67000"}},{"type":"Feature","id":"gwobwell_e.475","geometry":{"type":"Point","coordinates":[120.3506822,23.22546629]},"properties":{"name":"六甲(2)","code":"3132016GW11090121","是否現":"現存","地下水":3,"countyCode":"67000"}},{"type":"Feature","id":"gwobwell_e.476","geometry":{"type":"Point","coordinates":[120.35057962,23.22545526]},"properties":{"name":"六甲(3)","code":"3132016GW11090131","是否現":"現存","地下水":4,"countyCode":"67000"}},{"type":"Feature","id":"gwobwell_e.477","geometry":{"type":"Point","coordinates":[120.34162815,23.18916127]},"properties":{"name":"官田(1)","code":"3132016GW11100111","是否現":"現存","地下水":1,"countyCode":"67000"}},{"type":"Feature","id":"gwobwell_e.478","geometry":{"type":"Point","coordinates":[120.34157546,23.18915641]},"properties":{"name":"官田(2)","code":"3132016GW11100121","是否現":"現存","地下水":2,"countyCode":"67000"}},{"type":"Feature","id":"gwobwell_e.479","geometry":{"type":"Point","coordinates":[120.34162112,23.18913864]},"properties":{"name":"官田(3)","code":"3132016GW11100131","是否現":"現存","地下水":4,"countyCode":"67000"}},{"type":"Feature","id":"gwobwell_e.480","geometry":{"type":"Point","coordinates":[120.34333311,23.15393742]},"properties":{"name":"日新(1)","code":"3132016GW11100211","是否現":"現存","地下水":1,"countyCode":"67000"}},{"type":"Feature","id":"gwobwell_e.481","geometry":{"type":"Point","coordinates":[120.34333311,23.15393742]},"properties":{"name":"日新(2)","code":"3132016GW11100221","是否現":"現存","地下水":2,"countyCode":"67000"}},{"type":"Feature","id":"gwobwell_e.482","geometry":{"type":"Point","coordinates":[120.34333311,23.15393742]},"properties":{"name":"日新(3)","code":"3132016GW11100231","是否現":"現存","地下水":4,"countyCode":"67000"}},{"type":"Feature","id":"gwobwell_e.483","geometry":{"type":"Point","coordinates":[120.20437274,23.2570633]},"properties":{"name":"宅港(1)","code":"3132016GW11131111","是否現":"現存","地下水":1,"countyCode":"67000"}},{"type":"Feature","id":"gwobwell_e.484","geometry":{"type":"Point","coordinates":[120.20437274,23.2570633]},"properties":{"name":"宅港(2)","code":"3132016GW11131121","是否現":"現存","地下水":2,"countyCode":"67000"}},{"type":"Feature","id":"gwobwell_e.485","geometry":{"type":"Point","coordinates":[120.20437274,23.2570633]},"properties":{"name":"宅港(3)","code":"3132016GW11131131","是否現":"現存","地下水":3,"countyCode":"67000"}},{"type":"Feature","id":"gwobwell_e.486","geometry":{"type":"Point","coordinates":[120.19902459,23.12339156]},"properties":{"name":"進學(1)","code":"3132016GW11140111","是否現":"現存","地下水":1,"countyCode":"67000"}},{"type":"Feature","id":"gwobwell_e.487","geometry":{"type":"Point","coordinates":[120.19909278,23.12339242]},"properties":{"name":"進學(2)","code":"3132016GW11140121","是否現":"現存","地下水":0,"countyCode":"67000"}},{"type":"Feature","id":"gwobwell_e.488","geometry":{"type":"Point","coordinates":[120.1990249,23.12339318]},"properties":{"name":"進學(3)","code":"3132016GW11140131","是否現":"現存","地下水":0,"countyCode":"67000"}},{"type":"Feature","id":"gwobwell_e.489","geometry":{"type":"Point","coordinates":[120.19909313,23.12339433]},"properties":{"name":"進學(4)","code":"3132016GW11140141","是否現":"現存","地下水":4,"countyCode":"67000"}},{"type":"Feature","id":"gwobwell_e.490","geometry":{"type":"Point","coordinates":[120.15449728,23.14940259]},"properties":{"name":"大文(1)","code":"3132016GW11150111","是否現":"現存","地下水":1,"countyCode":"67000"}},{"type":"Feature","id":"gwobwell_e.491","geometry":{"type":"Point","coordinates":[120.15444555,23.14946122]},"properties":{"name":"大文(2)","code":"3132016GW11150121","是否現":"現存","地下水":2,"countyCode":"67000"}},{"type":"Feature","id":"gwobwell_e.492","geometry":{"type":"Point","coordinates":[120.15449768,23.14940118]},"properties":{"name":"大文(3)","code":"3132016GW11150131","是否現":"現存","地下水":3,"countyCode":"67000"}},{"type":"Feature","id":"gwobwell_e.493","geometry":{"type":"Point","coordinates":[120.1544461,23.14945972]},"properties":{"name":"大文(4)","code":"3132016GW11150141","是否現":"現存","地下水":4,"countyCode":"67000"}},{"type":"Feature","id":"gwobwell_e.494","geometry":{"type":"Point","coordinates":[120.11792732,23.1020402]},"properties":{"name":"三股(1)","code":"3132016GW11150211","是否現":"現存","地下水":2,"countyCode":"67000"}},{"type":"Feature","id":"gwobwell_e.495","geometry":{"type":"Point","coordinates":[120.11792872,23.10203933]},"properties":{"name":"三股(2)","code":"3132016GW11150221","是否現":"現存","地下水":4,"countyCode":"67000"}},{"type":"Feature","id":"gwobwell_e.496","geometry":{"type":"Point","coordinates":[120.11171961,23.18268232]},"properties":{"name":"頂山(1)","code":"3132016GW11150311","是否現":"現存","地下水":1,"countyCode":"67000"}},{"type":"Feature","id":"gwobwell_e.497","geometry":{"type":"Point","coordinates":[120.11171922,23.18268406]},"properties":{"name":"頂山(2)","code":"3132016GW11150321","是否現":"現存","地下水":4,"countyCode":"67000"}},{"type":"Feature","id":"gwobwell_e.498","geometry":{"type":"Point","coordinates":[120.07254506,23.10513769]},"properties":{"name":"十份(1)","code":"3132016GW11150411","是否現":"現存","地下水":1,"countyCode":"67000"}},{"type":"Feature","id":"gwobwell_e.499","geometry":{"type":"Point","coordinates":[120.0725463,23.10513645]},"properties":{"name":"十份(2)","code":"3132016GW11150421","是否現":"現存","地下水":3,"countyCode":"67000"}},{"type":"Feature","id":"gwobwell_e.500","geometry":{"type":"Point","coordinates":[120.07255909,23.10520154]},"properties":{"name":"十份(3)","code":"3132016GW11150431","是否現":"現存","地下水":4,"countyCode":"67000"}},{"type":"Feature","id":"gwobwell_e.501","geometry":{"type":"Point","coordinates":[120.10700838,23.14914767]},"properties":{"name":"光復(1)","code":"3132015GW09030311","是否現":"現存","地下水":0,"countyCode":"67000"}},{"type":"Feature","id":"gwobwell_e.502","geometry":{"type":"Point","coordinates":[120.10700838,23.14914767]},"properties":{"name":"光復(2)","code":"3132015GW09030321","是否現":"現存","地下水":0,"countyCode":"67000"}},{"type":"Feature","id":"gwobwell_e.503","geometry":{"type":"Point","coordinates":[120.13642559,23.18479472]},"properties":{"name":"後港","code":"3132016GW111511M2","是否現":"現存","地下水":2,"countyCode":"67000"}},{"type":"Feature","id":"gwobwell_e.504","geometry":{"type":"Point","coordinates":[120.09728677,23.28147004]},"properties":{"name":"北門(1)","code":"3132016GW11170111","是否現":"現存","地下水":1,"countyCode":"67000"}},{"type":"Feature","id":"gwobwell_e.505","geometry":{"type":"Point","coordinates":[120.09728833,23.28131999]},"properties":{"name":"北門(2)","code":"3132016GW11170121","是否現":"現存","地下水":4,"countyCode":"67000"}},{"type":"Feature","id":"gwobwell_e.506","geometry":{"type":"Point","coordinates":[120.16893365,23.2961925]},"properties":{"name":"錦湖(1)","code":"3132016GW11170211","是否現":"現存","地下水":1,"countyCode":"67000"}},{"type":"Feature","id":"gwobwell_e.507","geometry":{"type":"Point","coordinates":[120.16903812,23.29615249]},"properties":{"name":"錦湖(2)","code":"3132016GW11170221","是否現":"現存","地下水":2,"countyCode":"67000"}},{"type":"Feature","id":"gwobwell_e.508","geometry":{"type":"Point","coordinates":[120.16893473,23.29619369]},"properties":{"name":"錦湖(3)","code":"3132016GW11170231","是否現":"現存","地下水":3,"countyCode":"67000"}},{"type":"Feature","id":"gwobwell_e.509","geometry":{"type":"Point","coordinates":[120.12690657,23.24164242]},"properties":{"name":"文山(1)","code":"3132016GW11170311","是否現":"現存","地下水":1,"countyCode":"67000"}},{"type":"Feature","id":"gwobwell_e.510","geometry":{"type":"Point","coordinates":[120.12702547,23.24163045]},"properties":{"name":"文山(2)","code":"3132016GW11170321","是否現":"現存","地下水":3,"countyCode":"67000"}},{"type":"Feature","id":"gwobwell_e.511","geometry":{"type":"Point","coordinates":[120.31216037,23.03678902]},"properties":{"name":"新化(1)","code":"3132016GW11180112","是否現":"現存","地下水":2,"countyCode":"67000"}},{"type":"Feature","id":"gwobwell_e.512","geometry":{"type":"Point","coordinates":[120.3121572,23.03678787]},"properties":{"name":"新化(2)","code":"3132016GW11180111","是否現":"現存","地下水":3,"countyCode":"67000"}},{"type":"Feature","id":"gwobwell_e.513","geometry":{"type":"Point","coordinates":[120.31057202,23.12420638]},"properties":{"name":"小新(1)","code":"3132016GW11190111","是否現":"現存","地下水":1,"countyCode":"67000"}},{"type":"Feature","id":"gwobwell_e.514","geometry":{"type":"Point","coordinates":[120.31057405,23.12420748]},"properties":{"name":"小新(2)","code":"3132016GW11190121","是否現":"現存","地下水":2,"countyCode":"67000"}},{"type":"Feature","id":"gwobwell_e.515","geometry":{"type":"Point","coordinates":[120.34844068,23.06940524]},"properties":{"name":"那菝(1)","code":"3132016GW11190211","是否現":"現存","地下水":1,"countyCode":"67000"}},{"type":"Feature","id":"gwobwell_e.516","geometry":{"type":"Point","coordinates":[120.34847476,23.06946468]},"properties":{"name":"那菝(2)","code":"3132016GW11190221","是否現":"現存","地下水":2,"countyCode":"67000"}},{"type":"Feature","id":"gwobwell_e.517","geometry":{"type":"Point","coordinates":[120.34844198,23.0694036]},"properties":{"name":"那菝(3)","code":"3132016GW11190231","是否現":"現存","地下水":3,"countyCode":"67000"}},{"type":"Feature","id":"gwobwell_e.518","geometry":{"type":"Point","coordinates":[120.28634889,23.13663366]},"properties":{"name":"善化(1)","code":"3132016GW11190311","是否現":"現存","地下水":1,"countyCode":"67000"}},{"type":"Feature","id":"gwobwell_e.519","geometry":{"type":"Point","coordinates":[120.28629254,23.13661976]},"properties":{"name":"善化(2)","code":"3132016GW11190321","是否現":"現存","地下水":2,"countyCode":"67000"}},{"type":"Feature","id":"gwobwell_e.520","geometry":{"type":"Point","coordinates":[120.28634956,23.13663526]},"properties":{"name":"善化(3)","code":"3132016GW11190331","是否現":"現存","地下水":3,"countyCode":"67000"}},{"type":"Feature","id":"gwobwell_e.521","geometry":{"type":"Point","coordinates":[120.28629282,23.13662164]},"properties":{"name":"善化(4)","code":"3132016GW11190341","是否現":"現存","地下水":4,"countyCode":"67000"}},{"type":"Feature","id":"gwobwell_e.522","geometry":{"type":"Point","coordinates":[120.29673178,23.07922261]},"properties":{"name":"新市(1)","code":"3132016GW11200111","是否現":"現存","地下水":1,"countyCode":"67000"}},{"type":"Feature","id":"gwobwell_e.523","geometry":{"type":"Point","coordinates":[120.29671668,23.07914231]},"properties":{"name":"新市(2)","code":"3132016GW11200121","是否現":"現存","地下水":2,"countyCode":"67000"}},{"type":"Feature","id":"gwobwell_e.524","geometry":{"type":"Point","coordinates":[120.29673334,23.07922164]},"properties":{"name":"新市(3)","code":"3132016GW11200131","是否現":"現存","地下水":4,"countyCode":"67000"}},{"type":"Feature","id":"gwobwell_e.525","geometry":{"type":"Point","coordinates":[120.27992384,23.10475778]},"properties":{"name":"南科(1)","code":"3132016GW11200211","是否現":"現存","地下水":1,"countyCode":"67000"}},{"type":"Feature","id":"gwobwell_e.526","geometry":{"type":"Point","coordinates":[120.28009992,23.10437743]},"properties":{"name":"南科(2)","code":"3132016GW11200221","是否現":"現存","地下水":2,"countyCode":"67000"}},{"type":"Feature","id":"gwobwell_e.527","geometry":{"type":"Point","coordinates":[120.27992527,23.10475861]},"properties":{"name":"南科(3)","code":"3132016GW11200231","是否現":"現存","地下水":3,"countyCode":"67000"}},{"type":"Feature","id":"gwobwell_e.528","geometry":{"type":"Point","coordinates":[120.28010227,23.1043772]},"properties":{"name":"南科(4)","code":"3132016GW11200241","是否現":"現存","地下水":4,"countyCode":"67000"}},{"type":"Feature","id":"gwobwell_e.529","geometry":{"type":"Point","coordinates":[120.21804904,23.08125943]},"properties":{"name":"南興(1)","code":"3132016GW11210111","是否現":"現存","地下水":1,"countyCode":"67000"}},{"type":"Feature","id":"gwobwell_e.530","geometry":{"type":"Point","coordinates":[120.21798432,23.08121568]},"properties":{"name":"南興(2)","code":"3132016GW11210121","是否現":"現存","地下水":0,"countyCode":"67000"}},{"type":"Feature","id":"gwobwell_e.531","geometry":{"type":"Point","coordinates":[120.21805093,23.08125981]},"properties":{"name":"南興(3)","code":"3132016GW11210131","是否現":"現存","地下水":3,"countyCode":"67000"}},{"type":"Feature","id":"gwobwell_e.532","geometry":{"type":"Point","coordinates":[120.21798604,23.08121589]},"properties":{"name":"南興(4)","code":"3132016GW11210141","是否現":"現存","地下水":4,"countyCode":"67000"}},{"type":"Feature","id":"gwobwell_e.533","geometry":{"type":"Point","coordinates":[120.25512931,22.96175244]},"properties":{"name":"仁德(1)","code":"3132016GW11270111","是否現":"現存","地下水":1,"countyCode":"67000"}},{"type":"Feature","id":"gwobwell_e.534","geometry":{"type":"Point","coordinates":[120.25513059,22.96175061]},"properties":{"name":"仁德(2)","code":"3132016GW11270121","是否現":"現存","地下水":3,"countyCode":"67000"}},{"type":"Feature","id":"gwobwell_e.535","geometry":{"type":"Point","coordinates":[120.25512807,22.96175003]},"properties":{"name":"仁德(3)","code":"3132016GW11270131","是否現":"現存","地下水":4,"countyCode":"67000"}},{"type":"Feature","id":"gwobwell_e.536","geometry":{"type":"Point","coordinates":[120.22179323,22.95995939]},"properties":{"name":"仁和(1)","code":"3132016GW11270211","是否現":"現存","地下水":1,"countyCode":"67000"}},{"type":"Feature","id":"gwobwell_e.537","geometry":{"type":"Point","coordinates":[120.2615726,22.91336809]},"properties":{"name":"依仁(1)","code":"3132016GW11270311","是否現":"現存","地下水":1,"countyCode":"67000"}},{"type":"Feature","id":"gwobwell_e.538","geometry":{"type":"Point","coordinates":[120.29400398,22.99178321]},"properties":{"name":"保西(1)","code":"3132016GW11281111","是否現":"現存","地下水":1,"countyCode":"67000"}},{"type":"Feature","id":"gwobwell_e.539","geometry":{"type":"Point","coordinates":[120.29400398,22.99178321]},"properties":{"name":"保西(2)","code":"3132016GW11281121","是否現":"現存","地下水":2,"countyCode":"67000"}},{"type":"Feature","id":"gwobwell_e.540","geometry":{"type":"Point","coordinates":[120.33544753,22.95921742]},"properties":{"name":"五甲(1)","code":"3132016GW11290111","是否現":"現存","地下水":1,"countyCode":"67000"}},{"type":"Feature","id":"gwobwell_e.541","geometry":{"type":"Point","coordinates":[120.33544922,22.95921667]},"properties":{"name":"五甲(2)","code":"3132016GW11290121","是否現":"現存","地下水":2,"countyCode":"67000"}},{"type":"Feature","id":"gwobwell_e.542","geometry":{"type":"Point","coordinates":[120.25529691,23.02701242]},"properties":{"name":"永康(1)","code":"3132016GW11310111","是否現":"現存","地下水":1,"countyCode":"67000"}},{"type":"Feature","id":"gwobwell_e.543","geometry":{"type":"Point","coordinates":[120.25509087,23.02686963]},"properties":{"name":"永康(2)","code":"3132016GW11310121","是否現":"現存","地下水":2,"countyCode":"67000"}},{"type":"Feature","id":"gwobwell_e.544","geometry":{"type":"Point","coordinates":[120.26752642,23.03405951]},"properties":{"name":"龍昌(1)","code":"3132016GW11310211","是否現":"現存","地下水":2,"countyCode":"67000"}},{"type":"Feature","id":"gwobwell_e.545","geometry":{"type":"Point","coordinates":[120.26752485,23.03405709]},"properties":{"name":"龍昌(2)","code":"3132016GW11310221","是否現":"現存","地下水":3,"countyCode":"67000"}},{"type":"Feature","id":"gwobwell_e.546","geometry":{"type":"Point","coordinates":[120.34692524,22.73166245]},"properties":{"name":"大社(1)","code":"3132017GW12050111","是否現":"現存","地下水":1,"countyCode":"64000"}},{"type":"Feature","id":"gwobwell_e.547","geometry":{"type":"Point","coordinates":[120.26891159,22.81798129]},"properties":{"name":"岡山(1)","code":"3132017GW12080111","是否現":"現存","地下水":1,"countyCode":"64000"}},{"type":"Feature","id":"gwobwell_e.548","geometry":{"type":"Point","coordinates":[120.29263613,22.79224862]},"properties":{"name":"柳橋(1)","code":"3132017GW12080211","是否現":"現存","地下水":1,"countyCode":"64000"}},{"type":"Feature","id":"gwobwell_e.549","geometry":{"type":"Point","coordinates":[120.29263613,22.79224862]},"properties":{"name":"柳橋(2)","code":"3132017GW12080221","是否現":"現存","地下水":2,"countyCode":"64000"}},{"type":"Feature","id":"gwobwell_e.550","geometry":{"type":"Point","coordinates":[120.29202218,22.76021603]},"properties":{"name":"五林(1)","code":"3132017GW12090111","是否現":"現存","地下水":1,"countyCode":"64000"}},{"type":"Feature","id":"gwobwell_e.551","geometry":{"type":"Point","coordinates":[120.29216353,22.76027344]},"properties":{"name":"五林(2)","code":"3132017GW12090121","是否現":"現存","地下水":3,"countyCode":"64000"}},{"type":"Feature","id":"gwobwell_e.552","geometry":{"type":"Point","coordinates":[120.29202262,22.76021767]},"properties":{"name":"五林(3)","code":"3132017GW12090131","是否現":"現存","地下水":4,"countyCode":"64000"}},{"type":"Feature","id":"gwobwell_e.553","geometry":{"type":"Point","coordinates":[120.3278139,22.88373932]},"properties":{"name":"阿蓮(1)","code":"3132017GW12120111","是否現":"現存","地下水":1,"countyCode":"64000"}},{"type":"Feature","id":"gwobwell_e.554","geometry":{"type":"Point","coordinates":[120.32781569,22.88373931]},"properties":{"name":"阿蓮(2)","code":"3132017GW12120121","是否現":"現存","地下水":3,"countyCode":"64000"}},{"type":"Feature","id":"gwobwell_e.555","geometry":{"type":"Point","coordinates":[120.27023272,22.87447727]},"properties":{"name":"一甲(1)","code":"3132017GW12130111","是否現":"現存","地下水":1,"countyCode":"64000"}},{"type":"Feature","id":"gwobwell_e.556","geometry":{"type":"Point","coordinates":[120.23064447,22.86339432]},"properties":{"name":"竹滬(1)","code":"3132017GW12130211","是否現":"現存","地下水":1,"countyCode":"64000"}},{"type":"Feature","id":"gwobwell_e.557","geometry":{"type":"Point","coordinates":[120.23056377,22.86336936]},"properties":{"name":"竹滬(2)","code":"3132017GW12130221","是否現":"現存","地下水":3,"countyCode":"64000"}},{"type":"Feature","id":"gwobwell_e.558","geometry":{"type":"Point","coordinates":[120.23064639,22.86339423]},"properties":{"name":"竹滬(3)","code":"3132017GW12130231","是否現":"現存","地下水":4,"countyCode":"64000"}},{"type":"Feature","id":"gwobwell_e.559","geometry":{"type":"Point","coordinates":[120.18588798,22.88731704]},"properties":{"name":"成功(1)","code":"3132017GW12150111","是否現":"現存","地下水":1,"countyCode":"64000"}},{"type":"Feature","id":"gwobwell_e.560","geometry":{"type":"Point","coordinates":[120.18588814,22.88731873]},"properties":{"name":"成功(2)","code":"3132017GW12150121","是否現":"現存","地下水":3,"countyCode":"64000"}},{"type":"Feature","id":"gwobwell_e.561","geometry":{"type":"Point","coordinates":[120.20132634,22.85847653]},"properties":{"name":"興達(1)","code":"3132017GW12160111","是否現":"現存","地下水":1,"countyCode":"64000"}},{"type":"Feature","id":"gwobwell_e.562","geometry":{"type":"Point","coordinates":[120.20132616,22.858479]},"properties":{"name":"興達(2)","code":"3132017GW12160121","是否現":"現存","地下水":3,"countyCode":"64000"}},{"type":"Feature","id":"gwobwell_e.563","geometry":{"type":"Point","coordinates":[120.22485122,22.81440058]},"properties":{"name":"永華(1)","code":"3132017GW12160211","是否現":"現存","地下水":1,"countyCode":"64000"}},{"type":"Feature","id":"gwobwell_e.564","geometry":{"type":"Point","coordinates":[120.24773375,22.78433693]},"properties":{"name":"彌陀(1)","code":"3132017GW12170111","是否現":"現存","地下水":1,"countyCode":"64000"}},{"type":"Feature","id":"gwobwell_e.565","geometry":{"type":"Point","coordinates":[120.19255759,23.03931148]},"properties":{"name":"安慶(1)","code":"3132016GW21060111","是否現":"現存","地下水":1,"countyCode":"67000"}},{"type":"Feature","id":"gwobwell_e.566","geometry":{"type":"Point","coordinates":[120.19261152,23.03936585]},"properties":{"name":"安慶(2)","code":"3132016GW21060121","是否現":"現存","地下水":0,"countyCode":"67000"}},{"type":"Feature","id":"gwobwell_e.567","geometry":{"type":"Point","coordinates":[120.19255684,23.0393129]},"properties":{"name":"安慶(3)","code":"3132016GW21060131","是否現":"現存","地下水":3,"countyCode":"67000"}},{"type":"Feature","id":"gwobwell_e.568","geometry":{"type":"Point","coordinates":[120.1926109,23.03936759]},"properties":{"name":"安慶(4)","code":"3132016GW21060141","是否現":"現存","地下水":4,"countyCode":"67000"}},{"type":"Feature","id":"gwobwell_e.569","geometry":{"type":"Point","coordinates":[120.13506491,23.03022958]},"properties":{"name":"台南(1)","code":"3132016GW21060211","是否現":"現存","地下水":1,"countyCode":"67000"}},{"type":"Feature","id":"gwobwell_e.570","geometry":{"type":"Point","coordinates":[120.13509839,23.03018874]},"properties":{"name":"台南(2)","code":"3132016GW21060221","是否現":"現存","地下水":2,"countyCode":"67000"}},{"type":"Feature","id":"gwobwell_e.571","geometry":{"type":"Point","coordinates":[120.13510108,23.03009829]},"properties":{"name":"台南(3)","code":"3132016GW21060231","是否現":"現存","地下水":3,"countyCode":"67000"}},{"type":"Feature","id":"gwobwell_e.572","geometry":{"type":"Point","coordinates":[120.1350667,23.03022952]},"properties":{"name":"台南(4)","code":"3132016GW21060241","是否現":"現存","地下水":4,"countyCode":"67000"}},{"type":"Feature","id":"gwobwell_e.573","geometry":{"type":"Point","coordinates":[120.1292218,23.06616684]},"properties":{"name":"土城(1)","code":"3132016GW21060311","是否現":"現存","地下水":1,"countyCode":"67000"}},{"type":"Feature","id":"gwobwell_e.574","geometry":{"type":"Point","coordinates":[120.1292224,23.06616449]},"properties":{"name":"土城(2)","code":"3132016GW21060321","是否現":"現存","地下水":2,"countyCode":"67000"}},{"type":"Feature","id":"gwobwell_e.575","geometry":{"type":"Point","coordinates":[120.16585997,23.00071133]},"properties":{"name":"安平(1)","code":"3132016GW21070111","是否現":"現存","地下水":1,"countyCode":"67000"}},{"type":"Feature","id":"gwobwell_e.576","geometry":{"type":"Point","coordinates":[120.16579883,23.00071757]},"properties":{"name":"安平(2)","code":"3132016GW21070121","是否現":"現存","地下水":2,"countyCode":"67000"}},{"type":"Feature","id":"gwobwell_e.577","geometry":{"type":"Point","coordinates":[120.28275272,22.62212963]},"properties":{"name":"鹽埕(1)","code":"3132016GW64010111","是否現":"現存","地下水":1,"countyCode":"64000"}},{"type":"Feature","id":"gwobwell_e.578","geometry":{"type":"Point","coordinates":[120.28272105,22.62214392]},"properties":{"name":"鹽埕(2)","code":"3132016GW64010121","是否現":"現存","地下水":2,"countyCode":"64000"}},{"type":"Feature","id":"gwobwell_e.579","geometry":{"type":"Point","coordinates":[120.2827514,22.62212849]},"properties":{"name":"鹽埕(3)","code":"3132016GW64010131","是否現":"現存","地下水":4,"countyCode":"64000"}},{"type":"Feature","id":"gwobwell_e.580","geometry":{"type":"Point","coordinates":[120.28804225,22.67525079]},"properties":{"name":"永清(1)","code":"3132016GW64031111","是否現":"現存","地下水":0,"countyCode":"64000"}},{"type":"Feature","id":"gwobwell_e.581","geometry":{"type":"Point","coordinates":[120.30160235,22.71834101]},"properties":{"name":"楠梓(1)","code":"3132016GW64040111","是否現":"現存","地下水":1,"countyCode":"64000"}},{"type":"Feature","id":"gwobwell_e.582","geometry":{"type":"Point","coordinates":[120.3381857,22.56862894]},"properties":{"name":"港和(1)","code":"3132016GW64110211","是否現":"現存","地下水":1,"countyCode":"64000"}},{"type":"Feature","id":"gwobwell_e.583","geometry":{"type":"Point","coordinates":[120.33822673,22.56858448]},"properties":{"name":"港和(2)","code":"3132016GW64110221","是否現":"現存","地下水":2,"countyCode":"64000"}},{"type":"Feature","id":"gwobwell_e.584","geometry":{"type":"Point","coordinates":[120.33818756,22.56862931]},"properties":{"name":"港和(3)","code":"3132016GW64110231","是否現":"現存","地下水":4,"countyCode":"64000"}},{"type":"Feature","id":"gwobwell_e.585","geometry":{"type":"Point","coordinates":[120.37580007,22.62875804]},"properties":{"name":"中正(1)","code":"3132017GW12010111","是否現":"現存","地下水":1,"countyCode":"64000"}},{"type":"Feature","id":"gwobwell_e.586","geometry":{"type":"Point","coordinates":[120.37482889,22.62875328]},"properties":{"name":"中正(2)","code":"3132017GW12010121","是否現":"現存","地下水":2,"countyCode":"64000"}},{"type":"Feature","id":"gwobwell_e.587","geometry":{"type":"Point","coordinates":[120.39383503,22.50795155]},"properties":{"name":"林園(1)","code":"3132017GW12020211","是否現":"現存","地下水":1,"countyCode":"64000"}},{"type":"Feature","id":"gwobwell_e.588","geometry":{"type":"Point","coordinates":[120.3938362,22.50795309]},"properties":{"name":"林園(2)","code":"3132017GW12020221","是否現":"現存","地下水":0,"countyCode":"64000"}},{"type":"Feature","id":"gwobwell_e.589","geometry":{"type":"Point","coordinates":[120.393829,22.50784262]},"properties":{"name":"林園(3)","code":"3132017GW12020231","是否現":"現存","地下水":0,"countyCode":"64000"}},{"type":"Feature","id":"gwobwell_e.590","geometry":{"type":"Point","coordinates":[120.42513365,22.56435134]},"properties":{"name":"潮寮(1)","code":"3132017GW12030111","是否現":"現存","地下水":1,"countyCode":"64000"}},{"type":"Feature","id":"gwobwell_e.591","geometry":{"type":"Point","coordinates":[120.42516833,22.56431333]},"properties":{"name":"潮寮(2)","code":"3132017GW12030121","是否現":"現存","地下水":0,"countyCode":"64000"}},{"type":"Feature","id":"gwobwell_e.592","geometry":{"type":"Point","coordinates":[120.42522488,22.56423441]},"properties":{"name":"潮寮(3)","code":"3132017GW12030131","是否現":"現存","地下水":0,"countyCode":"64000"}},{"type":"Feature","id":"gwobwell_e.593","geometry":{"type":"Point","coordinates":[120.40907087,22.54118879]},"properties":{"name":"昭明(1)","code":"3132017GW12030311","是否現":"現存","地下水":1,"countyCode":"64000"}},{"type":"Feature","id":"gwobwell_e.594","geometry":{"type":"Point","coordinates":[120.40938691,22.54110175]},"properties":{"name":"昭明(2)","code":"3132017GW12030321","是否現":"現存","地下水":2,"countyCode":"64000"}},{"type":"Feature","id":"gwobwell_e.595","geometry":{"type":"Point","coordinates":[120.40907227,22.54118974]},"properties":{"name":"昭明(3)","code":"3132017GW12030331","是否現":"現存","地下水":0,"countyCode":"64000"}},{"type":"Feature","id":"gwobwell_e.596","geometry":{"type":"Point","coordinates":[120.40938614,22.54110016]},"properties":{"name":"昭明(4)","code":"3132017GW12030341","是否現":"現存","地下水":0,"countyCode":"64000"}},{"type":"Feature","id":"gwobwell_e.597","geometry":{"type":"Point","coordinates":[120.44314948,22.7226199]},"properties":{"name":"溪埔(1)","code":"3132017GW12040111","是否現":"現存","地下水":1,"countyCode":"64000"}},{"type":"Feature","id":"gwobwell_e.598","geometry":{"type":"Point","coordinates":[120.44321804,22.72272465]},"properties":{"name":"溪埔(2)","code":"3132017GW12040121","是否現":"現存","地下水":2,"countyCode":"64000"}},{"type":"Feature","id":"gwobwell_e.599","geometry":{"type":"Point","coordinates":[120.44321245,22.72265862]},"properties":{"name":"溪埔(3)","code":"3132017GW12040131","是否現":"現存","地下水":0,"countyCode":"64000"}},{"type":"Feature","id":"gwobwell_e.600","geometry":{"type":"Point","coordinates":[120.42437007,22.65595605]},"properties":{"name":"九曲(1)","code":"3132017GW12040211","是否現":"現存","地下水":1,"countyCode":"64000"}},{"type":"Feature","id":"gwobwell_e.601","geometry":{"type":"Point","coordinates":[120.42437022,22.65595446]},"properties":{"name":"九曲(2)","code":"3132017GW12040221","是否現":"現存","地下水":0,"countyCode":"64000"}},{"type":"Feature","id":"gwobwell_e.602","geometry":{"type":"Point","coordinates":[120.43521236,22.68903465]},"properties":{"name":"大樹(1)","code":"3132017GW12040311","是否現":"現存","地下水":1,"countyCode":"64000"}},{"type":"Feature","id":"gwobwell_e.603","geometry":{"type":"Point","coordinates":[120.43523547,22.68916532]},"properties":{"name":"大樹(2)","code":"3132017GW12040321","是否現":"現存","地下水":2,"countyCode":"64000"}},{"type":"Feature","id":"gwobwell_e.604","geometry":{"type":"Point","coordinates":[120.43521137,22.68903331]},"properties":{"name":"大樹(3)","code":"3132017GW12040331","是否現":"現存","地下水":0,"countyCode":"64000"}},{"type":"Feature","id":"gwobwell_e.605","geometry":{"type":"Point","coordinates":[120.43523646,22.6891671]},"properties":{"name":"大樹(4)","code":"3132017GW12040341","是否現":"現存","地下水":0,"countyCode":"64000"}},{"type":"Feature","id":"gwobwell_e.606","geometry":{"type":"Point","coordinates":[120.47904756,22.84533552]},"properties":{"name":"中洲(1)","code":"3132017GW12190111","是否現":"現存","地下水":2,"countyCode":"64000"}},{"type":"Feature","id":"gwobwell_e.607","geometry":{"type":"Point","coordinates":[120.47904683,22.84533725]},"properties":{"name":"中洲(2)","code":"3132017GW12190121","是否現":"現存","地下水":0,"countyCode":"64000"}},{"type":"Feature","id":"gwobwell_e.608","geometry":{"type":"Point","coordinates":[120.49279065,22.88012183]},"properties":{"name":"旗山(1)","code":"3132017GW12190211","是否現":"現存","地下水":1,"countyCode":"64000"}},{"type":"Feature","id":"gwobwell_e.609","geometry":{"type":"Point","coordinates":[120.49279073,22.88012005]},"properties":{"name":"旗山(2)","code":"3132017GW12190221","是否現":"現存","地下水":2,"countyCode":"64000"}},{"type":"Feature","id":"gwobwell_e.610","geometry":{"type":"Point","coordinates":[120.55400061,22.89948718]},"properties":{"name":"美濃(1)","code":"3132017GW12200211","是否現":"現存","地下水":1,"countyCode":"64000"}},{"type":"Feature","id":"gwobwell_e.611","geometry":{"type":"Point","coordinates":[120.55400128,22.89948548]},"properties":{"name":"美濃(2)","code":"3132017GW12200221","是否現":"現存","地下水":2,"countyCode":"64000"}},{"type":"Feature","id":"gwobwell_e.612","geometry":{"type":"Point","coordinates":[120.5357446,22.85603988]},"properties":{"name":"吉洋(1)","code":"3132017GW12200311","是否現":"現存","地下水":1,"countyCode":"64000"}},{"type":"Feature","id":"gwobwell_e.613","geometry":{"type":"Point","coordinates":[120.53574594,22.85603813]},"properties":{"name":"吉洋(2)","code":"3132017GW12200321","是否現":"現存","地下水":1,"countyCode":"64000"}},{"type":"Feature","id":"gwobwell_e.614","geometry":{"type":"Point","coordinates":[120.62622258,22.89641035]},"properties":{"name":"新威(1)","code":"3132017GW12210111","是否現":"現存","地下水":1,"countyCode":"64000"}},{"type":"Feature","id":"gwobwell_e.615","geometry":{"type":"Point","coordinates":[120.6262219,22.89640879]},"properties":{"name":"新威(2)","code":"3132017GW12210121","是否現":"現存","地下水":2,"countyCode":"64000"}},{"type":"Feature","id":"gwobwell_e.616","geometry":{"type":"Point","coordinates":[120.46708202,22.65441056]},"properties":{"name":"清溪(1)","code":"3132017GW13010111","是否現":"現存","地下水":1,"countyCode":"10013"}},{"type":"Feature","id":"gwobwell_e.617","geometry":{"type":"Point","coordinates":[120.46708199,22.65441222]},"properties":{"name":"清溪(2)","code":"3132017GW13010121","是否現":"現存","地下水":2,"countyCode":"10013"}},{"type":"Feature","id":"gwobwell_e.618","geometry":{"type":"Point","coordinates":[120.46711606,22.65446227]},"properties":{"name":"清溪(3)","code":"3132017GW13010131","是否現":"現存","地下水":0,"countyCode":"10013"}},{"type":"Feature","id":"gwobwell_e.619","geometry":{"type":"Point","coordinates":[120.50635391,22.69819669]},"properties":{"name":"海豐(1)","code":"3132015GW09130311","是否現":"現存","地下水":1,"countyCode":"10013"}},{"type":"Feature","id":"gwobwell_e.620","geometry":{"type":"Point","coordinates":[120.50635391,22.69819669]},"properties":{"name":"海豐(2)","code":"3132015GW09130321","是否現":"現存","地下水":2,"countyCode":"10013"}},{"type":"Feature","id":"gwobwell_e.621","geometry":{"type":"Point","coordinates":[120.50635391,22.69819669]},"properties":{"name":"海豐(3)","code":"3132017GW13010231","是否現":"現存","地下水":3,"countyCode":"10013"}},{"type":"Feature","id":"gwobwell_e.622","geometry":{"type":"Point","coordinates":[120.54310831,22.53467592]},"properties":{"name":"潮州(1)","code":"3132017GW13020112","是否現":"現存","地下水":1,"countyCode":"10013"}},{"type":"Feature","id":"gwobwell_e.623","geometry":{"type":"Point","coordinates":[120.5431099,22.53467759]},"properties":{"name":"潮州(2)","code":"3132017GW13020122","是否現":"現存","地下水":0,"countyCode":"10013"}},{"type":"Feature","id":"gwobwell_e.624","geometry":{"type":"Point","coordinates":[120.49524158,22.45710097]},"properties":{"name":"大潭(1)","code":"3132017GW13030111","是否現":"現存","地下水":2,"countyCode":"10013"}},{"type":"Feature","id":"gwobwell_e.625","geometry":{"type":"Point","coordinates":[120.49522114,22.45716563]},"properties":{"name":"大潭(2)","code":"3132017GW13030121","是否現":"現存","地下水":0,"countyCode":"10013"}},{"type":"Feature","id":"gwobwell_e.626","geometry":{"type":"Point","coordinates":[120.45588812,22.4701341]},"properties":{"name":"東港(1)","code":"3132017GW13030211","是否現":"現存","地下水":1,"countyCode":"10013"}},{"type":"Feature","id":"gwobwell_e.627","geometry":{"type":"Point","coordinates":[120.45565013,22.46984231]},"properties":{"name":"東港(2)","code":"3132017GW13030221","是否現":"現存","地下水":2,"countyCode":"10013"}},{"type":"Feature","id":"gwobwell_e.628","geometry":{"type":"Point","coordinates":[120.45565208,22.4698434]},"properties":{"name":"東港(3)","code":"3132017GW13030231","是否現":"現存","地下水":0,"countyCode":"10013"}},{"type":"Feature","id":"gwobwell_e.629","geometry":{"type":"Point","coordinates":[120.45588716,22.4701326]},"properties":{"name":"東港(4)","code":"3132017GW13030241","是否現":"現存","地下水":0,"countyCode":"10013"}},{"type":"Feature","id":"gwobwell_e.630","geometry":{"type":"Point","coordinates":[120.74534286,22.00780401]},"properties":{"name":"僑勇","code":"3132017GW13040111","是否現":"現存","地下水":0,"countyCode":"10013"}},{"type":"Feature","id":"gwobwell_e.631","geometry":{"type":"Point","coordinates":[120.73484411,21.97043238]},"properties":{"name":"龍泉","code":"3132017GW13040211","是否現":"現存","地下水":0,"countyCode":"10013"}},{"type":"Feature","id":"gwobwell_e.632","geometry":{"type":"Point","coordinates":[120.72010878,22.02245703]},"properties":{"name":"大平(1)","code":"3132017GW13040311","是否現":"現存","地下水":0,"countyCode":"10013"}},{"type":"Feature","id":"gwobwell_e.633","geometry":{"type":"Point","coordinates":[120.72010782,22.02246024]},"properties":{"name":"大平(2)","code":"3132017GW13040321","是否現":"現存","地下水":0,"countyCode":"10013"}},{"type":"Feature","id":"gwobwell_e.634","geometry":{"type":"Point","coordinates":[120.48044871,22.56345221]},"properties":{"name":"新庄(1)","code":"3132017GW13050111","是否現":"現存","地下水":1,"countyCode":"10013"}},{"type":"Feature","id":"gwobwell_e.635","geometry":{"type":"Point","coordinates":[120.4804474,22.56345116]},"properties":{"name":"新庄(2)","code":"3132017GW13050121","是否現":"現存","地下水":2,"countyCode":"10013"}},{"type":"Feature","id":"gwobwell_e.636","geometry":{"type":"Point","coordinates":[120.48038391,22.56345433]},"properties":{"name":"新庄(3)","code":"3132017GW13050131","是否現":"現存","地下水":0,"countyCode":"10013"}},{"type":"Feature","id":"gwobwell_e.637","geometry":{"type":"Point","coordinates":[120.46950595,22.61433035]},"properties":{"name":"萬丹(1)","code":"3132017GW13050211","是否現":"現存","地下水":1,"countyCode":"10013"}},{"type":"Feature","id":"gwobwell_e.638","geometry":{"type":"Point","coordinates":[120.46947602,22.61433229]},"properties":{"name":"萬丹(2)","code":"3132017GW13050221","是否現":"現存","地下水":2,"countyCode":"10013"}},{"type":"Feature","id":"gwobwell_e.639","geometry":{"type":"Point","coordinates":[120.46950625,22.61441262]},"properties":{"name":"萬丹(3)","code":"3132017GW13050231","是否現":"現存","地下水":0,"countyCode":"10013"}},{"type":"Feature","id":"gwobwell_e.640","geometry":{"type":"Point","coordinates":[120.57225847,22.70332554]},"properties":{"name":"繁華(1)","code":"3132017GW13060111","是否現":"現存","地下水":1,"countyCode":"10013"}},{"type":"Feature","id":"gwobwell_e.641","geometry":{"type":"Point","coordinates":[120.57225985,22.70332432]},"properties":{"name":"繁華(2)","code":"3132017GW13060121","是否現":"現存","地下水":1,"countyCode":"10013"}},{"type":"Feature","id":"gwobwell_e.642","geometry":{"type":"Point","coordinates":[120.54233969,22.69368106]},"properties":{"name":"德協","code":"3132017GW13060211","是否現":"現存","地下水":1,"countyCode":"10013"}},{"type":"Feature","id":"gwobwell_e.643","geometry":{"type":"Point","coordinates":[120.52259592,22.64891561]},"properties":{"name":"麟洛(1)","code":"3132017GW13070111","是否現":"現存","地下水":1,"countyCode":"10013"}},{"type":"Feature","id":"gwobwell_e.644","geometry":{"type":"Point","coordinates":[120.52265236,22.64889015]},"properties":{"name":"麟洛(2)","code":"3132017GW13070121","是否現":"現存","地下水":2,"countyCode":"10013"}},{"type":"Feature","id":"gwobwell_e.645","geometry":{"type":"Point","coordinates":[120.52259592,22.64891561]},"properties":{"name":"麟洛(3)","code":"3132017GW13070131","是否現":"現存","地下水":3,"countyCode":"10013"}},{"type":"Feature","id":"gwobwell_e.646","geometry":{"type":"Point","coordinates":[120.52265236,22.64889015]},"properties":{"name":"麟洛(4)","code":"3132017GW13070141","是否現":"現存","地下水":4,"countyCode":"10013"}},{"type":"Feature","id":"gwobwell_e.647","geometry":{"type":"Point","coordinates":[120.48984621,22.73634653]},"properties":{"name":"九如(1)","code":"3132017GW13080111","是否現":"現存","地下水":2,"countyCode":"10013"}},{"type":"Feature","id":"gwobwell_e.648","geometry":{"type":"Point","coordinates":[120.48984372,22.73634697]},"properties":{"name":"九如(2)","code":"3132017GW13080121","是否現":"現存","地下水":0,"countyCode":"10013"}},{"type":"Feature","id":"gwobwell_e.649","geometry":{"type":"Point","coordinates":[120.50607554,22.8191382]},"properties":{"name":"土庫(1)","code":"3132017GW13090111","是否現":"現存","地下水":1,"countyCode":"10013"}},{"type":"Feature","id":"gwobwell_e.650","geometry":{"type":"Point","coordinates":[120.49686092,22.78210375]},"properties":{"name":"里港(1)","code":"3132017GW13090211","是否現":"現存","地下水":2,"countyCode":"10013"}},{"type":"Feature","id":"gwobwell_e.651","geometry":{"type":"Point","coordinates":[120.49689026,22.78201416]},"properties":{"name":"里港(2)","code":"3132017GW13090221","是否現":"現存","地下水":0,"countyCode":"10013"}},{"type":"Feature","id":"gwobwell_e.652","geometry":{"type":"Point","coordinates":[120.57506286,22.75394205]},"properties":{"name":"鹽埔(1)","code":"3132017GW13100111","是否現":"現存","地下水":1,"countyCode":"10013"}},{"type":"Feature","id":"gwobwell_e.653","geometry":{"type":"Point","coordinates":[120.57506309,22.75394008]},"properties":{"name":"鹽埔(2)","code":"3132017GW13100121","是否現":"現存","地下水":1,"countyCode":"10013"}},{"type":"Feature","id":"gwobwell_e.654","geometry":{"type":"Point","coordinates":[120.53191634,22.73891839]},"properties":{"name":"彭厝(1)","code":"3132017GW13100211","是否現":"現存","地下水":1,"countyCode":"10013"}},{"type":"Feature","id":"gwobwell_e.655","geometry":{"type":"Point","coordinates":[120.53191253,22.73892009]},"properties":{"name":"彭厝(2)","code":"3132017GW13100221","是否現":"現存","地下水":2,"countyCode":"10013"}},{"type":"Feature","id":"gwobwell_e.656","geometry":{"type":"Point","coordinates":[120.59922381,22.82754628]},"properties":{"name":"高樹(1)","code":"3132017GW13110111","是否現":"現存","地下水":1,"countyCode":"10013"}},{"type":"Feature","id":"gwobwell_e.657","geometry":{"type":"Point","coordinates":[120.59916182,22.82755238]},"properties":{"name":"高樹(2)","code":"3132017GW13110121","是否現":"現存","地下水":2,"countyCode":"10013"}},{"type":"Feature","id":"gwobwell_e.658","geometry":{"type":"Point","coordinates":[120.61059963,22.79041117]},"properties":{"name":"泰山(1)","code":"3132017GW13110211","是否現":"現存","地下水":1,"countyCode":"10013"}},{"type":"Feature","id":"gwobwell_e.659","geometry":{"type":"Point","coordinates":[120.61077082,22.7904641]},"properties":{"name":"泰山(2)","code":"3132017GW13110221","是否現":"現存","地下水":0,"countyCode":"10013"}},{"type":"Feature","id":"gwobwell_e.660","geometry":{"type":"Point","coordinates":[120.55850588,22.78510444]},"properties":{"name":"新南(1)","code":"3132017GW13110311","是否現":"現存","地下水":1,"countyCode":"10013"}},{"type":"Feature","id":"gwobwell_e.661","geometry":{"type":"Point","coordinates":[120.55850377,22.78510428]},"properties":{"name":"新南(2)","code":"3132017GW13110321","是否現":"現存","地下水":2,"countyCode":"10013"}},{"type":"Feature","id":"gwobwell_e.662","geometry":{"type":"Point","coordinates":[120.61716164,22.76487438]},"properties":{"name":"關福(1)","code":"3132017GW13110411","是否現":"現存","地下水":1,"countyCode":"10013"}},{"type":"Feature","id":"gwobwell_e.663","geometry":{"type":"Point","coordinates":[120.61716011,22.76487499]},"properties":{"name":"關福(2)","code":"3132017GW13110421","是否現":"現存","地下水":2,"countyCode":"10013"}},{"type":"Feature","id":"gwobwell_e.664","geometry":{"type":"Point","coordinates":[120.59483708,22.5718298]},"properties":{"name":"萬巒(1)","code":"3132017GW13120111","是否現":"現存","地下水":2,"countyCode":"10013"}},{"type":"Feature","id":"gwobwell_e.665","geometry":{"type":"Point","coordinates":[120.59474373,22.57181812]},"properties":{"name":"萬巒(2)","code":"3132017GW13120121","是否現":"現存","地下水":0,"countyCode":"10013"}},{"type":"Feature","id":"gwobwell_e.666","geometry":{"type":"Point","coordinates":[120.61413065,22.59098481]},"properties":{"name":"赤山(1)","code":"3132017GW13120211","是否現":"現存","地下水":1,"countyCode":"10013"}},{"type":"Feature","id":"gwobwell_e.667","geometry":{"type":"Point","coordinates":[120.6140267,22.59101916]},"properties":{"name":"赤山(2)","code":"3132017GW13120221","是否現":"現存","地下水":2,"countyCode":"10013"}},{"type":"Feature","id":"gwobwell_e.668","geometry":{"type":"Point","coordinates":[120.61412949,22.59098447]},"properties":{"name":"赤山(3)","code":"3132017GW13120231","是否現":"現存","地下水":0,"countyCode":"10013"}},{"type":"Feature","id":"gwobwell_e.669","geometry":{"type":"Point","coordinates":[120.56424766,22.66157568]},"properties":{"name":"建興(1)","code":"3132017GW13130111","是否現":"現存","地下水":1,"countyCode":"10013"}},{"type":"Feature","id":"gwobwell_e.670","geometry":{"type":"Point","coordinates":[120.56430682,22.66162815]},"properties":{"name":"建興(2)","code":"3132017GW13130121","是否現":"現存","地下水":1,"countyCode":"10013"}},{"type":"Feature","id":"gwobwell_e.671","geometry":{"type":"Point","coordinates":[120.56504803,22.60868106]},"properties":{"name":"內埔(1)","code":"3132017GW13130211","是否現":"現存","地下水":2,"countyCode":"10013"}},{"type":"Feature","id":"gwobwell_e.672","geometry":{"type":"Point","coordinates":[120.56511849,22.60864766]},"properties":{"name":"內埔(2)","code":"3132017GW13130221","是否現":"現存","地下水":0,"countyCode":"10013"}},{"type":"Feature","id":"gwobwell_e.673","geometry":{"type":"Point","coordinates":[120.59389061,22.6306738]},"properties":{"name":"老埤(1)","code":"3132017GW13130311","是否現":"現存","地下水":1,"countyCode":"10013"}},{"type":"Feature","id":"gwobwell_e.674","geometry":{"type":"Point","coordinates":[120.5938924,22.63067506]},"properties":{"name":"老埤(2)","code":"3132017GW13130321","是否現":"現存","地下水":2,"countyCode":"10013"}},{"type":"Feature","id":"gwobwell_e.675","geometry":{"type":"Point","coordinates":[120.52555938,22.62192859]},"properties":{"name":"西勢(1)","code":"3132017GW13140111","是否現":"現存","地下水":1,"countyCode":"10013"}},{"type":"Feature","id":"gwobwell_e.676","geometry":{"type":"Point","coordinates":[120.52547372,22.6219025]},"properties":{"name":"西勢(2)","code":"3132017GW13140121","是否現":"現存","地下水":2,"countyCode":"10013"}},{"type":"Feature","id":"gwobwell_e.677","geometry":{"type":"Point","coordinates":[120.52547492,22.62190096]},"properties":{"name":"西勢(3)","code":"3132017GW13140131","是否現":"現存","地下水":0,"countyCode":"10013"}},{"type":"Feature","id":"gwobwell_e.678","geometry":{"type":"Point","coordinates":[120.52555806,22.62192944]},"properties":{"name":"西勢(4)","code":"3132017GW13140141","是否現":"現存","地下水":0,"countyCode":"10013"}},{"type":"Feature","id":"gwobwell_e.679","geometry":{"type":"Point","coordinates":[120.52506322,22.57480584]},"properties":{"name":"大湖(1)","code":"3132017GW13140211","是否現":"現存","地下水":1,"countyCode":"10013"}},{"type":"Feature","id":"gwobwell_e.680","geometry":{"type":"Point","coordinates":[120.52507524,22.57485832]},"properties":{"name":"大湖(2)","code":"3132017GW13140221","是否現":"現存","地下水":2,"countyCode":"10013"}},{"type":"Feature","id":"gwobwell_e.681","geometry":{"type":"Point","coordinates":[120.52506127,22.57480776]},"properties":{"name":"大湖(3)","code":"3132017GW13140231","是否現":"現存","地下水":0,"countyCode":"10013"}},{"type":"Feature","id":"gwobwell_e.682","geometry":{"type":"Point","coordinates":[120.52507408,22.57486046]},"properties":{"name":"大湖(4)","code":"3132017GW13140241","是否現":"現存","地下水":0,"countyCode":"10013"}},{"type":"Feature","id":"gwobwell_e.683","geometry":{"type":"Point","coordinates":[120.55032254,22.47068755]},"properties":{"name":"新埤(1)","code":"3132017GW13150111","是否現":"現存","地下水":1,"countyCode":"10013"}},{"type":"Feature","id":"gwobwell_e.684","geometry":{"type":"Point","coordinates":[120.55032149,22.47068882]},"properties":{"name":"新埤(2)","code":"3132017GW13150121","是否現":"現存","地下水":0,"countyCode":"10013"}},{"type":"Feature","id":"gwobwell_e.685","geometry":{"type":"Point","coordinates":[120.55031802,22.47079587]},"properties":{"name":"新埤(3)","code":"3132017GW13150131","是否現":"現存","地下水":0,"countyCode":"10013"}},{"type":"Feature","id":"gwobwell_e.686","geometry":{"type":"Point","coordinates":[120.55031654,22.47079479]},"properties":{"name":"新埤(4)","code":"3132017GW13150141","是否現":"現存","地下水":0,"countyCode":"10013"}},{"type":"Feature","id":"gwobwell_e.687","geometry":{"type":"Point","coordinates":[120.588189,22.5083919]},"properties":{"name":"萬隆(1)","code":"3132017GW13150211","是否現":"現存","地下水":1,"countyCode":"10013"}},{"type":"Feature","id":"gwobwell_e.688","geometry":{"type":"Point","coordinates":[120.58818962,22.50839331]},"properties":{"name":"萬隆(2)","code":"3132017GW13150221","是否現":"現存","地下水":0,"countyCode":"10013"}},{"type":"Feature","id":"gwobwell_e.689","geometry":{"type":"Point","coordinates":[120.6006448,22.44677305]},"properties":{"name":"大嚮(1)","code":"3132017GW13150311","是否現":"現存","地下水":1,"countyCode":"10013"}},{"type":"Feature","id":"gwobwell_e.690","geometry":{"type":"Point","coordinates":[120.60064288,22.44677363]},"properties":{"name":"大嚮(2)","code":"3132017GW13150321","是否現":"現存","地下水":2,"countyCode":"10013"}},{"type":"Feature","id":"gwobwell_e.691","geometry":{"type":"Point","coordinates":[120.60683344,22.47762482]},"properties":{"name":"餉潭(1)","code":"3132017GW13150411","是否現":"現存","地下水":1,"countyCode":"10013"}},{"type":"Feature","id":"gwobwell_e.692","geometry":{"type":"Point","coordinates":[120.60683163,22.4776254]},"properties":{"name":"餉潭(2)","code":"3132017GW13150421","是否現":"現存","地下水":2,"countyCode":"10013"}},{"type":"Feature","id":"gwobwell_e.693","geometry":{"type":"Point","coordinates":[120.59490342,22.40921209]},"properties":{"name":"枋寮(1)","code":"3132017GW13160211","是否現":"現存","地下水":1,"countyCode":"10013"}},{"type":"Feature","id":"gwobwell_e.694","geometry":{"type":"Point","coordinates":[120.59490293,22.40921429]},"properties":{"name":"枋寮(2)","code":"3132017GW13160221","是否現":"現存","地下水":0,"countyCode":"10013"}},{"type":"Feature","id":"gwobwell_e.695","geometry":{"type":"Point","coordinates":[120.54974237,22.39621453]},"properties":{"name":"大庄(1)","code":"3132017GW13160311","是否現":"現存","地下水":1,"countyCode":"10013"}},{"type":"Feature","id":"gwobwell_e.696","geometry":{"type":"Point","coordinates":[120.5496706,22.3962846]},"properties":{"name":"大庄(2)","code":"3132017GW13160321","是否現":"現存","地下水":0,"countyCode":"10013"}},{"type":"Feature","id":"gwobwell_e.697","geometry":{"type":"Point","coordinates":[120.58968254,22.36936263]},"properties":{"name":"德興(1)","code":"3132017GW13160411","是否現":"現存","地下水":1,"countyCode":"10013"}},{"type":"Feature","id":"gwobwell_e.698","geometry":{"type":"Point","coordinates":[120.58973461,22.36926975]},"properties":{"name":"德興(2)","code":"3132017GW13160421","是否現":"現存","地下水":2,"countyCode":"10013"}},{"type":"Feature","id":"gwobwell_e.699","geometry":{"type":"Point","coordinates":[120.5896825,22.36936094]},"properties":{"name":"德興(3)","code":"3132017GW13160431","是否現":"現存","地下水":0,"countyCode":"10013"}},{"type":"Feature","id":"gwobwell_e.700","geometry":{"type":"Point","coordinates":[120.45173876,22.52321495]},"properties":{"name":"新園(1)","code":"3132017GW13170111","是否現":"現存","地下水":1,"countyCode":"10013"}},{"type":"Feature","id":"gwobwell_e.701","geometry":{"type":"Point","coordinates":[120.45173703,22.52321551]},"properties":{"name":"新園(2)","code":"3132017GW13170121","是否現":"現存","地下水":0,"countyCode":"10013"}},{"type":"Feature","id":"gwobwell_e.702","geometry":{"type":"Point","coordinates":[120.51249443,22.5145516]},"properties":{"name":"崁頂(1)","code":"3132017GW13180111","是否現":"現存","地下水":1,"countyCode":"10013"}},{"type":"Feature","id":"gwobwell_e.703","geometry":{"type":"Point","coordinates":[120.51246867,22.51458583]},"properties":{"name":"崁頂(2)","code":"3132017GW13180121","是否現":"現存","地下水":0,"countyCode":"10013"}},{"type":"Feature","id":"gwobwell_e.704","geometry":{"type":"Point","coordinates":[120.51249473,22.51454657]},"properties":{"name":"崁頂(3)","code":"3132017GW13180131","是否現":"現存","地下水":0,"countyCode":"10013"}},{"type":"Feature","id":"gwobwell_e.705","geometry":{"type":"Point","coordinates":[120.48145397,22.50926835]},"properties":{"name":"港東(1)","code":"3132017GW13180211","是否現":"現存","地下水":1,"countyCode":"10013"}},{"type":"Feature","id":"gwobwell_e.706","geometry":{"type":"Point","coordinates":[120.48147297,22.50917297]},"properties":{"name":"港東(2)","code":"3132017GW13180221","是否現":"現存","地下水":2,"countyCode":"10013"}},{"type":"Feature","id":"gwobwell_e.707","geometry":{"type":"Point","coordinates":[120.48145407,22.50927017]},"properties":{"name":"港東(3)","code":"3132017GW13180231","是否現":"現存","地下水":0,"countyCode":"10013"}},{"type":"Feature","id":"gwobwell_e.708","geometry":{"type":"Point","coordinates":[120.48147303,22.50917464]},"properties":{"name":"港東(4)","code":"3132017GW13180241","是否現":"現存","地下水":0,"countyCode":"10013"}},{"type":"Feature","id":"gwobwell_e.709","geometry":{"type":"Point","coordinates":[120.49454074,22.42521891]},"properties":{"name":"崎峰(1)","code":"3132017GW13190111","是否現":"現存","地下水":1,"countyCode":"10013"}},{"type":"Feature","id":"gwobwell_e.710","geometry":{"type":"Point","coordinates":[120.49454307,22.42521749]},"properties":{"name":"崎峰(2)","code":"3132017GW13190121","是否現":"現存","地下水":3,"countyCode":"10013"}},{"type":"Feature","id":"gwobwell_e.711","geometry":{"type":"Point","coordinates":[120.49444914,22.42525804]},"properties":{"name":"崎峰(3)","code":"3132017GW13190131","是否現":"現存","地下水":0,"countyCode":"10013"}},{"type":"Feature","id":"gwobwell_e.712","geometry":{"type":"Point","coordinates":[120.49444652,22.42525897]},"properties":{"name":"崎峰(4)","code":"3132017GW13190141","是否現":"現存","地下水":0,"countyCode":"10013"}},{"type":"Feature","id":"gwobwell_e.713","geometry":{"type":"Point","coordinates":[120.52673338,22.40849298]},"properties":{"name":"塭豐(1)","code":"3132017GW13210111","是否現":"現存","地下水":1,"countyCode":"10013"}},{"type":"Feature","id":"gwobwell_e.714","geometry":{"type":"Point","coordinates":[120.52673196,22.40849572]},"properties":{"name":"塭豐(2)","code":"3132017GW13210121","是否現":"現存","地下水":0,"countyCode":"10013"}},{"type":"Feature","id":"gwobwell_e.715","geometry":{"type":"Point","coordinates":[120.7114125,22.05555761]},"properties":{"name":"射寮(1)","code":"3132017GW13230111","是否現":"現存","地下水":0,"countyCode":"10013"}},{"type":"Feature","id":"gwobwell_e.716","geometry":{"type":"Point","coordinates":[120.71143218,22.05548394]},"properties":{"name":"射寮(2)","code":"3132017GW13230121","是否現":"現存","地下水":0,"countyCode":"10013"}},{"type":"Feature","id":"gwobwell_e.717","geometry":{"type":"Point","coordinates":[120.71141239,22.0555592]},"properties":{"name":"射寮(3)","code":"3132017GW13230131","是否現":"現存","地下水":0,"countyCode":"10013"}},{"type":"Feature","id":"gwobwell_e.718","geometry":{"type":"Point","coordinates":[120.71577383,22.07552291]},"properties":{"name":"車城","code":"3132017GW13230211","是否現":"現存","地下水":0,"countyCode":"10013"}},{"type":"Feature","id":"gwobwell_e.719","geometry":{"type":"Point","coordinates":[120.62111891,22.33098694]},"properties":{"name":"枋山(1)","code":"3132017GW13250111","是否現":"現存","地下水":1,"countyCode":"10013"}},{"type":"Feature","id":"gwobwell_e.720","geometry":{"type":"Point","coordinates":[120.60871886,22.70194951]},"properties":{"name":"瑪家(1)","code":"3132017GW13280111","是否現":"現存","地下水":1,"countyCode":"10013"}},{"type":"Feature","id":"gwobwell_e.721","geometry":{"type":"Point","coordinates":[120.60876814,22.70189925]},"properties":{"name":"瑪家(2)","code":"3132017GW13280121","是否現":"現存","地下水":2,"countyCode":"10013"}},{"type":"Feature","id":"gwobwell_e.722","geometry":{"type":"Point","coordinates":[120.60872057,22.70194903]},"properties":{"name":"瑪家(3)","code":"3132017GW13280131","是否現":"現存","地下水":0,"countyCode":"10013"}},{"type":"Feature","id":"gwobwell_e.723","geometry":{"type":"Point","coordinates":[120.35613205,22.51474097]},"properties":{"name":"鳳鳴(1)","code":"3132016GW64110111","是否現":"現存","地下水":1,"countyCode":"64000"}},{"type":"Feature","id":"gwobwell_e.724","geometry":{"type":"Point","coordinates":[121.11815025,22.76008539]},"properties":{"name":"康樂","code":"3132018GW14010111","是否現":"現存","地下水":1,"countyCode":"10014"}},{"type":"Feature","id":"gwobwell_e.725","geometry":{"type":"Point","coordinates":[121.08984611,22.77205897]},"properties":{"name":"豐田","code":"3132018GW14010211","是否現":"現存","地下水":2,"countyCode":"10014"}},{"type":"Feature","id":"gwobwell_e.726","geometry":{"type":"Point","coordinates":[121.1218068,22.73655606]},"properties":{"name":"豐里(1)","code":"3132018GW14010311","是否現":"現存","地下水":1,"countyCode":"10014"}},{"type":"Feature","id":"gwobwell_e.727","geometry":{"type":"Point","coordinates":[121.12180922,22.7365572]},"properties":{"name":"豐里(2)","code":"3132018GW14010321","是否現":"現存","地下水":2,"countyCode":"10014"}},{"type":"Feature","id":"gwobwell_e.728","geometry":{"type":"Point","coordinates":[121.15254346,22.74667201]},"properties":{"name":"復興","code":"3132018GW14010411","是否現":"現存","地下水":1,"countyCode":"10014"}},{"type":"Feature","id":"gwobwell_e.729","geometry":{"type":"Point","coordinates":[121.15435745,22.77207794]},"properties":{"name":"台東大堤(1)","code":"3132018GW14010511","是否現":"現存","地下水":1,"countyCode":"10014"}},{"type":"Feature","id":"gwobwell_e.730","geometry":{"type":"Point","coordinates":[121.15435745,22.77207794]},"properties":{"name":"台東大堤(2)","code":"3132018GW14010521","是否現":"現存","地下水":2,"countyCode":"10014"}},{"type":"Feature","id":"gwobwell_e.731","geometry":{"type":"Point","coordinates":[121.37220257,23.1015212]},"properties":{"name":"三民","code":"3132018GW14020111","是否現":"現存","地下水":1,"countyCode":"10014"}},{"type":"Feature","id":"gwobwell_e.732","geometry":{"type":"Point","coordinates":[121.16462872,23.04971835]},"properties":{"name":"關山","code":"3132018GW14030111","是否現":"現存","地下水":1,"countyCode":"10014"}},{"type":"Feature","id":"gwobwell_e.733","geometry":{"type":"Point","coordinates":[121.14900528,23.00890389]},"properties":{"name":"月眉","code":"3132018GW14030211","是否現":"現存","地下水":1,"countyCode":"10014"}},{"type":"Feature","id":"gwobwell_e.734","geometry":{"type":"Point","coordinates":[121.09120332,22.85978207]},"properties":{"name":"初鹿(1)","code":"3132018GW14040111","是否現":"現存","地下水":1,"countyCode":"10014"}},{"type":"Feature","id":"gwobwell_e.735","geometry":{"type":"Point","coordinates":[121.09120332,22.85978207]},"properties":{"name":"初鹿(2)","code":"3132018GW14040121","是否現":"現存","地下水":2,"countyCode":"10014"}},{"type":"Feature","id":"gwobwell_e.736","geometry":{"type":"Point","coordinates":[121.15578985,22.95687027]},"properties":{"name":"瑞源","code":"3132018GW14050111","是否現":"現存","地下水":1,"countyCode":"10014"}},{"type":"Feature","id":"gwobwell_e.737","geometry":{"type":"Point","coordinates":[121.12350611,22.9054173]},"properties":{"name":"龍田(1)","code":"3132018GW14050211","是否現":"現存","地下水":1,"countyCode":"10014"}},{"type":"Feature","id":"gwobwell_e.738","geometry":{"type":"Point","coordinates":[121.12350611,22.9054173]},"properties":{"name":"龍田(2)","code":"3132018GW14050221","是否現":"現存","地下水":2,"countyCode":"10014"}},{"type":"Feature","id":"gwobwell_e.739","geometry":{"type":"Point","coordinates":[121.20541813,23.11628954]},"properties":{"name":"池上","code":"3132018GW14060111","是否現":"現存","地下水":1,"countyCode":"10014"}},{"type":"Feature","id":"gwobwell_e.740","geometry":{"type":"Point","coordinates":[121.21864172,23.09593463]},"properties":{"name":"萬安","code":"3132018GW14060211","是否現":"現存","地下水":1,"countyCode":"10014"}},{"type":"Feature","id":"gwobwell_e.741","geometry":{"type":"Point","coordinates":[121.22727734,22.87710246]},"properties":{"name":"都蘭","code":"3132018GW14070111","是否現":"現存","地下水":1,"countyCode":"10014"}},{"type":"Feature","id":"gwobwell_e.742","geometry":{"type":"Point","coordinates":[121.30472437,22.97116588]},"properties":{"name":"東河","code":"3132018GW14070211","是否現":"現存","地下水":1,"countyCode":"10014"}},{"type":"Feature","id":"gwobwell_e.743","geometry":{"type":"Point","coordinates":[121.00313009,22.61263647]},"properties":{"name":"大王","code":"3132018GW14090111","是否現":"現存","地下水":1,"countyCode":"10014"}},{"type":"Feature","id":"gwobwell_e.744","geometry":{"type":"Point","coordinates":[121.04508414,22.68770392]},"properties":{"name":"美和","code":"3132018GW14090211","是否現":"現存","地下水":1,"countyCode":"10014"}},{"type":"Feature","id":"gwobwell_e.745","geometry":{"type":"Point","coordinates":[121.61311417,23.97525694]},"properties":{"name":"花崗山","code":"3132019GW15010111","是否現":"現存","地下水":1,"countyCode":"10015"}},{"type":"Feature","id":"gwobwell_e.746","geometry":{"type":"Point","coordinates":[121.58744377,23.99564032]},"properties":{"name":"慈濟(1)","code":"3132019GW15010211","是否現":"現存","地下水":1,"countyCode":"10015"}},{"type":"Feature","id":"gwobwell_e.747","geometry":{"type":"Point","coordinates":[121.58744152,23.99564093]},"properties":{"name":"慈濟(2)","code":"3132019GW15010221","是否現":"現存","地下水":2,"countyCode":"10015"}},{"type":"Feature","id":"gwobwell_e.748","geometry":{"type":"Point","coordinates":[121.61845232,24.00716088]},"properties":{"name":"府前(1)","code":"3132019GW15010311","是否現":"現存","地下水":1,"countyCode":"10015"}},{"type":"Feature","id":"gwobwell_e.749","geometry":{"type":"Point","coordinates":[121.61845232,24.00716088]},"properties":{"name":"府前(2)","code":"3132019GW15010321","是否現":"現存","地下水":2,"countyCode":"10015"}},{"type":"Feature","id":"gwobwell_e.750","geometry":{"type":"Point","coordinates":[121.46726546,23.75493555]},"properties":{"name":"大榮","code":"3132019GW15020111","是否現":"現存","地下水":1,"countyCode":"10015"}},{"type":"Feature","id":"gwobwell_e.751","geometry":{"type":"Point","coordinates":[121.42001088,23.70852166]},"properties":{"name":"長橋","code":"3132019GW15020211","是否現":"現存","地下水":1,"countyCode":"10015"}},{"type":"Feature","id":"gwobwell_e.752","geometry":{"type":"Point","coordinates":[121.44590373,23.7429743]},"properties":{"name":"鳳林(1)","code":"3132019GW15020311","是否現":"現存","地下水":1,"countyCode":"10015"}},{"type":"Feature","id":"gwobwell_e.753","geometry":{"type":"Point","coordinates":[121.44590373,23.7429743]},"properties":{"name":"鳳林(2)","code":"3132019GW15020321","是否現":"現存","地下水":2,"countyCode":"10015"}},{"type":"Feature","id":"gwobwell_e.754","geometry":{"type":"Point","coordinates":[121.31655956,23.32512825]},"properties":{"name":"中城","code":"3132019GW15030111","是否現":"現存","地下水":1,"countyCode":"10015"}},{"type":"Feature","id":"gwobwell_e.755","geometry":{"type":"Point","coordinates":[121.34820253,23.43094226]},"properties":{"name":"民北(1)","code":"3132019GW15030211","是否現":"現存","地下水":1,"countyCode":"10015"}},{"type":"Feature","id":"gwobwell_e.756","geometry":{"type":"Point","coordinates":[121.34820253,23.43094226]},"properties":{"name":"民北(2)","code":"3132019GW15030221","是否現":"現存","地下水":2,"countyCode":"10015"}},{"type":"Feature","id":"gwobwell_e.757","geometry":{"type":"Point","coordinates":[121.65078202,24.12757024]},"properties":{"name":"新城","code":"3132019GW15040111","是否現":"現存","地下水":1,"countyCode":"10015"}},{"type":"Feature","id":"gwobwell_e.758","geometry":{"type":"Point","coordinates":[121.60605397,24.03203325]},"properties":{"name":"北埔(1)","code":"3132019GW15040211","是否現":"現存","地下水":1,"countyCode":"10015"}},{"type":"Feature","id":"gwobwell_e.759","geometry":{"type":"Point","coordinates":[121.60605259,24.03203492]},"properties":{"name":"北埔(2)","code":"3132019GW15040221","是否現":"現存","地下水":2,"countyCode":"10015"}},{"type":"Feature","id":"gwobwell_e.760","geometry":{"type":"Point","coordinates":[121.54763891,23.94602576]},"properties":{"name":"南華","code":"3132019GW15050111","是否現":"現存","地下水":1,"countyCode":"10015"}},{"type":"Feature","id":"gwobwell_e.761","geometry":{"type":"Point","coordinates":[121.54784729,23.88671445]},"properties":{"name":"吳全(1)","code":"3132019GW15060111","是否現":"現存","地下水":1,"countyCode":"10015"}},{"type":"Feature","id":"gwobwell_e.762","geometry":{"type":"Point","coordinates":[121.54784693,23.88671713]},"properties":{"name":"吳全(2)","code":"3132019GW15060121","是否現":"現存","地下水":2,"countyCode":"10015"}},{"type":"Feature","id":"gwobwell_e.763","geometry":{"type":"Point","coordinates":[121.50839646,23.8420121]},"properties":{"name":"壽豐(1)","code":"3132019GW15060211","是否現":"現存","地下水":1,"countyCode":"10015"}},{"type":"Feature","id":"gwobwell_e.764","geometry":{"type":"Point","coordinates":[121.50839646,23.8420121]},"properties":{"name":"壽豐(2)","code":"3132019GW15060221","是否現":"現存","地下水":2,"countyCode":"10015"}},{"type":"Feature","id":"gwobwell_e.765","geometry":{"type":"Point","coordinates":[121.39028752,23.607531]},"properties":{"name":"大富","code":"3132019GW15070111","是否現":"現存","地下水":1,"countyCode":"10015"}},{"type":"Feature","id":"gwobwell_e.766","geometry":{"type":"Point","coordinates":[121.44808019,23.66057272]},"properties":{"name":"太巴塱(1)","code":"3132019GW15070211","是否現":"現存","地下水":1,"countyCode":"10015"}},{"type":"Feature","id":"gwobwell_e.767","geometry":{"type":"Point","coordinates":[121.44808019,23.66057272]},"properties":{"name":"太巴塱(2)","code":"3132019GW15070221","是否現":"現存","地下水":2,"countyCode":"10015"}},{"type":"Feature","id":"gwobwell_e.768","geometry":{"type":"Point","coordinates":[121.37538806,23.49730316]},"properties":{"name":"瑞穗(1)","code":"3132019GW15090111","是否現":"現存","地下水":1,"countyCode":"10015"}},{"type":"Feature","id":"gwobwell_e.769","geometry":{"type":"Point","coordinates":[121.37539005,23.49730674]},"properties":{"name":"瑞穗(2)","code":"3132019GW15090121","是否現":"現存","地下水":2,"countyCode":"10015"}},{"type":"Feature","id":"gwobwell_e.770","geometry":{"type":"Point","coordinates":[121.39068496,23.52255793]},"properties":{"name":"鶴岡(1)","code":"3132012GW05090111","是否現":"現存","地下水":1,"countyCode":"10015"}},{"type":"Feature","id":"gwobwell_e.771","geometry":{"type":"Point","coordinates":[121.39068496,23.52255793]},"properties":{"name":"鶴岡(2)","code":"3132012GW05090121","是否現":"現存","地下水":2,"countyCode":"10015"}},{"type":"Feature","id":"gwobwell_e.772","geometry":{"type":"Point","coordinates":[121.37566842,23.57884947]},"properties":{"name":"富源","code":"3132019GW15090311","是否現":"現存","地下水":1,"countyCode":"10015"}},{"type":"Feature","id":"gwobwell_e.773","geometry":{"type":"Point","coordinates":[121.27918641,23.21405182]},"properties":{"name":"東竹(1)","code":"3132019GW15100111","是否現":"現存","地下水":1,"countyCode":"10015"}},{"type":"Feature","id":"gwobwell_e.774","geometry":{"type":"Point","coordinates":[121.27918641,23.21405182]},"properties":{"name":"東竹(2)","code":"3132019GW15100121","是否現":"現存","地下水":2,"countyCode":"10015"}},{"type":"Feature","id":"gwobwell_e.775","geometry":{"type":"Point","coordinates":[121.2277116,23.15473465]},"properties":{"name":"學田(1)","code":"3132019GW15100211","是否現":"現存","地下水":1,"countyCode":"10015"}},{"type":"Feature","id":"gwobwell_e.776","geometry":{"type":"Point","coordinates":[121.2277116,23.15473465]},"properties":{"name":"學田(2)","code":"3132019GW15100221","是否現":"現存","地下水":2,"countyCode":"10015"}},{"type":"Feature","id":"gwobwell_e.777","geometry":{"type":"Point","coordinates":[121.4446504,24.99283341]},"properties":{"name":"十工處(1)","code":"3132020GW01010211","是否現":"現存","地下水":1,"countyCode":"65000"}},{"type":"Feature","id":"gwobwell_e.778","geometry":{"type":"Point","coordinates":[121.44464807,24.99283244]},"properties":{"name":"十工處(2)","code":"3132020GW01010221","是否現":"現存","地下水":2,"countyCode":"65000"}},{"type":"Feature","id":"gwobwell_e.779","geometry":{"type":"Point","coordinates":[121.47031325,25.02042915]},"properties":{"name":"莊敬(1)","code":"3132020GW01010311","是否現":"現存","地下水":1,"countyCode":"65000"}},{"type":"Feature","id":"gwobwell_e.780","geometry":{"type":"Point","coordinates":[121.47031531,25.02043104]},"properties":{"name":"莊敬(2)","code":"3132020GW01010321","是否現":"現存","地下水":2,"countyCode":"65000"}},{"type":"Feature","id":"gwobwell_e.781","geometry":{"type":"Point","coordinates":[121.46330632,25.00779632]},"properties":{"name":"板橋(s)","code":"3132020GW010111R1","是否現":"現存","地下水":2,"countyCode":"65000"}},{"type":"Feature","id":"gwobwell_e.782","geometry":{"type":"Point","coordinates":[121.48811106,25.06061099]},"properties":{"name":"三重(s)","code":"3132020GW010211T1","是否現":"現存","地下水":1,"countyCode":"65000"}},{"type":"Feature","id":"gwobwell_e.783","geometry":{"type":"Point","coordinates":[121.50024785,25.00031232]},"properties":{"name":"中和(s)","code":"3132020GW010311R2","是否現":"現存","地下水":0,"countyCode":"65000"}},{"type":"Feature","id":"gwobwell_e.784","geometry":{"type":"Point","coordinates":[121.50525952,25.01131461]},"properties":{"name":"永和(1)","code":"3132020GW01040111","是否現":"現存","地下水":1,"countyCode":"65000"}},{"type":"Feature","id":"gwobwell_e.785","geometry":{"type":"Point","coordinates":[121.50526198,25.01131512]},"properties":{"name":"永和(2)","code":"3132020GW01040121","是否現":"現存","地下水":1,"countyCode":"65000"}},{"type":"Feature","id":"gwobwell_e.786","geometry":{"type":"Point","coordinates":[121.44664845,25.04093157]},"properties":{"name":"新莊(1)","code":"3132020GW01050111","是否現":"現存","地下水":1,"countyCode":"65000"}},{"type":"Feature","id":"gwobwell_e.787","geometry":{"type":"Point","coordinates":[121.44665047,25.04093055]},"properties":{"name":"新莊(2)","code":"3132020GW01050121","是否現":"現存","地下水":2,"countyCode":"65000"}},{"type":"Feature","id":"gwobwell_e.788","geometry":{"type":"Point","coordinates":[121.52275141,24.98225767]},"properties":{"name":"清溪","code":"3132020GW01060111","是否現":"現存","地下水":1,"countyCode":"65000"}},{"type":"Feature","id":"gwobwell_e.789","geometry":{"type":"Point","coordinates":[121.39326565,24.96784733]},"properties":{"name":"柑園","code":"3132020GW01070111","是否現":"現存","地下水":1,"countyCode":"65000"}},{"type":"Feature","id":"gwobwell_e.790","geometry":{"type":"Point","coordinates":[121.42592272,24.98084543]},"properties":{"name":"省民","code":"3132020GW01070211","是否現":"現存","地下水":1,"countyCode":"65000"}},{"type":"Feature","id":"gwobwell_e.791","geometry":{"type":"Point","coordinates":[121.46466976,25.08866959]},"properties":{"name":"蘆洲(1)","code":"3132020GW01140111","是否現":"現存","地下水":1,"countyCode":"65000"}},{"type":"Feature","id":"gwobwell_e.792","geometry":{"type":"Point","coordinates":[121.46467198,25.08866953]},"properties":{"name":"蘆洲(2)","code":"3132020GW01140121","是否現":"現存","地下水":2,"countyCode":"65000"}},{"type":"Feature","id":"gwobwell_e.793","geometry":{"type":"Point","coordinates":[121.44605057,25.06894948]},"properties":{"name":"五股(1)","code":"3132020GW01150111","是否現":"現存","地下水":1,"countyCode":"65000"}},{"type":"Feature","id":"gwobwell_e.794","geometry":{"type":"Point","coordinates":[121.44605078,25.06894618]},"properties":{"name":"五股(2)","code":"3132020GW01150121","是否現":"現存","地下水":2,"countyCode":"65000"}},{"type":"Feature","id":"gwobwell_e.795","geometry":{"type":"Point","coordinates":[121.44604802,25.0689462]},"properties":{"name":"五股(3)","code":"3132020GW01150131","是否現":"現存","地下水":2,"countyCode":"65000"}},{"type":"Feature","id":"gwobwell_e.796","geometry":{"type":"Point","coordinates":[121.55798056,25.03865212]},"properties":{"name":"國父紀念館","code":"3132020GW630111M1","是否現":"現存","地下水":2,"countyCode":"63000"}},{"type":"Feature","id":"gwobwell_e.797","geometry":{"type":"Point","coordinates":[121.54204564,25.01626253]},"properties":{"name":"台大(1)","code":"3132020GW63030111","是否現":"現存","地下水":1,"countyCode":"63000"}},{"type":"Feature","id":"gwobwell_e.798","geometry":{"type":"Point","coordinates":[121.54204727,25.01626378]},"properties":{"name":"台大(2)","code":"3132020GW63030121","是否現":"現存","地下水":2,"countyCode":"63000"}},{"type":"Feature","id":"gwobwell_e.799","geometry":{"type":"Point","coordinates":[121.54856975,25.02553769]},"properties":{"name":"敦化南路","code":"3132020GW630312M1","是否現":"現存","地下水":2,"countyCode":"63000"}},{"type":"Feature","id":"gwobwell_e.800","geometry":{"type":"Point","coordinates":[121.52974899,25.07108487]},"properties":{"name":"新生公園","code":"3132020GW63040111","是否現":"現存","地下水":2,"countyCode":"63000"}},{"type":"Feature","id":"gwobwell_e.801","geometry":{"type":"Point","coordinates":[121.51214134,25.06433091]},"properties":{"name":"大橋國小","code":"3132020GW630611M1","是否現":"現存","地下水":2,"countyCode":"63000"}},{"type":"Feature","id":"gwobwell_e.802","geometry":{"type":"Point","coordinates":[121.50439298,25.02026842]},"properties":{"name":"青年公園","code":"3132020GW63070111","是否現":"現存","地下水":2,"countyCode":"63000"}},{"type":"Feature","id":"gwobwell_e.803","geometry":{"type":"Point","coordinates":[121.49975503,25.10721244]},"properties":{"name":"北投(1)","code":"3132020GW63120111","是否現":"現存","地下水":1,"countyCode":"63000"}},{"type":"Feature","id":"gwobwell_e.804","geometry":{"type":"Point","coordinates":[121.4997547,25.10721476]},"properties":{"name":"北投(2)","code":"3132020GW63120121","是否現":"現存","地下水":2,"countyCode":"63000"}}]}