{"type":"FeatureCollection","features":[{"type":"Feature","id":"三民003","geometry":{"type":"Point","coordinates":[120.293719,22.638822]},"properties":{"name":"榕樹","code":"三民003","county":"高雄市","address":"高雄市三民區三德西街90巷8號之2左側旁(三塊厝火車站)","land_parcel":"中華段2小段672-6地號","_featureId":"三民003","countyCodes":["64000"]}},{"type":"Feature","id":"三民004","geometry":{"type":"Point","coordinates":[120.310414,22.638651]},"properties":{"name":"木麻黃","code":"三民004","county":"高雄市","address":"高雄市三民區大港街100號","land_parcel":"雄中段30地號","_featureId":"三民004","countyCodes":["64000"]}},{"type":"Feature","id":"三民005","geometry":{"type":"Point","coordinates":[120.310414,22.638804]},"properties":{"name":"榕樹","code":"三民005","county":"高雄市","address":"高雄市三民區大港街100號","land_parcel":"雄中段30地號","_featureId":"三民005","countyCodes":["64000"]}},{"type":"Feature","id":"三民006","geometry":{"type":"Point","coordinates":[120.286236,22.635339]},"properties":{"name":"榕樹","code":"三民006","county":"高雄市","address":"高雄市三民區市中一路395號旁公園內","land_parcel":"中都段4小段421-7地號","_featureId":"三民006","countyCodes":["64000"]}},{"type":"Feature","id":"三民007","geometry":{"type":"Point","coordinates":[120.288956,22.634259]},"properties":{"name":"印度菩提樹","code":"三民007","county":"高雄市","address":"高雄市三民區中庸街11巷22號","land_parcel":"河濱段372地號","_featureId":"三民007","countyCodes":["64000"]}},{"type":"Feature","id":"三民008","geometry":{"type":"Point","coordinates":[120.289079,22.644401]},"properties":{"name":"榕樹","code":"三民008","county":"高雄市","address":"高雄市三民區德勝街與德旺街之交叉口之榕樹公園","land_parcel":"新都段322地號","_featureId":"三民008","countyCodes":["64000"]}},{"type":"Feature","id":"三民012","geometry":{"type":"Point","coordinates":[120.297933,22.638516]},"properties":{"name":"樟樹","code":"三民012","county":"高雄市","address":"高雄市三民區建國三路50號","land_parcel":"三塊厝段1小段159地號","_featureId":"三民012","countyCodes":["64000"]}},{"type":"Feature","id":"三民015","geometry":{"type":"Point","coordinates":[120.297668,22.638912]},"properties":{"name":"瓊崖海棠","code":"三民015","county":"高雄市","address":"高雄市三民區建國三路50號","land_parcel":"三塊厝段1小段159地號","_featureId":"三民015","countyCodes":["64000"]}},{"type":"Feature","id":"三民016","geometry":{"type":"Point","coordinates":[120.297668,22.638957]},"properties":{"name":"瓊崖海棠","code":"三民016","county":"高雄市","address":"高雄市三民區建國三路50號","land_parcel":"三塊厝段1小段159地號","_featureId":"三民016","countyCodes":["64000"]}},{"type":"Feature","id":"三民017","geometry":{"type":"Point","coordinates":[120.298097,22.638859]},"properties":{"name":"毛柿","code":"三民017","county":"高雄市","address":"高雄市三民區建國三路50號","land_parcel":"三塊厝段1小段159地號","_featureId":"三民017","countyCodes":["64000"]}},{"type":"Feature","id":"三民018","geometry":{"type":"Point","coordinates":[120.298106,22.638923]},"properties":{"name":"毛柿","code":"三民018","county":"高雄市","address":"高雄市三民區建國三路50號","land_parcel":"三塊厝段1小段159地號","_featureId":"三民018","countyCodes":["64000"]}},{"type":"Feature","id":"三民020","geometry":{"type":"Point","coordinates":[120.298009,22.63894]},"properties":{"name":"黑板樹","code":"三民020","county":"高雄市","address":"高雄市三民區建國三路50號","land_parcel":"三塊厝段1小段159地號","_featureId":"三民020","countyCodes":["64000"]}},{"type":"Feature","id":"三民021","geometry":{"type":"Point","coordinates":[120.298,22.638859]},"properties":{"name":"黑板樹","code":"三民021","county":"高雄市","address":"高雄市三民區建國三路50號","land_parcel":"三塊厝段1小段159地號","_featureId":"三民021","countyCodes":["64000"]}},{"type":"Feature","id":"三民022","geometry":{"type":"Point","coordinates":[120.298631,22.639106]},"properties":{"name":"茄苳","code":"三民022","county":"高雄市","address":"高雄市三民區建國三路50號","land_parcel":"三塊厝段1小段159地號","_featureId":"三民022","countyCodes":["64000"]}},{"type":"Feature","id":"三民023","geometry":{"type":"Point","coordinates":[120.29864,22.639169]},"properties":{"name":"茄苳","code":"三民023","county":"高雄市","address":"高雄市三民區建國三路50號","land_parcel":"三塊厝段1小段159地號","_featureId":"三民023","countyCodes":["64000"]}},{"type":"Feature","id":"三民024","geometry":{"type":"Point","coordinates":[120.29863,22.639223]},"properties":{"name":"茄苳","code":"三民024","county":"高雄市","address":"高雄市三民區建國三路50號","land_parcel":"三塊厝段1小段159地號","_featureId":"三民024","countyCodes":["64000"]}},{"type":"Feature","id":"三民025","geometry":{"type":"Point","coordinates":[120.29863,22.639322]},"properties":{"name":"茄苳","code":"三民025","county":"高雄市","address":"高雄市三民區建國三路50號","land_parcel":"三塊厝段1小段159地號","_featureId":"三民025","countyCodes":["64000"]}},{"type":"Feature","id":"三民026","geometry":{"type":"Point","coordinates":[120.324333,22.639306]},"properties":{"name":"印度菩提樹","code":"三民026","county":"高雄市","address":"高雄市三民區九如一路775號(高雄市政府社會局兒童福利服務中心)","land_parcel":"大港段3645地號","_featureId":"三民026","countyCodes":["64000"]}},{"type":"Feature","id":"三民027","geometry":{"type":"Point","coordinates":[120.296863,22.638574]},"properties":{"name":"印度菩提樹","code":"三民027","county":"高雄市","address":"高雄市三民區建國三路52號","land_parcel":"三塊厝段1小段159-7地號","_featureId":"三民027","countyCodes":["64000"]}},{"type":"Feature","id":"小港001","geometry":{"type":"Point","coordinates":[120.338371,22.564175]},"properties":{"name":"金龜樹","code":"小港001","county":"高雄市","address":"高雄市小港區小港1號公園","land_parcel":"港和段2小段113地號","_featureId":"小港001","countyCodes":["64000"]}},{"type":"Feature","id":"小港002","geometry":{"type":"Point","coordinates":[120.337478,22.56176]},"properties":{"name":"金龜樹","code":"小港002","county":"高雄市","address":"高雄市小港區中正體育場(靠體育場這邊的)","land_parcel":"港和段2小段315-3地號","_featureId":"小港002","countyCodes":["64000"]}},{"type":"Feature","id":"小港003","geometry":{"type":"Point","coordinates":[120.337372,22.561696]},"properties":{"name":"金龜樹","code":"小港003","county":"高雄市","address":"高雄市小港區中正體育場(靠體育場這邊的)","land_parcel":"港和段2小段315-3地號","_featureId":"小港003","countyCodes":["64000"]}},{"type":"Feature","id":"小港004","geometry":{"type":"Point","coordinates":[120.337284,22.561642]},"properties":{"name":"金龜樹","code":"小港004","county":"高雄市","address":"高雄市小港區中正體育場(靠體育場這邊的)","land_parcel":"港和段2小段315-3地號","_featureId":"小港004","countyCodes":["64000"]}},{"type":"Feature","id":"小港006","geometry":{"type":"Point","coordinates":[120.336451,22.561087]},"properties":{"name":"金龜樹","code":"小港006","county":"高雄市","address":"高雄市小港區中正體育場(鐵網圍著裡面)","land_parcel":"港和段2小段318地號","_featureId":"小港006","countyCodes":["64000"]}},{"type":"Feature","id":"小港007","geometry":{"type":"Point","coordinates":[120.336509,22.561088]},"properties":{"name":"金龜樹","code":"小港007","county":"高雄市","address":"高雄市小港區中正體育場(鐵網圍著裡面)","land_parcel":"港和段2小段318地號","_featureId":"小港007","countyCodes":["64000"]}},{"type":"Feature","id":"小港008","geometry":{"type":"Point","coordinates":[120.336635,22.561196]},"properties":{"name":"金龜樹","code":"小港008","county":"高雄市","address":"高雄市小港區中正體育場(鐵網圍著裡面)","land_parcel":"港和段2小段318地號","_featureId":"小港008","countyCodes":["64000"]}},{"type":"Feature","id":"小港009","geometry":{"type":"Point","coordinates":[120.336887,22.561315]},"properties":{"name":"金龜樹","code":"小港009","county":"高雄市","address":"高雄市小港區中正體育場(鐵網圍著裡面)","land_parcel":"港和段2小段318地號","_featureId":"小港009","countyCodes":["64000"]}},{"type":"Feature","id":"小港010","geometry":{"type":"Point","coordinates":[120.336955,22.561369]},"properties":{"name":"金龜樹","code":"小港010","county":"高雄市","address":"高雄市小港區中正體育場(鐵網圍著裡面)","land_parcel":"港和段2小段318地號","_featureId":"小港010","countyCodes":["64000"]}},{"type":"Feature","id":"小港011","geometry":{"type":"Point","coordinates":[120.337033,22.561406]},"properties":{"name":"金龜樹","code":"小港011","county":"高雄市","address":"高雄市小港區中正體育場(鐵網圍著裡面)","land_parcel":"港和段2小段318地號","_featureId":"小港011","countyCodes":["64000"]}},{"type":"Feature","id":"小港013","geometry":{"type":"Point","coordinates":[120.337197,22.561515]},"properties":{"name":"金龜樹","code":"小港013","county":"高雄市","address":"高雄市小港區中正體育場(鐵網圍著裡面)，小港二街、港美街","land_parcel":"港和段2小段318地號","_featureId":"小港013","countyCodes":["64000"]}},{"type":"Feature","id":"小港014","geometry":{"type":"Point","coordinates":[120.337294,22.561551]},"properties":{"name":"金龜樹","code":"小港014","county":"高雄市","address":"高雄市小港區中正體育場(鐵網圍著裡面)","land_parcel":"港和段2小段318地號","_featureId":"小港014","countyCodes":["64000"]}},{"type":"Feature","id":"小港015","geometry":{"type":"Point","coordinates":[120.337517,22.561688]},"properties":{"name":"金龜樹","code":"小港015","county":"高雄市","address":"高雄市小港區中正體育場(鐵網圍著裡面)","land_parcel":"港和段2小段318地號","_featureId":"小港015","countyCodes":["64000"]}},{"type":"Feature","id":"小港016","geometry":{"type":"Point","coordinates":[120.337605,22.561742]},"properties":{"name":"金龜樹","code":"小港016","county":"高雄市","address":"高雄市小港區中正體育場(鐵網圍著裡面)","land_parcel":"港和段2小段318地號","_featureId":"小港016","countyCodes":["64000"]}},{"type":"Feature","id":"小港017","geometry":{"type":"Point","coordinates":[120.335659,22.56187]},"properties":{"name":"金龜樹","code":"小港017","county":"高雄市","address":"高雄市小港區平和南路66號","land_parcel":"港和段2小段518地號","_featureId":"小港017","countyCodes":["64000"]}},{"type":"Feature","id":"小港018","geometry":{"type":"Point","coordinates":[120.338298,22.565186]},"properties":{"name":"金龜樹","code":"小港018","county":"高雄市","address":"高雄市小港路156號門前出來三株中間那株","land_parcel":"港和段1小段175地號","_featureId":"小港018","countyCodes":["64000"]}},{"type":"Feature","id":"小港019","geometry":{"type":"Point","coordinates":[120.338249,22.565177]},"properties":{"name":"金龜樹","code":"小港019","county":"高雄市","address":"高雄市小港路156號門前出來三株最右側那株","land_parcel":"港和段1小段175地號","_featureId":"小港019","countyCodes":["64000"]}},{"type":"Feature","id":"小港020","geometry":{"type":"Point","coordinates":[120.338366,22.565186]},"properties":{"name":"金龜樹","code":"小港020","county":"高雄市","address":"高雄市小港路156號門前出來三株最左側那株","land_parcel":"港和段1小段173地號","_featureId":"小港020","countyCodes":["64000"]}},{"type":"Feature","id":"左營002","geometry":{"type":"Point","coordinates":[120.286644,22.67886]},"properties":{"name":"印度菩提樹","code":"左營002","county":"高雄市","address":"高雄市左營區左營南站旁之三角公園","land_parcel":"興隆段744-1地號","_featureId":"左營002","countyCodes":["64000"]}},{"type":"Feature","id":"左營003","geometry":{"type":"Point","coordinates":[120.28689,22.678274]},"properties":{"name":"茄苳","code":"左營003","county":"高雄市","address":"高雄市左營區左營南站旁之三角公園","land_parcel":"興隆段754地號","_featureId":"左營003","countyCodes":["64000"]}},{"type":"Feature","id":"左營004","geometry":{"type":"Point","coordinates":[120.286805,22.677786]},"properties":{"name":"檬果","code":"左營004","county":"高雄市","address":"高雄市左營區左營南站旁之三角公園","land_parcel":"興隆段758地號","_featureId":"左營004","countyCodes":["64000"]}},{"type":"Feature","id":"左營006","geometry":{"type":"Point","coordinates":[120.285621,22.677184]},"properties":{"name":"檬果","code":"左營006","county":"高雄市","address":"高雄市左營區自助新村159號之3（白色牌柱對過來的巷子中間）","land_parcel":"興隆段811地號","_featureId":"左營006","countyCodes":["64000"]}},{"type":"Feature","id":"左營007","geometry":{"type":"Point","coordinates":[120.285281,22.677138]},"properties":{"name":"雀榕","code":"左營007","county":"高雄市","address":"高雄市左營區自助新村168號（巷口旁）","land_parcel":"興隆段811-1地號","_featureId":"左營007","countyCodes":["64000"]}},{"type":"Feature","id":"左營008","geometry":{"type":"Point","coordinates":[120.286338,22.675887]},"properties":{"name":"印度菩提樹","code":"左營008","county":"高雄市","address":"高雄市左營區自助新村73號（自助新村入口牌樓左圍牆中）","land_parcel":"興隆段813-8地號","_featureId":"左營008","countyCodes":["64000"]}},{"type":"Feature","id":"左營010","geometry":{"type":"Point","coordinates":[120.291911,22.695454]},"properties":{"name":"茄苳","code":"左營010","county":"高雄市","address":"高雄市左營區建業新村 61號之1門牌前","land_parcel":"廍後段56-2地號","_featureId":"左營010","countyCodes":["64000"]}},{"type":"Feature","id":"左營011","geometry":{"type":"Point","coordinates":[120.291823,22.695454]},"properties":{"name":"茄苳","code":"左營011","county":"高雄市","address":"高雄市左營區建業新村61-1與61號之間","land_parcel":"廍後段56-2地號","_featureId":"左營011","countyCodes":["64000"]}},{"type":"Feature","id":"左營012","geometry":{"type":"Point","coordinates":[120.291755,22.695463]},"properties":{"name":"茄苳","code":"左營012","county":"高雄市","address":"高雄市左營區建業新村61號","land_parcel":"廍後段56-2地號","_featureId":"左營012","countyCodes":["64000"]}},{"type":"Feature","id":"左營013","geometry":{"type":"Point","coordinates":[120.291667,22.695462]},"properties":{"name":"茄苳","code":"左營013","county":"高雄市","address":"高雄市左營區建業新村61號之3","land_parcel":"廍後段56-2地號","_featureId":"左營013","countyCodes":["64000"]}},{"type":"Feature","id":"左營014","geometry":{"type":"Point","coordinates":[120.291483,22.69547]},"properties":{"name":"茄苳","code":"左營014","county":"高雄市","address":"高雄市左營區建業新村64-3號門牌前","land_parcel":"廍後段56-2地號","_featureId":"左營014","countyCodes":["64000"]}},{"type":"Feature","id":"左營015","geometry":{"type":"Point","coordinates":[120.291317,22.695461]},"properties":{"name":"茄苳","code":"左營015","county":"高雄市","address":"高雄市左營區建業新村64-1號門牌前","land_parcel":"廍後段56-2地號","_featureId":"左營015","countyCodes":["64000"]}},{"type":"Feature","id":"左營016","geometry":{"type":"Point","coordinates":[120.291161,22.69546]},"properties":{"name":"茄苳","code":"左營016","county":"高雄市","address":"高雄市左營區建業新村65號門牌前","land_parcel":"廍後段61-1地號","_featureId":"左營016","countyCodes":["64000"]}},{"type":"Feature","id":"左營017","geometry":{"type":"Point","coordinates":[120.291064,22.69546]},"properties":{"name":"茄苳","code":"左營017","county":"高雄市","address":"高雄市左營區建業新村65與66號之間","land_parcel":"廍後段61-1地號","_featureId":"左營017","countyCodes":["64000"]}},{"type":"Feature","id":"左營018","geometry":{"type":"Point","coordinates":[120.291025,22.695459]},"properties":{"name":"茄苳","code":"左營018","county":"高雄市","address":"高雄市左營區建業新村66與66-1號之間","land_parcel":"廍後段61-1地號","_featureId":"左營018","countyCodes":["64000"]}},{"type":"Feature","id":"左營019","geometry":{"type":"Point","coordinates":[120.290938,22.695459]},"properties":{"name":"茄苳","code":"左營019","county":"高雄市","address":"高雄市左營區建業新村66-1與66-3號之間","land_parcel":"廍後段61-1地號","_featureId":"左營019","countyCodes":["64000"]}},{"type":"Feature","id":"左營020","geometry":{"type":"Point","coordinates":[120.29086,22.695459]},"properties":{"name":"茄苳","code":"左營020","county":"高雄市","address":"高雄市左營區建業新村66之3號門牌前","land_parcel":"廍後段61-1地號","_featureId":"左營020","countyCodes":["64000"]}},{"type":"Feature","id":"左營021","geometry":{"type":"Point","coordinates":[120.290402,22.695466]},"properties":{"name":"茄苳","code":"左營021","county":"高雄市","address":"高雄市左營區建業新村67號門牌前","land_parcel":"廍後段64-1地號","_featureId":"左營021","countyCodes":["64000"]}},{"type":"Feature","id":"左營022","geometry":{"type":"Point","coordinates":[120.290246,22.695465]},"properties":{"name":"茄苳","code":"左營022","county":"高雄市","address":"高雄市左營區建業新村68-1號門牌前","land_parcel":"廍後段64-1地號","_featureId":"左營022","countyCodes":["64000"]}},{"type":"Feature","id":"左營023","geometry":{"type":"Point","coordinates":[120.290178,22.695465]},"properties":{"name":"茄苳","code":"左營023","county":"高雄市","address":"高雄市左營區建業新村68-1與68-2號之間","land_parcel":"廍後段64-1地號","_featureId":"左營023","countyCodes":["64000"]}},{"type":"Feature","id":"左營024","geometry":{"type":"Point","coordinates":[120.290052,22.695455]},"properties":{"name":"茄苳","code":"左營024","county":"高雄市","address":"高雄市左營區建業新村68號之5門牌前","land_parcel":"廍後段64-1地號","_featureId":"左營024","countyCodes":["64000"]}},{"type":"Feature","id":"左營025","geometry":{"type":"Point","coordinates":[120.291881,22.695572]},"properties":{"name":"茄苳","code":"左營025","county":"高雄市","address":"高雄市左營區建業新村69號之1門牌前","land_parcel":"廍後段56-3地號","_featureId":"左營025","countyCodes":["64000"]}},{"type":"Feature","id":"左營026","geometry":{"type":"Point","coordinates":[120.291599,22.69557]},"properties":{"name":"茄苳","code":"左營026","county":"高雄市","address":"高雄市左營區建業新村70號","land_parcel":"廍後段56-2地號","_featureId":"左營026","countyCodes":["64000"]}},{"type":"Feature","id":"左營027","geometry":{"type":"Point","coordinates":[120.291151,22.695577]},"properties":{"name":"茄苳","code":"左營027","county":"高雄市","address":"高雄市左營區建業新村71號門牌前","land_parcel":"廍後段58-3地號","_featureId":"左營027","countyCodes":["64000"]}},{"type":"Feature","id":"左營028","geometry":{"type":"Point","coordinates":[120.291083,22.695577]},"properties":{"name":"茄苳","code":"左營028","county":"高雄市","address":"高雄市左營區建業新村72號之3號門牌前","land_parcel":"廍後段58-3地號","_featureId":"左營028","countyCodes":["64000"]}},{"type":"Feature","id":"左營029","geometry":{"type":"Point","coordinates":[120.291015,22.695568]},"properties":{"name":"茄苳","code":"左營029","county":"高雄市","address":"高雄市左營區建業新村72號之1門牌前","land_parcel":"廍後段58-3地號","_featureId":"左營029","countyCodes":["64000"]}},{"type":"Feature","id":"左營030","geometry":{"type":"Point","coordinates":[120.290947,22.695576]},"properties":{"name":"茄苳","code":"左營030","county":"高雄市","address":"高雄市左營區建業新村72號之2門牌前","land_parcel":"廍後段58-3地號","_featureId":"左營030","countyCodes":["64000"]}},{"type":"Feature","id":"左營031","geometry":{"type":"Point","coordinates":[120.290879,22.695567]},"properties":{"name":"茄苳","code":"左營031","county":"高雄市","address":"高雄市左營區建業新村72號之2右前方","land_parcel":"廍後段58-3地號","_featureId":"左營031","countyCodes":["64000"]}},{"type":"Feature","id":"左營032","geometry":{"type":"Point","coordinates":[120.290411,22.695574]},"properties":{"name":"茄苳","code":"左營032","county":"高雄市","address":"高雄市左營區建業新村72號之6門牌前","land_parcel":"廍後段65-3地號","_featureId":"左營032","countyCodes":["64000"]}},{"type":"Feature","id":"左營033","geometry":{"type":"Point","coordinates":[120.290207,22.695573]},"properties":{"name":"茄苳","code":"左營033","county":"高雄市","address":"高雄市左營區建業新村72號之9門牌前","land_parcel":"廍後段65-3地號","_featureId":"左營033","countyCodes":["64000"]}},{"type":"Feature","id":"左營034","geometry":{"type":"Point","coordinates":[120.289769,22.69558]},"properties":{"name":"茄苳","code":"左營034","county":"高雄市","address":"高雄市左營區建業新村72-13號門牌前","land_parcel":"廍後段67-1地號","_featureId":"左營034","countyCodes":["64000"]}},{"type":"Feature","id":"左營035","geometry":{"type":"Point","coordinates":[120.289056,22.694114]},"properties":{"name":"白千層","code":"左營035","county":"高雄市","address":"高雄市左營區海功路末端右旁公園內","land_parcel":"廍後段74-3地號","_featureId":"左營035","countyCodes":["64000"]}},{"type":"Feature","id":"左營036","geometry":{"type":"Point","coordinates":[120.289037,22.694141]},"properties":{"name":"白千層","code":"左營036","county":"高雄市","address":"高雄市左營區海功路末端右旁公園內","land_parcel":"廍後段74-3地號","_featureId":"左營036","countyCodes":["64000"]}},{"type":"Feature","id":"左營038","geometry":{"type":"Point","coordinates":[120.28903,22.693572]},"properties":{"name":"雨豆樹","code":"左營038","county":"高雄市","address":"高雄市左營區海功路末端朝明德館方向到自立里之間","land_parcel":"廍後段38-10地號","_featureId":"左營038","countyCodes":["64000"]}},{"type":"Feature","id":"左營039","geometry":{"type":"Point","coordinates":[120.289118,22.693446]},"properties":{"name":"雨豆樹","code":"左營039","county":"高雄市","address":"高雄市左營區海功路末端朝明德館方向到自立里之間","land_parcel":"廍後段38-8地號","_featureId":"左營039","countyCodes":["64000"]}},{"type":"Feature","id":"左營040","geometry":{"type":"Point","coordinates":[120.289119,22.693302]},"properties":{"name":"雨豆樹","code":"左營040","county":"高雄市","address":"高雄市左營區海功路末端朝明德館方向到自立里之間","land_parcel":"廍後段38-9地號","_featureId":"左營040","countyCodes":["64000"]}},{"type":"Feature","id":"左營041","geometry":{"type":"Point","coordinates":[120.289081,22.693148]},"properties":{"name":"雨豆樹","code":"左營041","county":"高雄市","address":"高雄市左營區海功路末端朝明德館方向到自立里之間","land_parcel":"廍後段129-5地號","_featureId":"左營041","countyCodes":["64000"]}},{"type":"Feature","id":"左營042","geometry":{"type":"Point","coordinates":[120.289112,22.692796]},"properties":{"name":"雨豆樹","code":"左營042","county":"高雄市","address":"高雄市左營區海功路末端朝明德館方向到自立里之間","land_parcel":"廍後段129-8地號","_featureId":"左營042","countyCodes":["64000"]}},{"type":"Feature","id":"左營043","geometry":{"type":"Point","coordinates":[120.289113,22.692624]},"properties":{"name":"雨豆樹","code":"左營043","county":"高雄市","address":"高雄市左營區海功路末端朝明德館方向到自立里之間","land_parcel":"廍後段129-8地號","_featureId":"左營043","countyCodes":["64000"]}},{"type":"Feature","id":"左營045","geometry":{"type":"Point","coordinates":[120.289114,22.692435]},"properties":{"name":"雨豆樹","code":"左營045","county":"高雄市","address":"高雄市左營區海功路末端朝明德館方向到自立里之間","land_parcel":"廍後段129-8地號","_featureId":"左營045","countyCodes":["64000"]}},{"type":"Feature","id":"左營046","geometry":{"type":"Point","coordinates":[120.289085,22.692245]},"properties":{"name":"雨豆樹","code":"左營046","county":"高雄市","address":"高雄市左營區海功路末端朝明德館方向到自立里之間","land_parcel":"廍後段129-10地號","_featureId":"左營046","countyCodes":["64000"]}},{"type":"Feature","id":"左營047","geometry":{"type":"Point","coordinates":[120.289096,22.692137]},"properties":{"name":"雨豆樹","code":"左營047","county":"高雄市","address":"高雄市左營區海功路末端朝明德館方向到自立里之間","land_parcel":"廍後段129-10地號","_featureId":"左營047","countyCodes":["64000"]}},{"type":"Feature","id":"左營048","geometry":{"type":"Point","coordinates":[120.289096,22.692073]},"properties":{"name":"雨豆樹","code":"左營048","county":"高雄市","address":"高雄市左營區海功路末端朝明德館方向到自立里之間","land_parcel":"廍後段129-10地號","_featureId":"左營048","countyCodes":["64000"]}},{"type":"Feature","id":"左營049","geometry":{"type":"Point","coordinates":[120.289106,22.691992]},"properties":{"name":"雨豆樹","code":"左營049","county":"高雄市","address":"高雄市左營區海功路末端朝明德館方向到自立里之間","land_parcel":"廍後段129-10地號","_featureId":"左營049","countyCodes":["64000"]}},{"type":"Feature","id":"左營050","geometry":{"type":"Point","coordinates":[120.289087,22.691866]},"properties":{"name":"雨豆樹","code":"左營050","county":"高雄市","address":"高雄市左營區海功路末端朝明德館方向到自立里之間","land_parcel":"廍後段129-10地號","_featureId":"左營050","countyCodes":["64000"]}},{"type":"Feature","id":"左營052","geometry":{"type":"Point","coordinates":[120.289054,22.690863]},"properties":{"name":"雨豆樹","code":"左營052","county":"高雄市","address":"高雄市左營區海功路末端朝明德館方向到自立里之間","land_parcel":"廍後段129-10地號","_featureId":"左營052","countyCodes":["64000"]}},{"type":"Feature","id":"左營053","geometry":{"type":"Point","coordinates":[120.2891,22.691315]},"properties":{"name":"雨豆樹","code":"左營053","county":"高雄市","address":"高雄市左營區海功路末端朝明德館方向到自立里之間","land_parcel":"廍後段129-10地號","_featureId":"左營053","countyCodes":["64000"]}},{"type":"Feature","id":"左營054","geometry":{"type":"Point","coordinates":[120.289074,22.690701]},"properties":{"name":"雨豆樹","code":"左營054","county":"高雄市","address":"高雄市左營區海功路末端朝明德館方向到自立里之間","land_parcel":"廍後段129-10地號","_featureId":"左營054","countyCodes":["64000"]}},{"type":"Feature","id":"左營055","geometry":{"type":"Point","coordinates":[120.289055,22.690583]},"properties":{"name":"雨豆樹","code":"左營055","county":"高雄市","address":"高雄市左營區海功路末端朝明德館方向到自立里之間","land_parcel":"廍後段129-10地號","_featureId":"左營055","countyCodes":["64000"]}},{"type":"Feature","id":"左營056","geometry":{"type":"Point","coordinates":[120.289065,22.690529]},"properties":{"name":"雨豆樹","code":"左營056","county":"高雄市","address":"高雄市左營區海功路末端朝明德館方向到自立里之間","land_parcel":"廍後段129-10地號","_featureId":"左營056","countyCodes":["64000"]}},{"type":"Feature","id":"左營057","geometry":{"type":"Point","coordinates":[120.289292,22.691894]},"properties":{"name":"雨豆樹","code":"左營057","county":"高雄市","address":"高雄市左營區海功路末端朝明德館方向到自立里之間","land_parcel":"廍後段92-1地號","_featureId":"左營057","countyCodes":["64000"]}},{"type":"Feature","id":"左營058","geometry":{"type":"Point","coordinates":[120.289284,22.691469]},"properties":{"name":"雨豆樹","code":"左營058","county":"高雄市","address":"高雄市左營區海功路末端朝明德館方向到自立里之間","land_parcel":"廍後段92-1地號","_featureId":"左營058","countyCodes":["64000"]}},{"type":"Feature","id":"左營059","geometry":{"type":"Point","coordinates":[120.289294,22.691388]},"properties":{"name":"雨豆樹","code":"左營059","county":"高雄市","address":"高雄市左營區海功路末端朝明德館方向到自立里之間","land_parcel":"廍後段92-1地號","_featureId":"左營059","countyCodes":["64000"]}},{"type":"Feature","id":"左營060","geometry":{"type":"Point","coordinates":[120.289295,22.691243]},"properties":{"name":"雨豆樹","code":"左營060","county":"高雄市","address":"高雄市左營區海功路末端朝明德館方向到自立里之間","land_parcel":"廍後段92-1地號","_featureId":"左營060","countyCodes":["64000"]}},{"type":"Feature","id":"左營061","geometry":{"type":"Point","coordinates":[120.289296,22.691045]},"properties":{"name":"雨豆樹","code":"左營061","county":"高雄市","address":"高雄市左營區海功路末端朝明德館方向到自立里之間","land_parcel":"廍後段94-3地號","_featureId":"左營061","countyCodes":["64000"]}},{"type":"Feature","id":"左營062","geometry":{"type":"Point","coordinates":[120.289278,22.69072]},"properties":{"name":"雨豆樹","code":"左營062","county":"高雄市","address":"高雄市左營區海軍明德館右側圍牆旁","land_parcel":"廍後段127地號","_featureId":"左營062","countyCodes":["64000"]}},{"type":"Feature","id":"左營063","geometry":{"type":"Point","coordinates":[120.289279,22.690557]},"properties":{"name":"雨豆樹","code":"左營063","county":"高雄市","address":"高雄市左營區海軍明德館右側圍牆旁","land_parcel":"廍後段127地號","_featureId":"左營063","countyCodes":["64000"]}},{"type":"Feature","id":"左營065","geometry":{"type":"Point","coordinates":[120.289256,22.693176]},"properties":{"name":"雨豆樹","code":"左營065","county":"高雄市","address":"高雄市左營區海軍明德館右側圍牆旁","land_parcel":"廍後段128-8地號","_featureId":"左營065","countyCodes":["64000"]}},{"type":"Feature","id":"左營067","geometry":{"type":"Point","coordinates":[120.289258,22.692851]},"properties":{"name":"雨豆樹","code":"左營067","county":"高雄市","address":"高雄市左營區海軍明德館右側圍牆旁","land_parcel":"廍後段92-7地號","_featureId":"左營067","countyCodes":["64000"]}},{"type":"Feature","id":"左營068","geometry":{"type":"Point","coordinates":[120.289259,22.692535]},"properties":{"name":"雨豆樹","code":"左營068","county":"高雄市","address":"高雄市左營區海軍明德館右側圍牆旁","land_parcel":"廍後段92-7地號","_featureId":"左營068","countyCodes":["64000"]}},{"type":"Feature","id":"左營069","geometry":{"type":"Point","coordinates":[120.28931,22.690214]},"properties":{"name":"雨豆樹","code":"左營069","county":"高雄市","address":"高雄市左營區海富路125號對面","land_parcel":"廍後段124地號","_featureId":"左營069","countyCodes":["64000"]}},{"type":"Feature","id":"左營070","geometry":{"type":"Point","coordinates":[120.289301,22.690142]},"properties":{"name":"雨豆樹","code":"左營070","county":"高雄市","address":"高雄市左營區海富路121號對面","land_parcel":"廍後段123地號","_featureId":"左營070","countyCodes":["64000"]}},{"type":"Feature","id":"左營071","geometry":{"type":"Point","coordinates":[120.289253,22.690006]},"properties":{"name":"雨豆樹","code":"左營071","county":"高雄市","address":"高雄市左營區海富路113號對面","land_parcel":"廍後段117-1地號","_featureId":"左營071","countyCodes":["64000"]}},{"type":"Feature","id":"左營072","geometry":{"type":"Point","coordinates":[120.289244,22.68988]},"properties":{"name":"雨豆樹","code":"左營072","county":"高雄市","address":"高雄市左營區海富路111號對面","land_parcel":"廍後段117-1地號","_featureId":"左營072","countyCodes":["64000"]}},{"type":"Feature","id":"左營073","geometry":{"type":"Point","coordinates":[120.289237,22.689338]},"properties":{"name":"雨豆樹","code":"左營073","county":"高雄市","address":"高雄市左營區海富路上","land_parcel":"廍後段119-1地號","_featureId":"左營073","countyCodes":["64000"]}},{"type":"Feature","id":"左營074","geometry":{"type":"Point","coordinates":[120.289247,22.689166]},"properties":{"name":"雨豆樹","code":"左營074","county":"高雄市","address":"高雄市左營區海富路上","land_parcel":"廍後段119-1地號","_featureId":"左營074","countyCodes":["64000"]}},{"type":"Feature","id":"左營075","geometry":{"type":"Point","coordinates":[120.289573,22.692048]},"properties":{"name":"印度菩提樹","code":"左營075","county":"高雄市","address":"高雄市左營區海軍明德館前空地左側欄杆旁","land_parcel":"廍後段92-1地號","_featureId":"左營075","countyCodes":["64000"]}},{"type":"Feature","id":"左營081","geometry":{"type":"Point","coordinates":[120.283334,22.679007]},"properties":{"name":"榕樹","code":"左營081","county":"高雄市","address":"高雄市左營區崇實新村西6巷84號","land_parcel":"興隆段788-9地號","_featureId":"左營081","countyCodes":["64000"]}},{"type":"Feature","id":"左營082","geometry":{"type":"Point","coordinates":[120.283159,22.679007]},"properties":{"name":"榕樹","code":"左營082","county":"高雄市","address":"高雄市左營區崇實新村西6巷85號","land_parcel":"興隆段788-9地號","_featureId":"左營082","countyCodes":["64000"]}},{"type":"Feature","id":"左營083","geometry":{"type":"Point","coordinates":[120.292389,22.683807]},"properties":{"name":"印度黃檀","code":"左營083","county":"高雄市","address":"高雄市左營區蓮潭路47號","land_parcel":"左南段1480地號","_featureId":"左營083","countyCodes":["64000"]}},{"type":"Feature","id":"左營084","geometry":{"type":"Point","coordinates":[120.292498,22.6835]},"properties":{"name":"榕樹","code":"左營084","county":"高雄市","address":"高雄市左營區蓮潭路47號","land_parcel":"左南段1480地號","_featureId":"左營084","countyCodes":["64000"]}},{"type":"Feature","id":"左營085","geometry":{"type":"Point","coordinates":[120.287235,22.6869]},"properties":{"name":"印度菩提樹","code":"左營085","county":"高雄市","address":"高雄市左營區介壽路及中正路交叉口(大氣海洋局)","land_parcel":"廍後段141地號","_featureId":"左營085","countyCodes":["64000"]}},{"type":"Feature","id":"左營086","geometry":{"type":"Point","coordinates":[120.29431,22.677467]},"properties":{"name":"榕樹","code":"左營086","county":"高雄市","address":"舊左營國中活動中心東南側(草坪)","land_parcel":"興隆段52地號","_featureId":"左營086","countyCodes":["64000"]}},{"type":"Feature","id":"左營087","geometry":{"type":"Point","coordinates":[120.294855,22.67746]},"properties":{"name":"榕樹","code":"左營087","county":"高雄市","address":"舊左營國中草坪中央","land_parcel":"興隆段52地號","_featureId":"左營087","countyCodes":["64000"]}},{"type":"Feature","id":"左營088","geometry":{"type":"Point","coordinates":[120.295215,22.677444]},"properties":{"name":"榕樹","code":"左營088","county":"高雄市","address":"舊左營國中草坪(近左營游泳池)","land_parcel":"興隆段52地號","_featureId":"左營088","countyCodes":["64000"]}},{"type":"Feature","id":"左營089","geometry":{"type":"Point","coordinates":[120.295951,22.678115]},"properties":{"name":"榕樹","code":"左營089","county":"高雄市","address":"衛生福利部南區兒童之家與左營游泳池中間","land_parcel":"興隆段23-2地號","_featureId":"左營089","countyCodes":["64000"]}},{"type":"Feature","id":"左營090","geometry":{"type":"Point","coordinates":[120.295064,22.676531]},"properties":{"name":"榕樹","code":"左營090","county":"高雄市","address":"舊左營國中翠華路側","land_parcel":"興隆段52地號","_featureId":"左營090","countyCodes":["64000"]}},{"type":"Feature","id":"左營091","geometry":{"type":"Point","coordinates":[120.292431,22.677558]},"properties":{"name":"榕樹","code":"左營091","county":"高雄市","address":"高雄市左營區龜山巷96號","land_parcel":"興隆段150地號","_featureId":"左營091","countyCodes":["64000"]}},{"type":"Feature","id":"左營092","geometry":{"type":"Point","coordinates":[120.286883,22.673948]},"properties":{"name":"芒果","code":"左營092","county":"高雄市","address":"左創園區","land_parcel":"興隆段710-1","_featureId":"左營092","countyCodes":["64000"]}},{"type":"Feature","id":"左營093","geometry":{"type":"Point","coordinates":[120.286958,22.674454]},"properties":{"name":"榕樹","code":"左營093","county":"高雄市","address":"左創園區","land_parcel":"興隆段710-1","_featureId":"左營093","countyCodes":["64000"]}},{"type":"Feature","id":"左營094","geometry":{"type":"Point","coordinates":[120.286945,22.673271]},"properties":{"name":"榕樹","code":"左營094","county":"高雄市","address":"南門口公園","land_parcel":"興隆段714","_featureId":"左營094","countyCodes":["64000"]}},{"type":"Feature","id":"左營095","geometry":{"type":"Point","coordinates":[120.286819,22.673162]},"properties":{"name":"榕樹","code":"左營095","county":"高雄市","address":"南門口公園","land_parcel":"興隆段714-1","_featureId":"左營095","countyCodes":["64000"]}},{"type":"Feature","id":"左營096","geometry":{"type":"Point","coordinates":[120.28663,22.677713]},"properties":{"name":"木麻黃","code":"左營096","county":"高雄市","address":"左營大路三角公園","land_parcel":"興隆段758-1","_featureId":"左營096","countyCodes":["64000"]}},{"type":"Feature","id":"左營097","geometry":{"type":"Point","coordinates":[120.286757,22.677605]},"properties":{"name":"木麻黃","code":"左營097","county":"高雄市","address":"左營大路三角公園","land_parcel":"興隆段764","_featureId":"左營097","countyCodes":["64000"]}},{"type":"Feature","id":"左營098","geometry":{"type":"Point","coordinates":[120.286888,22.678752]},"properties":{"name":"榕樹","code":"左營098","county":"高雄市","address":"左營大路三角公園","land_parcel":"興隆段746","_featureId":"左營098","countyCodes":["64000"]}},{"type":"Feature","id":"左營099","geometry":{"type":"Point","coordinates":[120.28716,22.678853]},"properties":{"name":"榕樹","code":"左營099","county":"高雄市","address":"左營大路三角公園","land_parcel":"興隆段754","_featureId":"左營099","countyCodes":["64000"]}},{"type":"Feature","id":"左營100","geometry":{"type":"Point","coordinates":[120.287024,22.67869]},"properties":{"name":"榕樹","code":"左營100","county":"高雄市","address":"左營大路三角公園","land_parcel":"興隆段751","_featureId":"左營100","countyCodes":["64000"]}},{"type":"Feature","id":"左營101","geometry":{"type":"Point","coordinates":[120.287158,22.679097]},"properties":{"name":"榕樹","code":"左營101","county":"高雄市","address":"左營大路三角公園","land_parcel":"興隆段747","_featureId":"左營101","countyCodes":["64000"]}},{"type":"Feature","id":"左營102","geometry":{"type":"Point","coordinates":[120.286704,22.678544]},"properties":{"name":"榕樹","code":"左營102","county":"高雄市","address":"左營大路三角公園","land_parcel":"興隆段745-1","_featureId":"左營102","countyCodes":["64000"]}},{"type":"Feature","id":"左營103","geometry":{"type":"Point","coordinates":[120.287362,22.675522]},"properties":{"name":"雀榕","code":"左營103","county":"高雄市","address":"左營舊城遺址旁空地","land_parcel":"興隆段-703-11","_featureId":"左營103","countyCodes":["64000"]}},{"type":"Feature","id":"左營104","geometry":{"type":"Point","coordinates":[120.287429,22.675757]},"properties":{"name":"榕樹","code":"左營104","county":"高雄市","address":"左營舊城遺址旁空地","land_parcel":"興隆段-703-12","_featureId":"左營104","countyCodes":["64000"]}},{"type":"Feature","id":"左營105","geometry":{"type":"Point","coordinates":[120.288538,22.675762]},"properties":{"name":"黑板樹","code":"左營105","county":"高雄市","address":"左營舊城遺址旁空地","land_parcel":"興隆段-166","_featureId":"左營105","countyCodes":["64000"]}},{"type":"Feature","id":"左營106","geometry":{"type":"Point","coordinates":[120.288587,22.675699]},"properties":{"name":"龍眼","code":"左營106","county":"高雄市","address":"左營舊城遺址旁空地","land_parcel":"興隆段-166","_featureId":"左營106","countyCodes":["64000"]}},{"type":"Feature","id":"左營107","geometry":{"type":"Point","coordinates":[120.292719,22.680223]},"properties":{"name":"吉貝木棉","code":"左營107","county":"高雄市","address":"見城(小龜山步道)","land_parcel":"左東段-1052-43","_featureId":"左營107","countyCodes":["64000"]}},{"type":"Feature","id":"左營108","geometry":{"type":"Point","coordinates":[120.292773,22.679122]},"properties":{"name":"榕樹","code":"左營108","county":"高雄市","address":"見城(小龜山步道)","land_parcel":"左東段-1059","_featureId":"左營108","countyCodes":["64000"]}},{"type":"Feature","id":"左營109","geometry":{"type":"Point","coordinates":[120.291188,22.677029]},"properties":{"name":"菩提樹","code":"左營109","county":"高雄市","address":"見城館後方廁所旁","land_parcel":"興隆段-150","_featureId":"左營109","countyCodes":["64000"]}},{"type":"Feature","id":"左營110","geometry":{"type":"Point","coordinates":[120.292262,22.693352]},"properties":{"name":"榕樹","code":"左營110","county":"高雄市","address":"軍校路旁綠帶","land_parcel":"廍後段81-5","_featureId":"左營110","countyCodes":["64000"]}},{"type":"Feature","id":"左營111","geometry":{"type":"Point","coordinates":[120.292225,22.693108]},"properties":{"name":"印度紫檀","code":"左營111","county":"高雄市","address":"軍校路旁綠帶","land_parcel":"廍後段81-5","_featureId":"左營111","countyCodes":["64000"]}},{"type":"Feature","id":"左營112","geometry":{"type":"Point","coordinates":[120.292129,22.692827]},"properties":{"name":"黑板樹","code":"左營112","county":"高雄市","address":"軍校路旁綠帶","land_parcel":"廍後段81-5","_featureId":"左營112","countyCodes":["64000"]}},{"type":"Feature","id":"左營113","geometry":{"type":"Point","coordinates":[120.292158,22.692836]},"properties":{"name":"黑板樹","code":"左營113","county":"高雄市","address":"軍校路旁綠帶","land_parcel":"廍後段81-5","_featureId":"左營113","countyCodes":["64000"]}},{"type":"Feature","id":"左營114","geometry":{"type":"Point","coordinates":[120.292129,22.692755]},"properties":{"name":"黑板樹","code":"左營114","county":"高雄市","address":"軍校路旁綠帶","land_parcel":"廍後段81-5","_featureId":"左營114","countyCodes":["64000"]}},{"type":"Feature","id":"左營115","geometry":{"type":"Point","coordinates":[120.29212,22.692611]},"properties":{"name":"榕樹","code":"左營115","county":"高雄市","address":"軍校路旁綠帶","land_parcel":"廍後段81","_featureId":"左營115","countyCodes":["64000"]}},{"type":"Feature","id":"左營116","geometry":{"type":"Point","coordinates":[120.292121,22.692493]},"properties":{"name":"榕樹","code":"左營116","county":"高雄市","address":"軍校路旁綠帶","land_parcel":"廍後段81","_featureId":"左營116","countyCodes":["64000"]}},{"type":"Feature","id":"左營117","geometry":{"type":"Point","coordinates":[120.292162,22.692069]},"properties":{"name":"榕樹","code":"左營117","county":"高雄市","address":"軍校路旁綠帶","land_parcel":"廍後段81","_featureId":"左營117","countyCodes":["64000"]}},{"type":"Feature","id":"左營118","geometry":{"type":"Point","coordinates":[120.292142,22.692051]},"properties":{"name":"榕樹","code":"左營118","county":"高雄市","address":"軍校路旁綠帶","land_parcel":"廍後段81","_featureId":"左營118","countyCodes":["64000"]}},{"type":"Feature","id":"左營119","geometry":{"type":"Point","coordinates":[120.292221,22.691898]},"properties":{"name":"黑板樹","code":"左營119","county":"高雄市","address":"軍校路旁綠帶","land_parcel":"廍後段81","_featureId":"左營119","countyCodes":["64000"]}},{"type":"Feature","id":"左營120","geometry":{"type":"Point","coordinates":[120.292231,22.691825]},"properties":{"name":"黑板樹","code":"左營120","county":"高雄市","address":"軍校路旁綠帶","land_parcel":"廍後段81","_featureId":"左營120","countyCodes":["64000"]}},{"type":"Feature","id":"左營121","geometry":{"type":"Point","coordinates":[120.292251,22.691789]},"properties":{"name":"黑板樹","code":"左營121","county":"高雄市","address":"軍校路旁綠帶","land_parcel":"廍後段81","_featureId":"左營121","countyCodes":["64000"]}},{"type":"Feature","id":"左營122","geometry":{"type":"Point","coordinates":[120.292125,22.691581]},"properties":{"name":"黑板樹","code":"左營122","county":"高雄市","address":"軍校路旁綠帶","land_parcel":"廍後段81","_featureId":"左營122","countyCodes":["64000"]}},{"type":"Feature","id":"左營123","geometry":{"type":"Point","coordinates":[120.292174,22.691572]},"properties":{"name":"榕樹","code":"左營123","county":"高雄市","address":"軍校路旁綠帶","land_parcel":"廍後段81","_featureId":"左營123","countyCodes":["64000"]}},{"type":"Feature","id":"左營124","geometry":{"type":"Point","coordinates":[120.292248,22.694182]},"properties":{"name":"榕樹","code":"左營124","county":"高雄市","address":"軍校路旁綠帶","land_parcel":"廍後段56-9","_featureId":"左營124","countyCodes":["64000"]}},{"type":"Feature","id":"左營125","geometry":{"type":"Point","coordinates":[120.29216,22.69429]},"properties":{"name":"黑板樹","code":"左營125","county":"高雄市","address":"軍校路旁綠帶","land_parcel":"廍後段56-2","_featureId":"左營125","countyCodes":["64000"]}},{"type":"Feature","id":"左營126","geometry":{"type":"Point","coordinates":[120.29215,22.694435]},"properties":{"name":"黑板樹","code":"左營126","county":"高雄市","address":"軍校路旁綠帶","land_parcel":"廍後段56-8","_featureId":"左營126","countyCodes":["64000"]}},{"type":"Feature","id":"左營127","geometry":{"type":"Point","coordinates":[120.292172,22.695844]},"properties":{"name":"黑板樹","code":"左營127","county":"高雄市","address":"軍校路旁綠帶","land_parcel":"廍後段55-5","_featureId":"左營127","countyCodes":["64000"]}},{"type":"Feature","id":"左營128","geometry":{"type":"Point","coordinates":[120.29223,22.695862]},"properties":{"name":"黑板樹","code":"左營128","county":"高雄市","address":"軍校路旁綠帶","land_parcel":"廍後段55-5","_featureId":"左營128","countyCodes":["64000"]}},{"type":"Feature","id":"左營129","geometry":{"type":"Point","coordinates":[120.292297,22.696016]},"properties":{"name":"雨豆樹","code":"左營129","county":"高雄市","address":"軍校路旁綠帶","land_parcel":"廍後段54-6","_featureId":"左營129","countyCodes":["64000"]}},{"type":"Feature","id":"左營130","geometry":{"type":"Point","coordinates":[120.292266,22.696449]},"properties":{"name":"雨豆樹","code":"左營130","county":"高雄市","address":"軍校路旁綠帶","land_parcel":"廍後段54-5","_featureId":"左營130","countyCodes":["64000"]}},{"type":"Feature","id":"左營131","geometry":{"type":"Point","coordinates":[120.292198,22.696485]},"properties":{"name":"黑板樹","code":"左營131","county":"高雄市","address":"軍校路旁綠帶","land_parcel":"廍後段54-5","_featureId":"左營131","countyCodes":["64000"]}},{"type":"Feature","id":"左營132","geometry":{"type":"Point","coordinates":[120.292292,22.696982]},"properties":{"name":"雨豆樹","code":"左營132","county":"高雄市","address":"軍校路旁綠帶","land_parcel":"廍後段54-4","_featureId":"左營132","countyCodes":["64000"]}},{"type":"Feature","id":"左營133","geometry":{"type":"Point","coordinates":[120.292301,22.697271]},"properties":{"name":"雨豆樹","code":"左營133","county":"高雄市","address":"軍校路旁綠帶","land_parcel":"廍後段54-4","_featureId":"左營133","countyCodes":["64000"]}},{"type":"Feature","id":"左營134","geometry":{"type":"Point","coordinates":[120.292165,22.697198]},"properties":{"name":"黑板樹","code":"左營134","county":"高雄市","address":"軍校路旁綠帶","land_parcel":"廍後段54-4","_featureId":"左營134","countyCodes":["64000"]}},{"type":"Feature","id":"左營135","geometry":{"type":"Point","coordinates":[120.292223,22.697217]},"properties":{"name":"黑板樹","code":"左營135","county":"高雄市","address":"軍校路旁綠帶","land_parcel":"廍後段54-4","_featureId":"左營135","countyCodes":["64000"]}},{"type":"Feature","id":"左營136","geometry":{"type":"Point","coordinates":[120.292174,22.695347]},"properties":{"name":"黑板樹","code":"左營136","county":"高雄市","address":"軍校路旁綠帶","land_parcel":"廍後段56-7","_featureId":"左營136","countyCodes":["64000"]}},{"type":"Feature","id":"前金001","geometry":{"type":"Point","coordinates":[120.297965,22.624645]},"properties":{"name":"印度菩提樹","code":"前金001","county":"高雄市","address":"高雄市前金區中華三路43號對面","land_parcel":"民生段38地號","_featureId":"前金001","countyCodes":["64000"]}},{"type":"Feature","id":"前金002","geometry":{"type":"Point","coordinates":[120.297866,22.624978]},"properties":{"name":"印度菩提樹","code":"前金002","county":"高雄市","address":"高雄市前金區中華三路43號對面","land_parcel":"民生段79地號","_featureId":"前金002","countyCodes":["64000"]}},{"type":"Feature","id":"前金004","geometry":{"type":"Point","coordinates":[120.298246,22.632385]},"properties":{"name":"榕樹","code":"前金004","county":"高雄市","address":"高雄市前金區自立二路111號建國國小","land_parcel":"東金段360地號","_featureId":"前金004","countyCodes":["64000"]}},{"type":"Feature","id":"前金006","geometry":{"type":"Point","coordinates":[120.299666,22.622945]},"properties":{"name":"印度菩提樹","code":"前金006","county":"高雄市","address":"高雄市前金區面向城市光廊水泥佈告欄後面","land_parcel":"民生段21地號","_featureId":"前金006","countyCodes":["64000"]}},{"type":"Feature","id":"前金007","geometry":{"type":"Point","coordinates":[120.29954,22.622909]},"properties":{"name":"印度菩提樹","code":"前金007","county":"高雄市","address":"高雄市前金區面向城市光廊水泥佈告欄後面","land_parcel":"民生段21地號","_featureId":"前金007","countyCodes":["64000"]}},{"type":"Feature","id":"前金008","geometry":{"type":"Point","coordinates":[120.298876,22.623276]},"properties":{"name":"破布子","code":"前金008","county":"高雄市","address":"高雄市前金區面向城市光廊咖啡店左側","land_parcel":"民生段25地號","_featureId":"前金008","countyCodes":["64000"]}},{"type":"Feature","id":"前金009","geometry":{"type":"Point","coordinates":[120.293517,22.621248]},"properties":{"name":"鐵刀木","code":"前金009","county":"高雄市","address":"高雄市前金區高雄女中文化走廊前","land_parcel":"博孝段924地號","_featureId":"前金009","countyCodes":["64000"]}},{"type":"Feature","id":"前金010","geometry":{"type":"Point","coordinates":[120.293576,22.621203]},"properties":{"name":"鐵刀木","code":"前金010","county":"高雄市","address":"高雄市前金區高雄女中文化走廊前","land_parcel":"博孝段924地號","_featureId":"前金010","countyCodes":["64000"]}},{"type":"Feature","id":"前金015","geometry":{"type":"Point","coordinates":[120.29277,22.620883]},"properties":{"name":"榕樹","code":"前金015","county":"高雄市","address":"高雄市前金區高雄女中面向大門右側","land_parcel":"博孝段924地號","_featureId":"前金015","countyCodes":["64000"]}},{"type":"Feature","id":"前金017","geometry":{"type":"Point","coordinates":[120.29383,22.620942]},"properties":{"name":"榕樹","code":"前金017","county":"高雄市","address":"高雄市前金區高雄女中面向大門右側","land_parcel":"博孝段924地號","_featureId":"前金017","countyCodes":["64000"]}},{"type":"Feature","id":"前金018","geometry":{"type":"Point","coordinates":[120.293878,22.620951]},"properties":{"name":"榕樹","code":"前金018","county":"高雄市","address":"高雄市前金區高雄女中面向大門右側","land_parcel":"博孝段924地號","_featureId":"前金018","countyCodes":["64000"]}},{"type":"Feature","id":"前金019","geometry":{"type":"Point","coordinates":[120.293664,22.620968]},"properties":{"name":"榕樹","code":"前金019","county":"高雄市","address":"高雄市前金區高雄女中面向大門右側","land_parcel":"博孝段924地號","_featureId":"前金019","countyCodes":["64000"]}},{"type":"Feature","id":"前金020","geometry":{"type":"Point","coordinates":[120.293839,22.621023]},"properties":{"name":"印度菩提樹","code":"前金020","county":"高雄市","address":"高雄市前金區高雄女中面向大門往右側走","land_parcel":"博孝段924地號","_featureId":"前金020","countyCodes":["64000"]}},{"type":"Feature","id":"前金024","geometry":{"type":"Point","coordinates":[120.294053,22.620979]},"properties":{"name":"印度菩提樹","code":"前金024","county":"高雄市","address":"高雄市前金區高雄女中面向大門往右側走","land_parcel":"博孝段979地號","_featureId":"前金024","countyCodes":["64000"]}},{"type":"Feature","id":"前金025","geometry":{"type":"Point","coordinates":[120.29416,22.621016]},"properties":{"name":"印度菩提樹","code":"前金025","county":"高雄市","address":"高雄市前金區高雄女中面向大門往右側走","land_parcel":"博孝段979地號","_featureId":"前金025","countyCodes":["64000"]}},{"type":"Feature","id":"前金026","geometry":{"type":"Point","coordinates":[120.293836,22.621691]},"properties":{"name":"榕樹","code":"前金026","county":"高雄市","address":"高雄市前金區高雄女中面向活動中心右側","land_parcel":"博孝段924地號","_featureId":"前金026","countyCodes":["64000"]}},{"type":"Feature","id":"前金028","geometry":{"type":"Point","coordinates":[120.293815,22.621953]},"properties":{"name":"鐵刀木","code":"前金028","county":"高雄市","address":"高雄市前金區高雄女中面向活動中心左側","land_parcel":"博孝段924地號","_featureId":"前金028","countyCodes":["64000"]}},{"type":"Feature","id":"前金029","geometry":{"type":"Point","coordinates":[120.294042,22.621412]},"properties":{"name":"榕樹","code":"前金029","county":"高雄市","address":"高雄市前金區高雄女中面向實驗中心左側有用磁磚圍成圓形","land_parcel":"博孝段924地號","_featureId":"前金029","countyCodes":["64000"]}},{"type":"Feature","id":"前金030","geometry":{"type":"Point","coordinates":[120.293964,22.621403]},"properties":{"name":"榕樹","code":"前金030","county":"高雄市","address":"高雄市前金區高雄女中面向實驗中心左側有用磁磚圍成圓形","land_parcel":"博孝段924地號","_featureId":"前金030","countyCodes":["64000"]}},{"type":"Feature","id":"前金031","geometry":{"type":"Point","coordinates":[120.294364,22.621143]},"properties":{"name":"印度菩提樹","code":"前金031","county":"高雄市","address":"高雄市前金區高雄女中實驗中心前方","land_parcel":"博孝段924地號","_featureId":"前金031","countyCodes":["64000"]}},{"type":"Feature","id":"前金032","geometry":{"type":"Point","coordinates":[120.292723,22.622409]},"properties":{"name":"大葉合歡","code":"前金032","county":"高雄市","address":"高雄市前金區高雄女中藝能大樓左側","land_parcel":"博孝段924地號","_featureId":"前金032","countyCodes":["64000"]}},{"type":"Feature","id":"前金033","geometry":{"type":"Point","coordinates":[120.293074,22.622374]},"properties":{"name":"黑板樹","code":"前金033","county":"高雄市","address":"高雄市前金區高雄女中藝能大樓前","land_parcel":"博孝段924地號","_featureId":"前金033","countyCodes":["64000"]}},{"type":"Feature","id":"前金034","geometry":{"type":"Point","coordinates":[120.292762,22.622355]},"properties":{"name":"黑板樹","code":"前金034","county":"高雄市","address":"高雄市前金區高雄女中藝能大樓前","land_parcel":"博孝段924地號","_featureId":"前金034","countyCodes":["64000"]}},{"type":"Feature","id":"前金035","geometry":{"type":"Point","coordinates":[120.293929,22.622432]},"properties":{"name":"印度菩提樹","code":"前金035","county":"高雄市","address":"高雄市前金區高雄女中籃球場排球場之間(光復一街側門旁)","land_parcel":"博孝段927地號","_featureId":"前金035","countyCodes":["64000"]}},{"type":"Feature","id":"前鎮002","geometry":{"type":"Point","coordinates":[120.297317,22.606689]},"properties":{"name":"榕樹","code":"前鎮002","county":"高雄市","address":"高雄市前鎮區成功二路(靠海洋之星公園內-綠地公園)","land_parcel":"獅甲段518-13地號","_featureId":"前鎮002","countyCodes":["64000"]}},{"type":"Feature","id":"前鎮003","geometry":{"type":"Point","coordinates":[120.302385,22.602719]},"properties":{"name":"榕樹","code":"前鎮003","county":"高雄市","address":"高雄市前鎮區成功二路82號","land_parcel":"獅甲段二小段588地號","_featureId":"前鎮003","countyCodes":["64000"]}},{"type":"Feature","id":"前鎮004","geometry":{"type":"Point","coordinates":[120.322003,22.610543]},"properties":{"name":"榕樹","code":"前鎮004","county":"高雄市","address":"高雄市前鎮區和平二路170-1號(千秋府)","land_parcel":"光華段605地號","_featureId":"前鎮004","countyCodes":["64000"]}},{"type":"Feature","id":"前鎮005","geometry":{"type":"Point","coordinates":[120.318605,22.599321]},"properties":{"name":"榕樹","code":"前鎮005","county":"高雄市","address":"高雄市前鎮區國防部軍備局第205廠（下箱房後側）","land_parcel":"憲德段774地號","_featureId":"前鎮005","countyCodes":["64000"]}},{"type":"Feature","id":"前鎮006","geometry":{"type":"Point","coordinates":[120.312806,22.601717]},"properties":{"name":"榕樹","code":"前鎮006","county":"高雄市","address":"高雄市前鎮區國防部軍備局第205廠(汽車集用場)","land_parcel":"憲德段762地號","_featureId":"前鎮006","countyCodes":["64000"]}},{"type":"Feature","id":"前鎮008","geometry":{"type":"Point","coordinates":[120.320927,22.60195]},"properties":{"name":"榕樹","code":"前鎮008","county":"高雄市","address":"高雄市前鎮區國防部軍備局第205廠（炮件所檢驗班）","land_parcel":"憲德段614地號","_featureId":"前鎮008","countyCodes":["64000"]}},{"type":"Feature","id":"前鎮009","geometry":{"type":"Point","coordinates":[120.314496,22.602293]},"properties":{"name":"榕樹","code":"前鎮009","county":"高雄市","address":"高雄市前鎮區國防部軍備局第205廠（運輸連）","land_parcel":"憲德段759地號","_featureId":"前鎮009","countyCodes":["64000"]}},{"type":"Feature","id":"前鎮010","geometry":{"type":"Point","coordinates":[120.313294,22.601421]},"properties":{"name":"榕樹","code":"前鎮010","county":"高雄市","address":"高雄市前鎮區國防部軍備局第205廠（營繕所）","land_parcel":"憲德段762地號","_featureId":"前鎮010","countyCodes":["64000"]}},{"type":"Feature","id":"前鎮011","geometry":{"type":"Point","coordinates":[120.313701,22.601739]},"properties":{"name":"榕樹","code":"前鎮011","county":"高雄市","address":"高雄市前鎮區國防部軍備局第205廠（雙聯裝）","land_parcel":"憲德段759地號","_featureId":"前鎮011","countyCodes":["64000"]}},{"type":"Feature","id":"前鎮012","geometry":{"type":"Point","coordinates":[120.314423,22.603322]},"properties":{"name":"榕樹","code":"前鎮012","county":"高雄市","address":"高雄市前鎮區國防部軍備局第205廠（鑄鍛所）","land_parcel":"憲德段759地號","_featureId":"前鎮012","countyCodes":["64000"]}},{"type":"Feature","id":"前鎮014","geometry":{"type":"Point","coordinates":[120.297338,22.604323]},"properties":{"name":"榕樹","code":"前鎮014","county":"高雄市","address":"高雄市前鎮區軟體科技園區","land_parcel":"獅甲段518-10地號","_featureId":"前鎮014","countyCodes":["64000"]}},{"type":"Feature","id":"前鎮015","geometry":{"type":"Point","coordinates":[120.301966,22.606736]},"properties":{"name":"榕樹","code":"前鎮015","county":"高雄市","address":"高雄市前鎮區復興三路3號(高雄市立成功特殊教育學校)","land_parcel":"獅甲段二小段579號","_featureId":"前鎮015","countyCodes":["64000"]}},{"type":"Feature","id":"前鎮016","geometry":{"type":"Point","coordinates":[120.320811,22.587861]},"properties":{"name":"印度菩提樹","code":"前鎮016","county":"高雄市","address":"高雄市前鎮區鎮中路6號(高雄市政府勞工局)","land_parcel":"鎮昌段一小段1513地號","_featureId":"前鎮016","countyCodes":["64000"]}},{"type":"Feature","id":"前鎮017","geometry":{"type":"Point","coordinates":[120.318944,22.599648]},"properties":{"name":"榕樹","code":"前鎮017","county":"高雄市","address":"高雄市前鎮區國防部軍備局第205廠","land_parcel":"憲德段774-9地號","_featureId":"前鎮017","countyCodes":["64000"]}},{"type":"Feature","id":"前鎮018","geometry":{"type":"Point","coordinates":[120.320427,22.602751]},"properties":{"name":"印度菩提樹","code":"前鎮018","county":"高雄市","address":"高雄市前鎮區國防部軍備局第205廠","land_parcel":"憲德段614地號","_featureId":"前鎮018","countyCodes":["64000"]}},{"type":"Feature","id":"前鎮019","geometry":{"type":"Point","coordinates":[120.321438,22.602684]},"properties":{"name":"榕樹","code":"前鎮019","county":"高雄市","address":"高雄市前鎮區國防部軍備局第205廠","land_parcel":"憲德段612地號","_featureId":"前鎮019","countyCodes":["64000"]}},{"type":"Feature","id":"前鎮020","geometry":{"type":"Point","coordinates":[120.316607,22.604162]},"properties":{"name":"榕樹","code":"前鎮020","county":"高雄市","address":"高雄市前鎮區國防部軍備局第205廠","land_parcel":"憲德段643-3地號","_featureId":"前鎮020","countyCodes":["64000"]}},{"type":"Feature","id":"前鎮021","geometry":{"type":"Point","coordinates":[120.314482,22.601191]},"properties":{"name":"榕樹","code":"前鎮021","county":"高雄市","address":"高雄市前鎮區國防部軍備局第205廠","land_parcel":"憲德段759地號","_featureId":"前鎮021","countyCodes":["64000"]}},{"type":"Feature","id":"苓雅001","geometry":{"type":"Point","coordinates":[120.340587,22.625602]},"properties":{"name":"印度橡膠樹","code":"苓雅001","county":"高雄市","address":"高雄市苓雅區中正一路2號高雄市國軍總醫院進大門右側","land_parcel":"衛武段949-2地號","_featureId":"苓雅001","countyCodes":["64000"]}},{"type":"Feature","id":"苓雅002","geometry":{"type":"Point","coordinates":[120.341288,22.625533]},"properties":{"name":"印度橡膠樹","code":"苓雅002","county":"高雄市","address":"高雄市苓雅區中正一路2號國軍高雄總醫院進大門左側","land_parcel":"衛武段949地號","_featureId":"苓雅002","countyCodes":["64000"]}},{"type":"Feature","id":"苓雅003","geometry":{"type":"Point","coordinates":[120.340557,22.625728]},"properties":{"name":"印度橡膠樹","code":"苓雅003","county":"高雄市","address":"高雄市苓雅區中正一路2號國軍高雄總醫院進大門左側","land_parcel":"衛武段949-2地號","_featureId":"苓雅003","countyCodes":["64000"]}},{"type":"Feature","id":"苓雅005","geometry":{"type":"Point","coordinates":[120.339432,22.625164]},"properties":{"name":"榕樹","code":"苓雅005","county":"高雄市","address":"高雄市苓雅區中正一路中正高中對面中正公園大門進去左側","land_parcel":"衛武段956地號","_featureId":"苓雅005","countyCodes":["64000"]}},{"type":"Feature","id":"苓雅006","geometry":{"type":"Point","coordinates":[120.321158,22.624076]},"properties":{"name":"榕樹","code":"苓雅006","county":"高雄市","address":"高雄市苓雅區和平一路116號高師大藝術大樓大門右側","land_parcel":"五權段491地號","_featureId":"苓雅006","countyCodes":["64000"]}},{"type":"Feature","id":"苓雅007","geometry":{"type":"Point","coordinates":[120.321288,22.62339]},"properties":{"name":"榕樹","code":"苓雅007","county":"高雄市","address":"高雄市苓雅區和平一路116號高師大游泳池左側宿舍圍籬前","land_parcel":"五權段490地號","_featureId":"苓雅007","countyCodes":["64000"]}},{"type":"Feature","id":"苓雅008","geometry":{"type":"Point","coordinates":[120.321414,22.623454]},"properties":{"name":"榕樹","code":"苓雅008","county":"高雄市","address":"高雄市苓雅區和平一路116號高雄師範大學游泳池左側宿舍圍籬前","land_parcel":"五權段490地號","_featureId":"苓雅008","countyCodes":["64000"]}},{"type":"Feature","id":"苓雅009","geometry":{"type":"Point","coordinates":[120.321657,22.623536]},"properties":{"name":"榕樹","code":"苓雅009","county":"高雄市","address":"高雄市苓雅區和平一路116號高雄師範大學游泳池左側宿舍圍籬前","land_parcel":"五權段490地號","_featureId":"苓雅009","countyCodes":["64000"]}},{"type":"Feature","id":"苓雅010","geometry":{"type":"Point","coordinates":[120.321725,22.623573]},"properties":{"name":"榕樹","code":"苓雅010","county":"高雄市","address":"高雄市苓雅區和平一路116號高雄師範大學游泳池左側宿舍圍籬前","land_parcel":"五權段490地號","_featureId":"苓雅010","countyCodes":["64000"]}},{"type":"Feature","id":"苓雅013","geometry":{"type":"Point","coordinates":[120.322152,22.623755]},"properties":{"name":"榕樹","code":"苓雅013","county":"高雄市","address":"高雄市苓雅區和平一路116號高雄師範大學游泳池左側宿舍圍籬前","land_parcel":"五權段487-2地號","_featureId":"苓雅013","countyCodes":["64000"]}},{"type":"Feature","id":"苓雅014","geometry":{"type":"Point","coordinates":[120.324879,22.61516]},"properties":{"name":"刺桐","code":"苓雅014","county":"高雄市","address":"高雄市苓雅區英明路147號英明國中英明樓前","land_parcel":"林聖段1小段2060地號","_featureId":"苓雅014","countyCodes":["64000"]}},{"type":"Feature","id":"苓雅015","geometry":{"type":"Point","coordinates":[120.324586,22.615367]},"properties":{"name":"印度菩提樹","code":"苓雅015","county":"高雄市","address":"高雄市苓雅區英明路147號英明國中英明樓前","land_parcel":"林聖段1小段2060地號","_featureId":"苓雅015","countyCodes":["64000"]}},{"type":"Feature","id":"苓雅017","geometry":{"type":"Point","coordinates":[120.324417,22.616197]},"properties":{"name":"雨豆樹","code":"苓雅017","county":"高雄市","address":"高雄市苓雅區英明路147號英明國中旁公園內","land_parcel":"林聖段1小段2059地號","_featureId":"苓雅017","countyCodes":["64000"]}},{"type":"Feature","id":"苓雅018","geometry":{"type":"Point","coordinates":[120.326669,22.631134]},"properties":{"name":"雨豆樹","code":"苓雅018","county":"高雄市","address":"高雄市苓雅區武廟路及家齊路交叉口","land_parcel":"五塊厝段2304地號","_featureId":"苓雅018","countyCodes":["64000"]}},{"type":"Feature","id":"苓雅019","geometry":{"type":"Point","coordinates":[120.322912,22.627479]},"properties":{"name":"印度菩提樹","code":"苓雅019","county":"高雄市","address":"高雄市苓雅區凱旋二路585號(杏一藥局對面)","land_parcel":"福裕段89-4地號","_featureId":"苓雅019","countyCodes":["64000"]}},{"type":"Feature","id":"苓雅020","geometry":{"type":"Point","coordinates":[120.323273,22.629251]},"properties":{"name":"雨豆樹","code":"苓雅020","county":"高雄市","address":"高雄市苓雅區河南路輕軌凱旋公園站內","land_parcel":"福裕段12地號","_featureId":"苓雅020","countyCodes":["64000"]}},{"type":"Feature","id":"苓雅021","geometry":{"type":"Point","coordinates":[120.328593,22.627566]},"properties":{"name":"南洋櫻","code":"苓雅021","county":"高雄市","address":"高雄市苓雅區福德網球場旁正言路上","land_parcel":"福河段856地號","_featureId":"苓雅021","countyCodes":["64000"]}},{"type":"Feature","id":"苓雅022","geometry":{"type":"Point","coordinates":[120.337398,22.621164]},"properties":{"name":"大葉桃花心木","code":"苓雅022","county":"高雄市","address":"衛武營都會公園","land_parcel":"衛武段992-5地號","_featureId":"苓雅022","countyCodes":["64000"]}},{"type":"Feature","id":"苓雅023","geometry":{"type":"Point","coordinates":[120.33793,22.619793]},"properties":{"name":"榕樹","code":"苓雅023","county":"高雄市","address":"衛武營都會公園","land_parcel":"衛武段992-5地號","_featureId":"苓雅023","countyCodes":["64000"]}},{"type":"Feature","id":"苓雅024","geometry":{"type":"Point","coordinates":[120.337823,22.619901]},"properties":{"name":"榕樹","code":"苓雅024","county":"高雄市","address":"衛武營都會公園","land_parcel":"衛武段992-5地號","_featureId":"苓雅024","countyCodes":["64000"]}},{"type":"Feature","id":"苓雅025","geometry":{"type":"Point","coordinates":[120.337677,22.619738]},"properties":{"name":"榕樹","code":"苓雅025","county":"高雄市","address":"衛武營都會公園","land_parcel":"衛武段992-5地號","_featureId":"苓雅025","countyCodes":["64000"]}},{"type":"Feature","id":"苓雅026","geometry":{"type":"Point","coordinates":[120.337657,22.619883]},"properties":{"name":"榕樹","code":"苓雅026","county":"高雄市","address":"衛武營都會公園","land_parcel":"衛武段992-5地號","_featureId":"苓雅026","countyCodes":["64000"]}},{"type":"Feature","id":"苓雅027","geometry":{"type":"Point","coordinates":[120.337265,22.62045]},"properties":{"name":"榕樹","code":"苓雅027","county":"高雄市","address":"衛武營都會公園","land_parcel":"衛武段992-5地號","_featureId":"苓雅027","countyCodes":["64000"]}},{"type":"Feature","id":"苓雅028","geometry":{"type":"Point","coordinates":[120.337382,22.618364]},"properties":{"name":"榕樹","code":"苓雅028","county":"高雄市","address":"衛武營都會公園","land_parcel":"衛武段997-1地號","_featureId":"苓雅028","countyCodes":["64000"]}},{"type":"Feature","id":"苓雅029","geometry":{"type":"Point","coordinates":[120.337391,22.618653]},"properties":{"name":"榕樹","code":"苓雅029","county":"高雄市","address":"衛武營都會公園","land_parcel":"衛武段992地號","_featureId":"苓雅029","countyCodes":["64000"]}},{"type":"Feature","id":"苓雅030","geometry":{"type":"Point","coordinates":[120.338923,22.619608]},"properties":{"name":"榕樹","code":"苓雅030","county":"高雄市","address":"衛武營都會公園","land_parcel":"衛武段992-5地號","_featureId":"苓雅030","countyCodes":["64000"]}},{"type":"Feature","id":"苓雅031","geometry":{"type":"Point","coordinates":[120.338939,22.618398]},"properties":{"name":"榕樹","code":"苓雅031","county":"高雄市","address":"衛武營都會公園","land_parcel":"衛武段992-5地號","_featureId":"苓雅031","countyCodes":["64000"]}},{"type":"Feature","id":"苓雅032","geometry":{"type":"Point","coordinates":[120.33731,22.623385]},"properties":{"name":"榕樹","code":"苓雅032","county":"高雄市","address":"衛武營都會公園","land_parcel":"衛武段992-5地號","_featureId":"苓雅032","countyCodes":["64000"]}},{"type":"Feature","id":"苓雅033","geometry":{"type":"Point","coordinates":[120.33765,22.623341]},"properties":{"name":"榕樹","code":"苓雅033","county":"高雄市","address":"衛武營都會公園","land_parcel":"衛武段992-5地號","_featureId":"苓雅033","countyCodes":["64000"]}},{"type":"Feature","id":"苓雅034","geometry":{"type":"Point","coordinates":[120.338126,22.623488]},"properties":{"name":"榕樹","code":"苓雅034","county":"高雄市","address":"衛武營都會公園","land_parcel":"衛武段992-5地號","_featureId":"苓雅034","countyCodes":["64000"]}},{"type":"Feature","id":"苓雅035","geometry":{"type":"Point","coordinates":[120.338009,22.623569]},"properties":{"name":"黑板樹","code":"苓雅035","county":"高雄市","address":"衛武營都會公園","land_parcel":"衛武段992-5地號","_featureId":"苓雅035","countyCodes":["64000"]}},{"type":"Feature","id":"苓雅036","geometry":{"type":"Point","coordinates":[120.338738,22.623671]},"properties":{"name":"黑板樹","code":"苓雅036","county":"高雄市","address":"衛武營都會公園","land_parcel":"衛武段992-5地號","_featureId":"苓雅036","countyCodes":["64000"]}},{"type":"Feature","id":"苓雅037","geometry":{"type":"Point","coordinates":[120.339699,22.624163]},"properties":{"name":"榕樹","code":"苓雅037","county":"高雄市","address":"衛武營都會公園","land_parcel":"衛武段987地號","_featureId":"苓雅037","countyCodes":["64000"]}},{"type":"Feature","id":"苓雅038","geometry":{"type":"Point","coordinates":[120.339845,22.624217]},"properties":{"name":"榕樹","code":"苓雅038","county":"高雄市","address":"衛武營都會公園","land_parcel":"衛武段987地號","_featureId":"苓雅038","countyCodes":["64000"]}},{"type":"Feature","id":"苓雅039","geometry":{"type":"Point","coordinates":[120.313729,22.623629]},"properties":{"name":"菩提樹","code":"苓雅039","county":"高雄市","address":"高雄市苓雅區青年一路103號(高雄市苓雅區四維國民小學門口旁人行道)","land_parcel":"林德官段四小段4060地號","_featureId":"苓雅039","countyCodes":["64000"]}},{"type":"Feature","id":"苓雅040","geometry":{"type":"Point","coordinates":[120.331005,22.625617]},"properties":{"name":"榕樹","code":"苓雅040","county":"高雄市","address":"福安公園","land_parcel":"福河段1959地號","_featureId":"苓雅040","countyCodes":["64000"]}},{"type":"Feature","id":"苓雅041","geometry":{"type":"Point","coordinates":[120.331278,22.625609]},"properties":{"name":"雨豆樹","code":"苓雅041","county":"高雄市","address":"福安公園","land_parcel":"福河段1959地號","_featureId":"苓雅041","countyCodes":["64000"]}},{"type":"Feature","id":"苓雅042","geometry":{"type":"Point","coordinates":[120.331452,22.625817]},"properties":{"name":"雨豆樹","code":"苓雅042","county":"高雄市","address":"福安公園","land_parcel":"福河段1959地號","_featureId":"苓雅042","countyCodes":["64000"]}},{"type":"Feature","id":"苓雅043","geometry":{"type":"Point","coordinates":[120.331432,22.625871]},"properties":{"name":"雨豆樹","code":"苓雅043","county":"高雄市","address":"福安公園","land_parcel":"福河段1959地號","_featureId":"苓雅043","countyCodes":["64000"]}},{"type":"Feature","id":"苓雅044","geometry":{"type":"Point","coordinates":[120.331091,22.625879]},"properties":{"name":"雨豆樹","code":"苓雅044","county":"高雄市","address":"福安公園","land_parcel":"福河段1959地號","_featureId":"苓雅044","countyCodes":["64000"]}},{"type":"Feature","id":"苓雅045","geometry":{"type":"Point","coordinates":[120.33153,22.62561]},"properties":{"name":"雨豆樹","code":"苓雅045","county":"高雄市","address":"福安公園","land_parcel":"福河段1959地號","_featureId":"苓雅045","countyCodes":["64000"]}},{"type":"Feature","id":"苓雅046","geometry":{"type":"Point","coordinates":[120.331416,22.625122]},"properties":{"name":"雨豆樹","code":"苓雅046","county":"高雄市","address":"福安公園","land_parcel":"福河段1959地號","_featureId":"苓雅046","countyCodes":["64000"]}},{"type":"Feature","id":"新興001","geometry":{"type":"Point","coordinates":[120.299636,22.627036]},"properties":{"name":"樟樹","code":"新興001","county":"高雄市","address":"高雄市新興區大同一路231號","land_parcel":"前金段433地號","_featureId":"新興001","countyCodes":["64000"]}},{"type":"Feature","id":"新興002","geometry":{"type":"Point","coordinates":[120.299694,22.627036]},"properties":{"name":"樟樹","code":"新興002","county":"高雄市","address":"高雄市新興區大同一路231號","land_parcel":"前金段433地號","_featureId":"新興002","countyCodes":["64000"]}},{"type":"Feature","id":"新興003","geometry":{"type":"Point","coordinates":[120.299664,22.627081]},"properties":{"name":"樟樹","code":"新興003","county":"高雄市","address":"高雄市新興區大同一路231號","land_parcel":"前金段433地號","_featureId":"新興003","countyCodes":["64000"]}},{"type":"Feature","id":"新興004","geometry":{"type":"Point","coordinates":[120.299664,22.627099]},"properties":{"name":"樟樹","code":"新興004","county":"高雄市","address":"高雄市新興區大同一路231號","land_parcel":"前金段433地號","_featureId":"新興004","countyCodes":["64000"]}},{"type":"Feature","id":"新興006","geometry":{"type":"Point","coordinates":[120.299596,22.627153]},"properties":{"name":"樟樹","code":"新興006","county":"高雄市","address":"高雄市新興區大同一路231號","land_parcel":"前金段433地號","_featureId":"新興006","countyCodes":["64000"]}},{"type":"Feature","id":"新興008","geometry":{"type":"Point","coordinates":[120.299576,22.627189]},"properties":{"name":"樟樹","code":"新興008","county":"高雄市","address":"高雄市新興區大同一路231號","land_parcel":"前金段433地號","_featureId":"新興008","countyCodes":["64000"]}},{"type":"Feature","id":"新興010","geometry":{"type":"Point","coordinates":[120.299187,22.627323]},"properties":{"name":"雨豆樹","code":"新興010","county":"高雄市","address":"高雄市新興區大同一路231號","land_parcel":"前金段433地號","_featureId":"新興010","countyCodes":["64000"]}},{"type":"Feature","id":"新興011","geometry":{"type":"Point","coordinates":[120.298881,22.628089]},"properties":{"name":"樟樹","code":"新興011","county":"高雄市","address":"高雄市新興區大同一路231號","land_parcel":"前金段433地號","_featureId":"新興011","countyCodes":["64000"]}},{"type":"Feature","id":"新興012","geometry":{"type":"Point","coordinates":[120.298813,22.628071]},"properties":{"name":"樟樹","code":"新興012","county":"高雄市","address":"高雄市新興區大同一路231號","land_parcel":"前金段433地號","_featureId":"新興012","countyCodes":["64000"]}},{"type":"Feature","id":"新興013","geometry":{"type":"Point","coordinates":[120.298672,22.627176]},"properties":{"name":"印度菩提樹","code":"新興013","county":"高雄市","address":"高雄市新興區大同一路231號大同國小行政中心前","land_parcel":"前金段433地號","_featureId":"新興013","countyCodes":["64000"]}},{"type":"Feature","id":"新興014","geometry":{"type":"Point","coordinates":[120.298497,22.627094]},"properties":{"name":"印度菩提樹","code":"新興014","county":"高雄市","address":"高雄市新興區大同一路231號大同國小行政中心前","land_parcel":"前金段433地號","_featureId":"新興014","countyCodes":["64000"]}},{"type":"Feature","id":"新興016","geometry":{"type":"Point","coordinates":[120.298745,22.628053]},"properties":{"name":"樟樹","code":"新興016","county":"高雄市","address":"高雄市新興區大同一路231號大同國小後門","land_parcel":"前金段433地號","_featureId":"新興016","countyCodes":["64000"]}},{"type":"Feature","id":"新興017","geometry":{"type":"Point","coordinates":[120.298697,22.628034]},"properties":{"name":"樟樹","code":"新興017","county":"高雄市","address":"高雄市新興區大同一路231號大同國小後門","land_parcel":"前金段433地號","_featureId":"新興017","countyCodes":["64000"]}},{"type":"Feature","id":"新興018","geometry":{"type":"Point","coordinates":[120.298658,22.628016]},"properties":{"name":"樟樹","code":"新興018","county":"高雄市","address":"高雄市新興區大同一路231號大同國小後門","land_parcel":"前金段433地號","_featureId":"新興018","countyCodes":["64000"]}},{"type":"Feature","id":"新興020","geometry":{"type":"Point","coordinates":[120.298599,22.627998]},"properties":{"name":"樟樹","code":"新興020","county":"高雄市","address":"高雄市新興區大同一路231號大同國小後門","land_parcel":"前金段433地號","_featureId":"新興020","countyCodes":["64000"]}},{"type":"Feature","id":"新興021","geometry":{"type":"Point","coordinates":[120.29857,22.62798]},"properties":{"name":"樟樹","code":"新興021","county":"高雄市","address":"高雄市新興區大同一路231號大同國小後門","land_parcel":"前金段433地號","_featureId":"新興021","countyCodes":["64000"]}},{"type":"Feature","id":"新興022","geometry":{"type":"Point","coordinates":[120.298541,22.627979]},"properties":{"name":"樟樹","code":"新興022","county":"高雄市","address":"高雄市新興區大同一路231號大同國小後門","land_parcel":"前金段433地號","_featureId":"新興022","countyCodes":["64000"]}},{"type":"Feature","id":"新興024","geometry":{"type":"Point","coordinates":[120.298502,22.627961]},"properties":{"name":"樟樹","code":"新興024","county":"高雄市","address":"高雄市新興區大同一路231號大同國小後門","land_parcel":"前金段433地號","_featureId":"新興024","countyCodes":["64000"]}},{"type":"Feature","id":"新興025","geometry":{"type":"Point","coordinates":[120.298415,22.627934]},"properties":{"name":"樟樹","code":"新興025","county":"高雄市","address":"高雄市新興區大同一路231號大同國小後門","land_parcel":"前金段433地號","_featureId":"新興025","countyCodes":["64000"]}},{"type":"Feature","id":"新興026","geometry":{"type":"Point","coordinates":[120.298347,22.627897]},"properties":{"name":"樟樹","code":"新興026","county":"高雄市","address":"高雄市新興區大同一路231號大同國小後門","land_parcel":"前金段433地號","_featureId":"新興026","countyCodes":["64000"]}},{"type":"Feature","id":"新興027","geometry":{"type":"Point","coordinates":[120.298308,22.627888]},"properties":{"name":"樟樹","code":"新興027","county":"高雄市","address":"高雄市新興區大同一路231號大同國小後門","land_parcel":"前金段433地號","_featureId":"新興027","countyCodes":["64000"]}},{"type":"Feature","id":"新興028","geometry":{"type":"Point","coordinates":[120.29826,22.627879]},"properties":{"name":"樟樹","code":"新興028","county":"高雄市","address":"高雄市新興區大同一路231號大同國小後門","land_parcel":"前金段433地號","_featureId":"新興028","countyCodes":["64000"]}},{"type":"Feature","id":"新興029","geometry":{"type":"Point","coordinates":[120.298192,22.62786]},"properties":{"name":"樟樹","code":"新興029","county":"高雄市","address":"高雄市新興區大同一路231號大同國小後門","land_parcel":"前金段433地號","_featureId":"新興029","countyCodes":["64000"]}},{"type":"Feature","id":"新興030","geometry":{"type":"Point","coordinates":[120.298163,22.627842]},"properties":{"name":"樟樹","code":"新興030","county":"高雄市","address":"高雄市新興區大同一路231號大同國小後門","land_parcel":"前金段433地號","_featureId":"新興030","countyCodes":["64000"]}},{"type":"Feature","id":"新興031","geometry":{"type":"Point","coordinates":[120.298104,22.627833]},"properties":{"name":"樟樹","code":"新興031","county":"高雄市","address":"高雄市新興區大同一路231號大同國小後門","land_parcel":"前金段433地號","_featureId":"新興031","countyCodes":["64000"]}},{"type":"Feature","id":"新興032","geometry":{"type":"Point","coordinates":[120.298046,22.627806]},"properties":{"name":"樟樹","code":"新興032","county":"高雄市","address":"高雄市新興區大同一路231號大同國小後門","land_parcel":"前金段433地號","_featureId":"新興032","countyCodes":["64000"]}},{"type":"Feature","id":"新興035","geometry":{"type":"Point","coordinates":[120.297795,22.627389]},"properties":{"name":"榕樹","code":"新興035","county":"高雄市","address":"高雄市新興區大同國小內司令台右側","land_parcel":"前金段433地號","_featureId":"新興035","countyCodes":["64000"]}},{"type":"Feature","id":"新興036","geometry":{"type":"Point","coordinates":[120.309351,22.625561]},"properties":{"name":"榕樹","code":"新興036","county":"高雄市","address":"高雄市新興區五福二路3號","land_parcel":"大統段2小段76地號","_featureId":"新興036","countyCodes":["64000"]}},{"type":"Feature","id":"新興037","geometry":{"type":"Point","coordinates":[120.309516,22.625742]},"properties":{"name":"樟樹","code":"新興037","county":"高雄市","address":"高雄市新興區五福二路3號","land_parcel":"大統段2小段76地號","_featureId":"新興037","countyCodes":["64000"]}},{"type":"Feature","id":"新興038","geometry":{"type":"Point","coordinates":[120.309593,22.62577]},"properties":{"name":"樟樹","code":"新興038","county":"高雄市","address":"高雄市新興區五福二路3號","land_parcel":"大統段2小段76地號","_featureId":"新興038","countyCodes":["64000"]}},{"type":"Feature","id":"新興040","geometry":{"type":"Point","coordinates":[120.309865,22.623956]},"properties":{"name":"樟樹","code":"新興040","county":"高雄市","address":"高雄市新興區五福二路3號","land_parcel":"大統段2小段76地號","_featureId":"新興040","countyCodes":["64000"]}},{"type":"Feature","id":"新興041","geometry":{"type":"Point","coordinates":[120.309855,22.624001]},"properties":{"name":"樟樹","code":"新興041","county":"高雄市","address":"高雄市新興區五福二路3號","land_parcel":"大統段2小段76地號","_featureId":"新興041","countyCodes":["64000"]}},{"type":"Feature","id":"新興042","geometry":{"type":"Point","coordinates":[120.309845,22.624037]},"properties":{"name":"樟樹","code":"新興042","county":"高雄市","address":"高雄市新興區五福二路3號","land_parcel":"大統段2小段76地號","_featureId":"新興042","countyCodes":["64000"]}},{"type":"Feature","id":"新興043","geometry":{"type":"Point","coordinates":[120.309835,22.624082]},"properties":{"name":"樟樹","code":"新興043","county":"高雄市","address":"高雄市新興區五福二路3號","land_parcel":"大統段2小段76地號","_featureId":"新興043","countyCodes":["64000"]}},{"type":"Feature","id":"新興044","geometry":{"type":"Point","coordinates":[120.309806,22.624127]},"properties":{"name":"樟樹","code":"新興044","county":"高雄市","address":"高雄市新興區五福二路3號","land_parcel":"大統段2小段76地號","_featureId":"新興044","countyCodes":["64000"]}},{"type":"Feature","id":"新興045","geometry":{"type":"Point","coordinates":[120.309796,22.624154]},"properties":{"name":"樟樹","code":"新興045","county":"高雄市","address":"高雄市新興區五福二路3號","land_parcel":"大統段2小段76地號","_featureId":"新興045","countyCodes":["64000"]}},{"type":"Feature","id":"新興046","geometry":{"type":"Point","coordinates":[120.309767,22.624217]},"properties":{"name":"樟樹","code":"新興046","county":"高雄市","address":"高雄市新興區五福二路3號","land_parcel":"大統段2小段76地號","_featureId":"新興046","countyCodes":["64000"]}},{"type":"Feature","id":"新興047","geometry":{"type":"Point","coordinates":[120.309747,22.624262]},"properties":{"name":"樟樹","code":"新興047","county":"高雄市","address":"高雄市新興區五福二路3號","land_parcel":"大統段2小段76地號","_featureId":"新興047","countyCodes":["64000"]}},{"type":"Feature","id":"新興048","geometry":{"type":"Point","coordinates":[120.308811,22.624647]},"properties":{"name":"樟樹","code":"新興048","county":"高雄市","address":"高雄市新興區五福二路3號","land_parcel":"大統段2小段76地號","_featureId":"新興048","countyCodes":["64000"]}},{"type":"Feature","id":"新興049","geometry":{"type":"Point","coordinates":[120.308791,22.624683]},"properties":{"name":"樟樹","code":"新興049","county":"高雄市","address":"高雄市新興區五福二路3號","land_parcel":"大統段2小段76地號","_featureId":"新興049","countyCodes":["64000"]}},{"type":"Feature","id":"新興050","geometry":{"type":"Point","coordinates":[120.308772,22.624728]},"properties":{"name":"樟樹","code":"新興050","county":"高雄市","address":"高雄市新興區五福二路3號","land_parcel":"大統段2小段76地號","_featureId":"新興050","countyCodes":["64000"]}},{"type":"Feature","id":"新興051","geometry":{"type":"Point","coordinates":[120.308762,22.624764]},"properties":{"name":"樟樹","code":"新興051","county":"高雄市","address":"高雄市新興區五福二路3號","land_parcel":"大統段2小段76地號","_featureId":"新興051","countyCodes":["64000"]}},{"type":"Feature","id":"新興052","geometry":{"type":"Point","coordinates":[120.308732,22.624827]},"properties":{"name":"樟樹","code":"新興052","county":"高雄市","address":"高雄市新興區五福二路3號","land_parcel":"大統段2小段76地號","_featureId":"新興052","countyCodes":["64000"]}},{"type":"Feature","id":"新興053","geometry":{"type":"Point","coordinates":[120.308723,22.624854]},"properties":{"name":"樟樹","code":"新興053","county":"高雄市","address":"高雄市新興區五福二路3號","land_parcel":"大統段2小段76地號","_featureId":"新興053","countyCodes":["64000"]}},{"type":"Feature","id":"新興054","geometry":{"type":"Point","coordinates":[120.308703,22.624881]},"properties":{"name":"樟樹","code":"新興054","county":"高雄市","address":"高雄市新興區五福二路3號","land_parcel":"大統段2小段76地號","_featureId":"新興054","countyCodes":["64000"]}},{"type":"Feature","id":"新興055","geometry":{"type":"Point","coordinates":[120.308683,22.624917]},"properties":{"name":"樟樹","code":"新興055","county":"高雄市","address":"高雄市新興區五福二路3號","land_parcel":"大統段2小段76地號","_featureId":"新興055","countyCodes":["64000"]}},{"type":"Feature","id":"新興056","geometry":{"type":"Point","coordinates":[120.308673,22.624953]},"properties":{"name":"樟樹","code":"新興056","county":"高雄市","address":"高雄市新興區五福二路3號","land_parcel":"大統段2小段76地號","_featureId":"新興056","countyCodes":["64000"]}},{"type":"Feature","id":"新興057","geometry":{"type":"Point","coordinates":[120.308664,22.62498]},"properties":{"name":"樟樹","code":"新興057","county":"高雄市","address":"高雄市新興區五福二路3號","land_parcel":"大統段2小段76地號","_featureId":"新興057","countyCodes":["64000"]}},{"type":"Feature","id":"新興058","geometry":{"type":"Point","coordinates":[120.308654,22.625016]},"properties":{"name":"樟樹","code":"新興058","county":"高雄市","address":"高雄市新興區五福二路3號","land_parcel":"大統段2小段76地號","_featureId":"新興058","countyCodes":["64000"]}},{"type":"Feature","id":"新興059","geometry":{"type":"Point","coordinates":[120.308614,22.62507]},"properties":{"name":"樟樹","code":"新興059","county":"高雄市","address":"高雄市新興區五福二路3號","land_parcel":"大統段2小段76地號","_featureId":"新興059","countyCodes":["64000"]}},{"type":"Feature","id":"新興060","geometry":{"type":"Point","coordinates":[120.308536,22.62525]},"properties":{"name":"樟樹","code":"新興060","county":"高雄市","address":"高雄市新興區五福二路3號","land_parcel":"大統段2小段76地號","_featureId":"新興060","countyCodes":["64000"]}},{"type":"Feature","id":"新興061","geometry":{"type":"Point","coordinates":[120.308506,22.625295]},"properties":{"name":"樟樹","code":"新興061","county":"高雄市","address":"高雄市新興區五福二路3號","land_parcel":"大統段2小段76地號","_featureId":"新興061","countyCodes":["64000"]}},{"type":"Feature","id":"新興065","geometry":{"type":"Point","coordinates":[120.308814,22.631916]},"properties":{"name":"印度菩提樹","code":"新興065","county":"高雄市","address":"高雄市新興區六合一路55巷20號前","land_parcel":"新興段1小段967-11地號","_featureId":"新興065","countyCodes":["64000"]}},{"type":"Feature","id":"新興066","geometry":{"type":"Point","coordinates":[120.312705,22.635807]},"properties":{"name":"榕樹","code":"新興066","county":"高雄市","address":"高雄市新興區平里新興公園旁（河南一路與民族二路交叉口）","land_parcel":"新興段1小段125地號","_featureId":"新興066","countyCodes":["64000"]}},{"type":"Feature","id":"新興067","geometry":{"type":"Point","coordinates":[120.299527,22.635001]},"properties":{"name":"榕樹","code":"新興067","county":"高雄市","address":"高雄市新興區南臺橫路35號","land_parcel":"新興段4小段596地號","_featureId":"新興067","countyCodes":["64000"]}},{"type":"Feature","id":"新興068","geometry":{"type":"Point","coordinates":[120.313076,22.629605]},"properties":{"name":"榕樹","code":"新興068","county":"高雄市","address":"鼎新公園","land_parcel":"林德官段1559","_featureId":"新興068","countyCodes":["64000"]}},{"type":"Feature","id":"新興069","geometry":{"type":"Point","coordinates":[120.31303,22.629189]},"properties":{"name":"榕樹","code":"新興069","county":"高雄市","address":"鼎新公園","land_parcel":"林德官段1559","_featureId":"新興069","countyCodes":["64000"]}},{"type":"Feature","id":"新興070","geometry":{"type":"Point","coordinates":[120.313038,22.629442]},"properties":{"name":"榕樹","code":"新興070","county":"高雄市","address":"鼎新公園","land_parcel":"林德官段1559","_featureId":"新興070","countyCodes":["64000"]}},{"type":"Feature","id":"新興071","geometry":{"type":"Point","coordinates":[120.313,22.629424]},"properties":{"name":"榕樹","code":"新興071","county":"高雄市","address":"鼎新公園","land_parcel":"林德官段1559","_featureId":"新興071","countyCodes":["64000"]}},{"type":"Feature","id":"楠梓001","geometry":{"type":"Point","coordinates":[120.288362,22.726748]},"properties":{"name":"榕樹","code":"楠梓001","county":"高雄市","address":"高雄市楠梓區大學十街與大學七街處(位於大學七街中間附近)","land_parcel":"藍田中段74號","_featureId":"楠梓001","countyCodes":["64000"]}},{"type":"Feature","id":"楠梓002","geometry":{"type":"Point","coordinates":[120.286834,22.728646]},"properties":{"name":"榕樹","code":"楠梓002","county":"高雄市","address":"高雄市楠梓區大學十一街與藍田路交叉口(涼部後方)","land_parcel":"藍田中段29號","_featureId":"楠梓002","countyCodes":["64000"]}},{"type":"Feature","id":"楠梓004","geometry":{"type":"Point","coordinates":[120.287702,22.726465]},"properties":{"name":"榕樹","code":"楠梓004","county":"高雄市","address":"高雄市楠梓區大學十街237號對面空地","land_parcel":"藍田中段74號","_featureId":"楠梓004","countyCodes":["64000"]}},{"type":"Feature","id":"楠梓005","geometry":{"type":"Point","coordinates":[120.302597,22.707033]},"properties":{"name":"白千層","code":"楠梓005","county":"高雄市","address":"高雄市楠梓區中油煉油廠大門口左側往楠梓方向第77株白千層","land_parcel":"油廠段241地號","_featureId":"楠梓005","countyCodes":["64000"]}},{"type":"Feature","id":"楠梓006","geometry":{"type":"Point","coordinates":[120.302597,22.707087]},"properties":{"name":"白千層","code":"楠梓006","county":"高雄市","address":"高雄市楠梓區中油煉油廠大門口左側往楠梓方向第81株白千層","land_parcel":"油廠段241地號","_featureId":"楠梓006","countyCodes":["64000"]}},{"type":"Feature","id":"楠梓013","geometry":{"type":"Point","coordinates":[120.302584,22.707683]},"properties":{"name":"白千層","code":"楠梓013","county":"高雄市","address":"高雄市楠梓區中油煉油廠大門口左側往楠梓方向第101株白千層","land_parcel":"油廠段241地號","_featureId":"楠梓013","countyCodes":["64000"]}},{"type":"Feature","id":"楠梓014","geometry":{"type":"Point","coordinates":[120.302777,22.700306]},"properties":{"name":"白千層","code":"楠梓014","county":"高雄市","address":"高雄市楠梓區左楠路旁中油加油站往楠梓方向第9株白千層","land_parcel":"油廠段276地號","_featureId":"楠梓014","countyCodes":["64000"]}},{"type":"Feature","id":"楠梓015","geometry":{"type":"Point","coordinates":[120.302787,22.700261]},"properties":{"name":"白千層","code":"楠梓015","county":"高雄市","address":"高雄市楠梓區左楠路旁中油加油站往楠梓方向第3株白千層","land_parcel":"油廠段276地號","_featureId":"楠梓015","countyCodes":["64000"]}},{"type":"Feature","id":"楠梓017","geometry":{"type":"Point","coordinates":[120.302185,22.703889]},"properties":{"name":"樟樹","code":"楠梓017","county":"高雄市","address":"高雄市楠梓區中油煉油廠宿舍(宏毅一路)大門右側公園空地","land_parcel":"油舍段342地號","_featureId":"楠梓017","countyCodes":["64000"]}},{"type":"Feature","id":"楠梓018","geometry":{"type":"Point","coordinates":[120.302224,22.703853]},"properties":{"name":"樟樹","code":"楠梓018","county":"高雄市","address":"高雄市楠梓區中油煉油廠宿舍(宏毅一路)大門右側公園空地","land_parcel":"油舍段342地號","_featureId":"楠梓018","countyCodes":["64000"]}},{"type":"Feature","id":"楠梓019","geometry":{"type":"Point","coordinates":[120.302224,22.70379]},"properties":{"name":"樟樹","code":"楠梓019","county":"高雄市","address":"高雄市楠梓區中油煉油廠宿舍(宏毅一路)大門右側公園空地","land_parcel":"油舍段342地號","_featureId":"楠梓019","countyCodes":["64000"]}},{"type":"Feature","id":"楠梓020","geometry":{"type":"Point","coordinates":[120.302225,22.70369]},"properties":{"name":"樟樹","code":"楠梓020","county":"高雄市","address":"高雄市楠梓區中油煉油廠宿舍(宏毅一路)大門右側公園空地","land_parcel":"油舍段342地號","_featureId":"楠梓020","countyCodes":["64000"]}},{"type":"Feature","id":"楠梓021","geometry":{"type":"Point","coordinates":[120.302128,22.703554]},"properties":{"name":"錫蘭橄欖","code":"楠梓021","county":"高雄市","address":"高雄市楠梓區中油煉油廠宿舍(宏毅一路)大門左方車棚旁","land_parcel":"油舍段342地號","_featureId":"楠梓021","countyCodes":["64000"]}},{"type":"Feature","id":"楠梓022","geometry":{"type":"Point","coordinates":[120.302099,22.703509]},"properties":{"name":"錫蘭橄欖","code":"楠梓022","county":"高雄市","address":"高雄市楠梓區中油煉油廠宿舍(宏毅一路)大門左方車棚旁","land_parcel":"油舍段342地號","_featureId":"楠梓022","countyCodes":["64000"]}},{"type":"Feature","id":"楠梓023","geometry":{"type":"Point","coordinates":[120.302119,22.703446]},"properties":{"name":"錫蘭橄欖","code":"楠梓023","county":"高雄市","address":"高雄市楠梓區中油煉油廠宿舍(宏毅一路)大門左方車棚旁","land_parcel":"油舍段342地號","_featureId":"楠梓023","countyCodes":["64000"]}},{"type":"Feature","id":"楠梓024","geometry":{"type":"Point","coordinates":[120.30208,22.703473]},"properties":{"name":"錫蘭橄欖","code":"楠梓024","county":"高雄市","address":"高雄市楠梓區中油煉油廠宿舍(宏毅一路)大門左方車棚旁","land_parcel":"油舍段342地號","_featureId":"楠梓024","countyCodes":["64000"]}},{"type":"Feature","id":"楠梓025","geometry":{"type":"Point","coordinates":[120.302171,22.704611]},"properties":{"name":"白千層","code":"楠梓025","county":"高雄市","address":"高雄市楠梓區中油煉油廠宿舍(宏毅一路)大門左側往後昌路方向","land_parcel":"油舍段303地號","_featureId":"楠梓025","countyCodes":["64000"]}},{"type":"Feature","id":"楠梓026","geometry":{"type":"Point","coordinates":[120.302171,22.704656]},"properties":{"name":"白千層","code":"楠梓026","county":"高雄市","address":"高雄市楠梓區中油煉油廠宿舍(宏毅一路)大門左側往後昌路方向","land_parcel":"油舍段303地號","_featureId":"楠梓026","countyCodes":["64000"]}},{"type":"Feature","id":"楠梓027","geometry":{"type":"Point","coordinates":[120.302171,22.704702]},"properties":{"name":"白千層","code":"楠梓027","county":"高雄市","address":"高雄市楠梓區中油煉油廠宿舍(宏毅一路)大門左側往後昌路方向","land_parcel":"油舍段303地號","_featureId":"楠梓027","countyCodes":["64000"]}},{"type":"Feature","id":"楠梓028","geometry":{"type":"Point","coordinates":[120.302161,22.704765]},"properties":{"name":"白千層","code":"楠梓028","county":"高雄市","address":"高雄市楠梓區中油煉油廠宿舍(宏毅一路)大門左側往後昌路方向","land_parcel":"油舍段286地號","_featureId":"楠梓028","countyCodes":["64000"]}},{"type":"Feature","id":"楠梓029","geometry":{"type":"Point","coordinates":[120.302161,22.704819]},"properties":{"name":"白千層","code":"楠梓029","county":"高雄市","address":"高雄市楠梓區中油煉油廠宿舍(宏毅一路)大門左側往後昌路方向","land_parcel":"油舍段286地號","_featureId":"楠梓029","countyCodes":["64000"]}},{"type":"Feature","id":"楠梓030","geometry":{"type":"Point","coordinates":[120.30216,22.704864]},"properties":{"name":"白千層","code":"楠梓030","county":"高雄市","address":"高雄市楠梓區中油煉油廠宿舍(宏毅一路)大門左側往後昌路方向","land_parcel":"油舍段286地號","_featureId":"楠梓030","countyCodes":["64000"]}},{"type":"Feature","id":"楠梓031","geometry":{"type":"Point","coordinates":[120.30217,22.704936]},"properties":{"name":"白千層","code":"楠梓031","county":"高雄市","address":"高雄市楠梓區中油煉油廠宿舍(宏毅一路)大門左側往後昌路方向","land_parcel":"油舍段286地號","_featureId":"楠梓031","countyCodes":["64000"]}},{"type":"Feature","id":"楠梓034","geometry":{"type":"Point","coordinates":[120.302148,22.705406]},"properties":{"name":"白千層","code":"楠梓034","county":"高雄市","address":"高雄市楠梓區中油煉油廠宿舍(宏毅一路)大門左側往後昌路方向","land_parcel":"油舍段286地號","_featureId":"楠梓034","countyCodes":["64000"]}},{"type":"Feature","id":"楠梓036","geometry":{"type":"Point","coordinates":[120.302147,22.705496]},"properties":{"name":"白千層","code":"楠梓036","county":"高雄市","address":"高雄市楠梓區中油煉油廠宿舍(宏毅一路)大門左側往後昌路方向","land_parcel":"油舍段286地號","_featureId":"楠梓036","countyCodes":["64000"]}},{"type":"Feature","id":"楠梓038","geometry":{"type":"Point","coordinates":[120.302137,22.705568]},"properties":{"name":"白千層","code":"楠梓038","county":"高雄市","address":"高雄市楠梓區中油煉油廠宿舍(宏毅一路)大門左側往後昌路方向","land_parcel":"油舍段286地號","_featureId":"楠梓038","countyCodes":["64000"]}},{"type":"Feature","id":"楠梓039","geometry":{"type":"Point","coordinates":[120.302166,22.705677]},"properties":{"name":"白千層","code":"楠梓039","county":"高雄市","address":"高雄市楠梓區中油煉油廠宿舍(宏毅一路)大門左側往後昌路方向","land_parcel":"油舍段286地號","_featureId":"楠梓039","countyCodes":["64000"]}},{"type":"Feature","id":"楠梓042","geometry":{"type":"Point","coordinates":[120.302164,22.706011]},"properties":{"name":"白千層","code":"楠梓042","county":"高雄市","address":"高雄市楠梓區中油煉油廠宿舍(宏毅一路)大門左側往後昌路方向","land_parcel":"油舍段286地號","_featureId":"楠梓042","countyCodes":["64000"]}},{"type":"Feature","id":"楠梓043","geometry":{"type":"Point","coordinates":[120.302154,22.706101]},"properties":{"name":"白千層","code":"楠梓043","county":"高雄市","address":"高雄市楠梓區中油煉油廠宿舍(宏毅一路)大門左側往後昌路方向","land_parcel":"油舍段286地號","_featureId":"楠梓043","countyCodes":["64000"]}},{"type":"Feature","id":"楠梓045","geometry":{"type":"Point","coordinates":[120.302143,22.706345]},"properties":{"name":"白千層","code":"楠梓045","county":"高雄市","address":"高雄市楠梓區中油煉油廠宿舍(宏毅一路)大門左側往後昌路方向","land_parcel":"油舍段286地號","_featureId":"楠梓045","countyCodes":["64000"]}},{"type":"Feature","id":"楠梓046","geometry":{"type":"Point","coordinates":[120.302133,22.706408]},"properties":{"name":"白千層","code":"楠梓046","county":"高雄市","address":"高雄市楠梓區中油煉油廠宿舍(宏毅一路)大門左側往後昌路方向","land_parcel":"油舍段286地號","_featureId":"楠梓046","countyCodes":["64000"]}},{"type":"Feature","id":"楠梓048","geometry":{"type":"Point","coordinates":[120.302142,22.706517]},"properties":{"name":"白千層","code":"楠梓048","county":"高雄市","address":"高雄市楠梓區中油煉油廠宿舍(宏毅一路)大門左側往後昌路方向","land_parcel":"油舍段286地號","_featureId":"楠梓048","countyCodes":["64000"]}},{"type":"Feature","id":"楠梓049","geometry":{"type":"Point","coordinates":[120.302142,22.706589]},"properties":{"name":"白千層","code":"楠梓049","county":"高雄市","address":"高雄市楠梓區中油煉油廠宿舍(宏毅一路)大門左側往後昌路方向","land_parcel":"油舍段286地號","_featureId":"楠梓049","countyCodes":["64000"]}},{"type":"Feature","id":"楠梓053","geometry":{"type":"Point","coordinates":[120.302121,22.706851]},"properties":{"name":"白千層","code":"楠梓053","county":"高雄市","address":"高雄市楠梓區中油煉油廠宿舍(宏毅一路)大門左側往後昌路方向","land_parcel":"油舍段286地號","_featureId":"楠梓053","countyCodes":["64000"]}},{"type":"Feature","id":"楠梓055","geometry":{"type":"Point","coordinates":[120.30212,22.707121]},"properties":{"name":"白千層","code":"楠梓055","county":"高雄市","address":"高雄市楠梓區中油煉油廠宿舍(宏毅一路)大門左側往後昌路方向","land_parcel":"油舍段286地號","_featureId":"楠梓055","countyCodes":["64000"]}},{"type":"Feature","id":"楠梓057","geometry":{"type":"Point","coordinates":[120.302109,22.707266]},"properties":{"name":"白千層","code":"楠梓057","county":"高雄市","address":"高雄市楠梓區中油煉油廠宿舍(宏毅一路)大門左側往後昌路方向","land_parcel":"油舍段286地號","_featureId":"楠梓057","countyCodes":["64000"]}},{"type":"Feature","id":"楠梓058","geometry":{"type":"Point","coordinates":[120.302099,22.707374]},"properties":{"name":"白千層","code":"楠梓058","county":"高雄市","address":"高雄市楠梓區中油煉油廠宿舍(宏毅一路)大門左側往後昌路方向","land_parcel":"油舍段286地號","_featureId":"楠梓058","countyCodes":["64000"]}},{"type":"Feature","id":"楠梓059","geometry":{"type":"Point","coordinates":[120.301882,22.704077]},"properties":{"name":"雨豆樹","code":"楠梓059","county":"高雄市","address":"高雄市楠梓區中油煉油廠宿舍大門直走右側公園旁","land_parcel":"油舍段303地號","_featureId":"楠梓059","countyCodes":["64000"]}},{"type":"Feature","id":"楠梓060","geometry":{"type":"Point","coordinates":[120.301908,22.704628]},"properties":{"name":"雨豆樹","code":"楠梓060","county":"高雄市","address":"高雄市楠梓區中油煉油廠宿舍大門直走右側公園旁","land_parcel":"油舍段303地號","_featureId":"楠梓060","countyCodes":["64000"]}},{"type":"Feature","id":"楠梓061","geometry":{"type":"Point","coordinates":[120.30163,22.703923]},"properties":{"name":"銀樺","code":"楠梓061","county":"高雄市","address":"高雄市楠梓區中油煉油廠宿舍大門直走左側100公尺處","land_parcel":"油舍段340地號","_featureId":"楠梓061","countyCodes":["64000"]}},{"type":"Feature","id":"楠梓062","geometry":{"type":"Point","coordinates":[120.302206,22.703564]},"properties":{"name":"樟樹","code":"楠梓062","county":"高雄市","address":"高雄市楠梓區中油煉油廠宿舍大門警衛室對面車棚","land_parcel":"油舍段342地號","_featureId":"楠梓062","countyCodes":["64000"]}},{"type":"Feature","id":"楠梓063","geometry":{"type":"Point","coordinates":[120.302206,22.703636]},"properties":{"name":"樟樹","code":"楠梓063","county":"高雄市","address":"高雄市楠梓區中油煉油廠宿舍大門警衛室對面車棚","land_parcel":"油舍段342地號","_featureId":"楠梓063","countyCodes":["64000"]}},{"type":"Feature","id":"楠梓064","geometry":{"type":"Point","coordinates":[120.302178,22.703311]},"properties":{"name":"樟樹","code":"楠梓064","county":"高雄市","address":"高雄市楠梓區中油煉油廠宿舍大門警衛室對面車棚","land_parcel":"油舍段342地號","_featureId":"楠梓064","countyCodes":["64000"]}},{"type":"Feature","id":"楠梓065","geometry":{"type":"Point","coordinates":[120.3021,22.703283]},"properties":{"name":"樟樹","code":"楠梓065","county":"高雄市","address":"高雄市楠梓區中油煉油廠宿舍大門警衛室對面車棚","land_parcel":"油舍段342地號","_featureId":"楠梓065","countyCodes":["64000"]}},{"type":"Feature","id":"楠梓066","geometry":{"type":"Point","coordinates":[120.30217,22.702959]},"properties":{"name":"樟樹","code":"楠梓066","county":"高雄市","address":"高雄市楠梓區中油煉油廠宿舍大門警衛室對面車棚","land_parcel":"油舍段343地號","_featureId":"楠梓066","countyCodes":["64000"]}},{"type":"Feature","id":"楠梓067","geometry":{"type":"Point","coordinates":[120.302218,22.703058]},"properties":{"name":"樟樹","code":"楠梓067","county":"高雄市","address":"高雄市楠梓區中油煉油廠宿舍大門警衛室對面車棚","land_parcel":"油舍段343地號","_featureId":"楠梓067","countyCodes":["64000"]}},{"type":"Feature","id":"楠梓068","geometry":{"type":"Point","coordinates":[120.302216,22.703528]},"properties":{"name":"白千層","code":"楠梓068","county":"高雄市","address":"高雄市楠梓區中油煉油廠宿舍大門警衛室對面車棚","land_parcel":"油舍段342地號","_featureId":"楠梓068","countyCodes":["64000"]}},{"type":"Feature","id":"楠梓069","geometry":{"type":"Point","coordinates":[120.302197,22.703473]},"properties":{"name":"白千層","code":"楠梓069","county":"高雄市","address":"高雄市楠梓區中油煉油廠宿舍大門警衛室對面車棚","land_parcel":"油舍段342地號","_featureId":"楠梓069","countyCodes":["64000"]}},{"type":"Feature","id":"楠梓075","geometry":{"type":"Point","coordinates":[120.302278,22.702815]},"properties":{"name":"白千層","code":"楠梓075","county":"高雄市","address":"高雄市楠梓區中油煉油廠宿舍大門警衛室對面車棚","land_parcel":"油舍段328地號","_featureId":"楠梓075","countyCodes":["64000"]}},{"type":"Feature","id":"楠梓077","geometry":{"type":"Point","coordinates":[120.302118,22.703609]},"properties":{"name":"樟樹","code":"楠梓077","county":"高雄市","address":"高雄市楠梓區中油煉油廠宿舍大門警衛室對面車棚往左營方向","land_parcel":"油舍段342地號","_featureId":"楠梓077","countyCodes":["64000"]}},{"type":"Feature","id":"楠梓078","geometry":{"type":"Point","coordinates":[120.314096,22.721974]},"properties":{"name":"樟樹","code":"楠梓078","county":"高雄市","address":"高雄市楠梓區加昌路216號","land_parcel":"和平段二小段333地號","_featureId":"楠梓078","countyCodes":["64000"]}},{"type":"Feature","id":"楠梓082","geometry":{"type":"Point","coordinates":[120.302682,22.703801]},"properties":{"name":"白千層","code":"楠梓082","county":"高雄市","address":"高雄市楠梓區左楠路2號(煉油廠會客室向左營方向第10株白千層)","land_parcel":"油廠段270地號","_featureId":"楠梓082","countyCodes":["64000"]}},{"type":"Feature","id":"楠梓086","geometry":{"type":"Point","coordinates":[120.302702,22.703638]},"properties":{"name":"白千層","code":"楠梓086","county":"高雄市","address":"高雄市楠梓區左楠路2號(煉油廠會客室向左營方向第16株白千層)","land_parcel":"油廠段270地號","_featureId":"楠梓086","countyCodes":["64000"]}},{"type":"Feature","id":"楠梓087","geometry":{"type":"Point","coordinates":[120.302702,22.703611]},"properties":{"name":"白千層","code":"楠梓087","county":"高雄市","address":"高雄市楠梓區左楠路2號(煉油廠會客室向左營方向第17株白千層)","land_parcel":"油廠段270地號","_featureId":"楠梓087","countyCodes":["64000"]}},{"type":"Feature","id":"楠梓088","geometry":{"type":"Point","coordinates":[120.302693,22.703548]},"properties":{"name":"白千層","code":"楠梓088","county":"高雄市","address":"高雄市楠梓區左楠路2號(煉油廠會客室向左營方向第18株白千層)","land_parcel":"油廠段270地號","_featureId":"楠梓088","countyCodes":["64000"]}},{"type":"Feature","id":"楠梓089","geometry":{"type":"Point","coordinates":[120.302705,22.703096]},"properties":{"name":"白千層","code":"楠梓089","county":"高雄市","address":"高雄市楠梓區左楠路2號(煉油廠會客室向左營方向第28株白千層)","land_parcel":"油廠段270地號","_featureId":"楠梓089","countyCodes":["64000"]}},{"type":"Feature","id":"楠梓090","geometry":{"type":"Point","coordinates":[120.302725,22.703015]},"properties":{"name":"白千層","code":"楠梓090","county":"高雄市","address":"高雄市楠梓區左楠路2號(煉油廠會客室向左營方向第29株白千層)","land_parcel":"油廠段270地號","_featureId":"楠梓090","countyCodes":["64000"]}},{"type":"Feature","id":"楠梓092","geometry":{"type":"Point","coordinates":[120.302725,22.702853]},"properties":{"name":"白千層","code":"楠梓092","county":"高雄市","address":"高雄市楠梓區左楠路2號(捷運世運3號出口後方第19株白千層)","land_parcel":"油廠段269地號","_featureId":"楠梓092","countyCodes":["64000"]}},{"type":"Feature","id":"楠梓093","geometry":{"type":"Point","coordinates":[120.302775,22.702708]},"properties":{"name":"白千層","code":"楠梓093","county":"高雄市","address":"高雄市楠梓區左楠路2號(捷運世運3號出口後方第15株白千層)","land_parcel":"油廠段269地號","_featureId":"楠梓093","countyCodes":["64000"]}},{"type":"Feature","id":"楠梓094","geometry":{"type":"Point","coordinates":[120.302785,22.702528]},"properties":{"name":"白千層","code":"楠梓094","county":"高雄市","address":"高雄市楠梓區左楠路2號(捷運世運3號出口後方第11株白千層)","land_parcel":"油廠段269地號","_featureId":"楠梓094","countyCodes":["64000"]}},{"type":"Feature","id":"楠梓095","geometry":{"type":"Point","coordinates":[120.302776,22.702456]},"properties":{"name":"白千層","code":"楠梓095","county":"高雄市","address":"高雄市楠梓區左楠路2號(捷運世運3號出口後方第9株白千層)","land_parcel":"油廠段269地號","_featureId":"楠梓095","countyCodes":["64000"]}},{"type":"Feature","id":"楠梓099","geometry":{"type":"Point","coordinates":[120.302797,22.70214]},"properties":{"name":"白千層","code":"楠梓099","county":"高雄市","address":"高雄市楠梓區左楠路2號(捷運世運3號出口後方第4株白千層)","land_parcel":"油廠段269地號","_featureId":"楠梓099","countyCodes":["64000"]}},{"type":"Feature","id":"楠梓101","geometry":{"type":"Point","coordinates":[120.302807,22.702013]},"properties":{"name":"白千層","code":"楠梓101","county":"高雄市","address":"高雄市楠梓區左楠路2號(捷運世運3號出口後方第2株白千層)","land_parcel":"油廠段269地號","_featureId":"楠梓101","countyCodes":["64000"]}},{"type":"Feature","id":"楠梓103","geometry":{"type":"Point","coordinates":[120.302764,22.700956]},"properties":{"name":"白千層","code":"楠梓103","county":"高雄市","address":"高雄市楠梓區左楠路2號(捷運世運3號出口往左營方向第5株白千層)","land_parcel":"油廠段276地號","_featureId":"楠梓103","countyCodes":["64000"]}},{"type":"Feature","id":"楠梓106","geometry":{"type":"Point","coordinates":[120.302795,22.70064]},"properties":{"name":"白千層","code":"楠梓106","county":"高雄市","address":"高雄市楠梓區左楠路2號(捷運世運3號出口往左營方向第17株白千層)","land_parcel":"油廠段276地號","_featureId":"楠梓106","countyCodes":["64000"]}},{"type":"Feature","id":"楠梓107","geometry":{"type":"Point","coordinates":[120.302786,22.70055]},"properties":{"name":"白千層","code":"楠梓107","county":"高雄市","address":"高雄市楠梓區左楠路2號(捷運世運3號出口往左營方向第19株白千層)","land_parcel":"油廠段276地號","_featureId":"楠梓107","countyCodes":["64000"]}},{"type":"Feature","id":"楠梓108","geometry":{"type":"Point","coordinates":[120.302693,22.703458]},"properties":{"name":"樟樹","code":"楠梓108","county":"高雄市","address":"高雄市楠梓區左楠路2號(煉油廠出口向右昌方向人行道旁)","land_parcel":"油廠段270地號","_featureId":"楠梓108","countyCodes":["64000"]}},{"type":"Feature","id":"楠梓109","geometry":{"type":"Point","coordinates":[120.302714,22.703178]},"properties":{"name":"樟樹","code":"楠梓109","county":"高雄市","address":"高雄市楠梓區左楠路2號(煉油廠出口向右昌方向人行道旁)","land_parcel":"油廠段270地號","_featureId":"楠梓109","countyCodes":["64000"]}},{"type":"Feature","id":"楠梓110","geometry":{"type":"Point","coordinates":[120.302705,22.70306]},"properties":{"name":"樟樹","code":"楠梓110","county":"高雄市","address":"高雄市楠梓區左楠路2號(煉油廠出口向右昌方向人行道旁)","land_parcel":"油廠段270地號","_featureId":"楠梓110","countyCodes":["64000"]}},{"type":"Feature","id":"楠梓112","geometry":{"type":"Point","coordinates":[120.302677,22.704686]},"properties":{"name":"白千層","code":"楠梓112","county":"高雄市","address":"高雄市楠梓區左楠路2號(煉油廠出口向右昌方向第4株白千層)","land_parcel":"油廠段241地號","_featureId":"楠梓112","countyCodes":["64000"]}},{"type":"Feature","id":"楠梓113","geometry":{"type":"Point","coordinates":[120.302667,22.704821]},"properties":{"name":"白千層","code":"楠梓113","county":"高雄市","address":"高雄市楠梓區左楠路2號(煉油廠出口向右昌方向第11株白千層)","land_parcel":"油廠段241地號","_featureId":"楠梓113","countyCodes":["64000"]}},{"type":"Feature","id":"楠梓115","geometry":{"type":"Point","coordinates":[120.302666,22.705047]},"properties":{"name":"白千層","code":"楠梓115","county":"高雄市","address":"高雄市楠梓區左楠路2號(煉油廠出口向右昌方向第15株白千層)","land_parcel":"油廠段241地號","_featureId":"楠梓115","countyCodes":["64000"]}},{"type":"Feature","id":"楠梓116","geometry":{"type":"Point","coordinates":[120.302655,22.705155]},"properties":{"name":"白千層","code":"楠梓116","county":"高雄市","address":"高雄市楠梓區左楠路2號(煉油廠出口向右昌方向第172株白千層)","land_parcel":"油廠段241地號","_featureId":"楠梓116","countyCodes":["64000"]}},{"type":"Feature","id":"楠梓117","geometry":{"type":"Point","coordinates":[120.302645,22.705272]},"properties":{"name":"白千層","code":"楠梓117","county":"高雄市","address":"高雄市楠梓區左楠路2號(煉油廠出口向右昌方向第19株白千層)","land_parcel":"油廠段241地號","_featureId":"楠梓117","countyCodes":["64000"]}},{"type":"Feature","id":"楠梓118","geometry":{"type":"Point","coordinates":[120.302645,22.705318]},"properties":{"name":"白千層","code":"楠梓118","county":"高雄市","address":"高雄市楠梓區左楠路2號(煉油廠出口向右昌方向第20株白千層)","land_parcel":"油廠段241地號","_featureId":"楠梓118","countyCodes":["64000"]}},{"type":"Feature","id":"楠梓119","geometry":{"type":"Point","coordinates":[120.302644,22.705417]},"properties":{"name":"白千層","code":"楠梓119","county":"高雄市","address":"高雄市楠梓區左楠路2號(煉油廠出口向右昌方向第27株白千層)","land_parcel":"油廠段241地號","_featureId":"楠梓119","countyCodes":["64000"]}},{"type":"Feature","id":"楠梓120","geometry":{"type":"Point","coordinates":[120.302644,22.705471]},"properties":{"name":"白千層","code":"楠梓120","county":"高雄市","address":"高雄市楠梓區左楠路2號(煉油廠出口向右昌方向第28株白千層)","land_parcel":"油廠段241地號","_featureId":"楠梓120","countyCodes":["64000"]}},{"type":"Feature","id":"楠梓121","geometry":{"type":"Point","coordinates":[120.302644,22.705507]},"properties":{"name":"白千層","code":"楠梓121","county":"高雄市","address":"高雄市楠梓區左楠路2號(煉油廠出口向右昌方向第29株白千層)","land_parcel":"油廠段241地號","_featureId":"楠梓121","countyCodes":["64000"]}},{"type":"Feature","id":"楠梓122","geometry":{"type":"Point","coordinates":[120.302634,22.705589]},"properties":{"name":"白千層","code":"楠梓122","county":"高雄市","address":"高雄市楠梓區左楠路2號(煉油廠出口向右昌方向第32株白千層)","land_parcel":"油廠段241地號","_featureId":"楠梓122","countyCodes":["64000"]}},{"type":"Feature","id":"楠梓123","geometry":{"type":"Point","coordinates":[120.302633,22.705652]},"properties":{"name":"白千層","code":"楠梓123","county":"高雄市","address":"高雄市楠梓區左楠路2號(煉油廠出口向右昌方向第35株白千層)","land_parcel":"油廠段241地號","_featureId":"楠梓123","countyCodes":["64000"]}},{"type":"Feature","id":"楠梓126","geometry":{"type":"Point","coordinates":[120.302622,22.705923]},"properties":{"name":"白千層","code":"楠梓126","county":"高雄市","address":"高雄市楠梓區左楠路2號(煉油廠出口向右昌方向第42株白千層)","land_parcel":"油廠段241地號","_featureId":"楠梓126","countyCodes":["64000"]}},{"type":"Feature","id":"楠梓128","geometry":{"type":"Point","coordinates":[120.302622,22.706004]},"properties":{"name":"白千層","code":"楠梓128","county":"高雄市","address":"高雄市楠梓區左楠路2號(煉油廠出口向右昌方向第46株白千層)","land_parcel":"油廠段241地號","_featureId":"楠梓128","countyCodes":["64000"]}},{"type":"Feature","id":"楠梓129","geometry":{"type":"Point","coordinates":[120.302622,22.70604]},"properties":{"name":"白千層","code":"楠梓129","county":"高雄市","address":"高雄市楠梓區左楠路2號(煉油廠出口向右昌方向第48株白千層)","land_parcel":"油廠段241地號","_featureId":"楠梓129","countyCodes":["64000"]}},{"type":"Feature","id":"楠梓130","geometry":{"type":"Point","coordinates":[120.302621,22.706112]},"properties":{"name":"白千層","code":"楠梓130","county":"高雄市","address":"高雄市楠梓區左楠路2號(煉油廠出口向右昌方向第49株白千層)","land_parcel":"油廠段241地號","_featureId":"楠梓130","countyCodes":["64000"]}},{"type":"Feature","id":"楠梓133","geometry":{"type":"Point","coordinates":[120.30261,22.706428]},"properties":{"name":"白千層","code":"楠梓133","county":"高雄市","address":"高雄市楠梓區左楠路2號(煉油廠出口向右昌方向第59株白千層)","land_parcel":"油廠段241地號","_featureId":"楠梓133","countyCodes":["64000"]}},{"type":"Feature","id":"楠梓134","geometry":{"type":"Point","coordinates":[120.30261,22.706473]},"properties":{"name":"白千層","code":"楠梓134","county":"高雄市","address":"高雄市楠梓區左楠路2號(煉油廠出口向右昌方向第60株白千層)","land_parcel":"油廠段241地號","_featureId":"楠梓134","countyCodes":["64000"]}},{"type":"Feature","id":"楠梓136","geometry":{"type":"Point","coordinates":[120.302599,22.706672]},"properties":{"name":"白千層","code":"楠梓136","county":"高雄市","address":"高雄市楠梓區左楠路2號(煉油廠出口向右昌方向第68株白千層)","land_parcel":"油廠段241地號","_featureId":"楠梓136","countyCodes":["64000"]}},{"type":"Feature","id":"楠梓137","geometry":{"type":"Point","coordinates":[120.302599,22.706717]},"properties":{"name":"白千層","code":"楠梓137","county":"高雄市","address":"高雄市楠梓區左楠路2號(煉油廠出口向右昌方向第69株白千層)","land_parcel":"油廠段241地號","_featureId":"楠梓137","countyCodes":["64000"]}},{"type":"Feature","id":"楠梓140","geometry":{"type":"Point","coordinates":[120.302656,22.704929]},"properties":{"name":"樟樹","code":"楠梓140","county":"高雄市","address":"高雄市楠梓區左楠路2號","land_parcel":"油廠段241地號","_featureId":"楠梓140","countyCodes":["64000"]}},{"type":"Feature","id":"楠梓142","geometry":{"type":"Point","coordinates":[120.303022,22.703892]},"properties":{"name":"茄苳","code":"楠梓142","county":"高雄市","address":"高雄市楠梓區左楠路2號總辦公室右側","land_parcel":"油廠段244地號","_featureId":"楠梓142","countyCodes":["64000"]}},{"type":"Feature","id":"楠梓144","geometry":{"type":"Point","coordinates":[120.303695,22.703679]},"properties":{"name":"樟樹","code":"楠梓144","county":"高雄市","address":"高雄市楠梓區左楠路2號總辦公室前","land_parcel":"油廠段265地號","_featureId":"楠梓144","countyCodes":["64000"]}},{"type":"Feature","id":"楠梓145","geometry":{"type":"Point","coordinates":[120.30311,22.703803]},"properties":{"name":"樟樹","code":"楠梓145","county":"高雄市","address":"高雄市楠梓區左楠路2號總辦公室前","land_parcel":"油廠段266地號","_featureId":"楠梓145","countyCodes":["64000"]}},{"type":"Feature","id":"楠梓146","geometry":{"type":"Point","coordinates":[120.303987,22.703581]},"properties":{"name":"白千層","code":"楠梓146","county":"高雄市","address":"高雄市楠梓區左楠路2號總辦公室前","land_parcel":"油廠段242地號","_featureId":"楠梓146","countyCodes":["64000"]}},{"type":"Feature","id":"楠梓150","geometry":{"type":"Point","coordinates":[120.303144,22.702773]},"properties":{"name":"雨豆樹","code":"楠梓150","county":"高雄市","address":"高雄市楠梓區左楠路2號總辦公室前","land_parcel":"油廠段267地號","_featureId":"楠梓150","countyCodes":["64000"]}},{"type":"Feature","id":"楠梓152","geometry":{"type":"Point","coordinates":[120.302525,22.709832]},"properties":{"name":"白千層","code":"楠梓152","county":"高雄市","address":"高雄市楠梓區左楠路4號(油廠國小校門口出來右邊第5株白千層)","land_parcel":"油舍段178地號","_featureId":"楠梓152","countyCodes":["64000"]}},{"type":"Feature","id":"楠梓153","geometry":{"type":"Point","coordinates":[120.302578,22.708903]},"properties":{"name":"白千層","code":"楠梓153","county":"高雄市","address":"高雄市楠梓區左楠路4號","land_parcel":"油舍段178地號","_featureId":"楠梓153","countyCodes":["64000"]}},{"type":"Feature","id":"楠梓154","geometry":{"type":"Point","coordinates":[120.302578,22.708866]},"properties":{"name":"白千層","code":"楠梓154","county":"高雄市","address":"高雄市楠梓區左楠路4號","land_parcel":"油舍段178地號","_featureId":"楠梓154","countyCodes":["64000"]}},{"type":"Feature","id":"楠梓157","geometry":{"type":"Point","coordinates":[120.302589,22.708731]},"properties":{"name":"白千層","code":"楠梓157","county":"高雄市","address":"高雄市楠梓區左楠路4號","land_parcel":"油舍段178地號","_featureId":"楠梓157","countyCodes":["64000"]}},{"type":"Feature","id":"楠梓158","geometry":{"type":"Point","coordinates":[120.302598,22.708704]},"properties":{"name":"白千層","code":"楠梓158","county":"高雄市","address":"高雄市楠梓區左楠路4號","land_parcel":"油舍段178地號","_featureId":"楠梓158","countyCodes":["64000"]}},{"type":"Feature","id":"楠梓159","geometry":{"type":"Point","coordinates":[120.302589,22.708668]},"properties":{"name":"白千層","code":"楠梓159","county":"高雄市","address":"高雄市楠梓區左楠路4號","land_parcel":"油舍段178地號","_featureId":"楠梓159","countyCodes":["64000"]}},{"type":"Feature","id":"楠梓160","geometry":{"type":"Point","coordinates":[120.302599,22.708641]},"properties":{"name":"白千層","code":"楠梓160","county":"高雄市","address":"高雄市楠梓區左楠路4號","land_parcel":"油舍段178地號","_featureId":"楠梓160","countyCodes":["64000"]}},{"type":"Feature","id":"楠梓161","geometry":{"type":"Point","coordinates":[120.302599,22.708596]},"properties":{"name":"白千層","code":"楠梓161","county":"高雄市","address":"高雄市楠梓區左楠路4號","land_parcel":"油舍段178地號","_featureId":"楠梓161","countyCodes":["64000"]}},{"type":"Feature","id":"楠梓163","geometry":{"type":"Point","coordinates":[120.302609,22.708514]},"properties":{"name":"白千層","code":"楠梓163","county":"高雄市","address":"高雄市楠梓區左楠路4號","land_parcel":"油舍段178地號","_featureId":"楠梓163","countyCodes":["64000"]}},{"type":"Feature","id":"楠梓164","geometry":{"type":"Point","coordinates":[120.3026,22.708478]},"properties":{"name":"白千層","code":"楠梓164","county":"高雄市","address":"高雄市楠梓區左楠路4號","land_parcel":"油舍段178地號","_featureId":"楠梓164","countyCodes":["64000"]}},{"type":"Feature","id":"楠梓168","geometry":{"type":"Point","coordinates":[120.302591,22.708261]},"properties":{"name":"白千層","code":"楠梓168","county":"高雄市","address":"高雄市楠梓區左楠路4號(捷運油廠國小3號出口旁)","land_parcel":"油舍段178地號","_featureId":"楠梓168","countyCodes":["64000"]}},{"type":"Feature","id":"楠梓169","geometry":{"type":"Point","coordinates":[120.302591,22.708198]},"properties":{"name":"白千層","code":"楠梓169","county":"高雄市","address":"高雄市楠梓區左楠路4號(捷運油廠國小3號出口旁)","land_parcel":"油舍段178地號","_featureId":"楠梓169","countyCodes":["64000"]}},{"type":"Feature","id":"楠梓172","geometry":{"type":"Point","coordinates":[120.302548,22.70902]},"properties":{"name":"白千層","code":"楠梓172","county":"高雄市","address":"高雄市楠梓區左楠路4號","land_parcel":"油舍段178地號","_featureId":"楠梓172","countyCodes":["64000"]}},{"type":"Feature","id":"楠梓173","geometry":{"type":"Point","coordinates":[120.302548,22.709074]},"properties":{"name":"白千層","code":"楠梓173","county":"高雄市","address":"高雄市楠梓區左楠路4號","land_parcel":"油舍段178地號","_featureId":"楠梓173","countyCodes":["64000"]}},{"type":"Feature","id":"楠梓174","geometry":{"type":"Point","coordinates":[120.302548,22.709119]},"properties":{"name":"白千層","code":"楠梓174","county":"高雄市","address":"高雄市楠梓區左楠路4號","land_parcel":"油舍段178地號","_featureId":"楠梓174","countyCodes":["64000"]}},{"type":"Feature","id":"楠梓183","geometry":{"type":"Point","coordinates":[120.302536,22.709417]},"properties":{"name":"白千層","code":"楠梓183","county":"高雄市","address":"高雄市楠梓區左楠路4號(油廠國小校門口出來左邊第4株白千層)","land_parcel":"油舍段178地號","_featureId":"楠梓183","countyCodes":["64000"]}},{"type":"Feature","id":"楠梓184","geometry":{"type":"Point","coordinates":[120.302536,22.709471]},"properties":{"name":"白千層","code":"楠梓184","county":"高雄市","address":"高雄市楠梓區左楠路4號(油廠國小校門口出來左邊第3株白千層)","land_parcel":"油舍段178地號","_featureId":"楠梓184","countyCodes":["64000"]}},{"type":"Feature","id":"楠梓186","geometry":{"type":"Point","coordinates":[120.302526,22.709543]},"properties":{"name":"白千層","code":"楠梓186","county":"高雄市","address":"高雄市楠梓區左楠路4號(油廠國小校門口出來左邊第2株白千層)","land_parcel":"油舍段178地號","_featureId":"楠梓186","countyCodes":["64000"]}},{"type":"Feature","id":"楠梓192","geometry":{"type":"Point","coordinates":[120.302035,22.708548]},"properties":{"name":"白千層","code":"楠梓192","county":"高雄市","address":"高雄市楠梓區左楠路(捷運油廠國小1、2號之間電梯旁)","land_parcel":"油舍段257地號","_featureId":"楠梓192","countyCodes":["64000"]}},{"type":"Feature","id":"楠梓193","geometry":{"type":"Point","coordinates":[120.302034,22.708584]},"properties":{"name":"白千層","code":"楠梓193","county":"高雄市","address":"高雄市楠梓區左楠路(捷運油廠國小1、2號之間電梯旁)","land_parcel":"油舍段257地號","_featureId":"楠梓193","countyCodes":["64000"]}},{"type":"Feature","id":"楠梓197","geometry":{"type":"Point","coordinates":[120.302003,22.709117]},"properties":{"name":"白千層","code":"楠梓197","county":"高雄市","address":"高雄市楠梓區左楠路與後昌路交叉路口往楠梓加工區方向","land_parcel":"油舍段258地號","_featureId":"楠梓197","countyCodes":["64000"]}},{"type":"Feature","id":"楠梓198","geometry":{"type":"Point","coordinates":[120.302002,22.709153]},"properties":{"name":"白千層","code":"楠梓198","county":"高雄市","address":"高雄市楠梓區左楠路與後昌路交叉路口往楠梓加工區方向","land_parcel":"油舍段258地號","_featureId":"楠梓198","countyCodes":["64000"]}},{"type":"Feature","id":"楠梓199","geometry":{"type":"Point","coordinates":[120.302002,22.709189]},"properties":{"name":"白千層","code":"楠梓199","county":"高雄市","address":"高雄市楠梓區左楠路與後昌路交叉路口往楠梓加工區方向","land_parcel":"油舍段258地號","_featureId":"楠梓199","countyCodes":["64000"]}},{"type":"Feature","id":"楠梓200","geometry":{"type":"Point","coordinates":[120.302002,22.709315]},"properties":{"name":"白千層","code":"楠梓200","county":"高雄市","address":"高雄市楠梓區左楠路與後昌路交叉路口往楠梓加工區方向","land_parcel":"油舍段258地號","_featureId":"楠梓200","countyCodes":["64000"]}},{"type":"Feature","id":"楠梓202","geometry":{"type":"Point","coordinates":[120.302011,22.709406]},"properties":{"name":"白千層","code":"楠梓202","county":"高雄市","address":"高雄市楠梓區左楠路(油廠國小對面)","land_parcel":"油舍段247地號","_featureId":"楠梓202","countyCodes":["64000"]}},{"type":"Feature","id":"楠梓205","geometry":{"type":"Point","coordinates":[120.301981,22.709586]},"properties":{"name":"白千層","code":"楠梓205","county":"高雄市","address":"高雄市楠梓區左楠路(油廠國小對面)","land_parcel":"油舍段247地號","_featureId":"楠梓205","countyCodes":["64000"]}},{"type":"Feature","id":"楠梓206","geometry":{"type":"Point","coordinates":[120.30199,22.709704]},"properties":{"name":"白千層","code":"楠梓206","county":"高雄市","address":"高雄市楠梓區左楠路(油廠國小對面)往楠梓加工區方冋","land_parcel":"油舍段247地號","_featureId":"楠梓206","countyCodes":["64000"]}},{"type":"Feature","id":"楠梓207","geometry":{"type":"Point","coordinates":[120.301999,22.709839]},"properties":{"name":"白千層","code":"楠梓207","county":"高雄市","address":"高雄市楠梓區左楠路(油廠國小對面)往楠梓加工區方冋","land_parcel":"油舍段247地號","_featureId":"楠梓207","countyCodes":["64000"]}},{"type":"Feature","id":"楠梓210","geometry":{"type":"Point","coordinates":[120.301969,22.710065]},"properties":{"name":"白千層","code":"楠梓210","county":"高雄市","address":"高雄市楠梓區左楠路(油廠國小對面)往楠梓加工區方冋","land_parcel":"油舍段247地號","_featureId":"楠梓210","countyCodes":["64000"]}},{"type":"Feature","id":"楠梓211","geometry":{"type":"Point","coordinates":[120.301958,22.710182]},"properties":{"name":"白千層","code":"楠梓211","county":"高雄市","address":"高雄市楠梓區左楠路(油廠國小對面)往楠梓加工區方冋","land_parcel":"油舍段247地號","_featureId":"楠梓211","countyCodes":["64000"]}},{"type":"Feature","id":"楠梓212","geometry":{"type":"Point","coordinates":[120.301968,22.710263]},"properties":{"name":"白千層","code":"楠梓212","county":"高雄市","address":"高雄市楠梓區左楠路(油廠國小對面)往楠梓加工區方冋","land_parcel":"油舍段247地號","_featureId":"楠梓212","countyCodes":["64000"]}},{"type":"Feature","id":"楠梓213","geometry":{"type":"Point","coordinates":[120.301958,22.710318]},"properties":{"name":"白千層","code":"楠梓213","county":"高雄市","address":"高雄市楠梓區左楠路(油廠國小對面)往楠梓加工區方冋","land_parcel":"油舍段247地號","_featureId":"楠梓213","countyCodes":["64000"]}},{"type":"Feature","id":"楠梓214","geometry":{"type":"Point","coordinates":[120.301967,22.71039]},"properties":{"name":"白千層","code":"楠梓214","county":"高雄市","address":"高雄市楠梓區左楠路(油廠國小對面)往楠梓加工區方冋","land_parcel":"油舍段247地號","_featureId":"楠梓214","countyCodes":["64000"]}},{"type":"Feature","id":"楠梓215","geometry":{"type":"Point","coordinates":[120.307052,22.715415]},"properties":{"name":"雨豆樹","code":"楠梓215","county":"高雄市","address":"高雄市楠梓區宏毅二路北一巷13號左前方","land_parcel":"油舍段102地號","_featureId":"楠梓215","countyCodes":["64000"]}},{"type":"Feature","id":"楠梓216","geometry":{"type":"Point","coordinates":[120.30675,22.715414]},"properties":{"name":"雨豆樹","code":"楠梓216","county":"高雄市","address":"高雄市楠梓區宏毅二路北一巷17號右旁","land_parcel":"油舍段99地號","_featureId":"楠梓216","countyCodes":["64000"]}},{"type":"Feature","id":"楠梓217","geometry":{"type":"Point","coordinates":[120.307878,22.715708]},"properties":{"name":"雨豆樹","code":"楠梓217","county":"高雄市","address":"高雄市楠梓區宏毅二路北一巷1號大門左側（靠近路口轉角）","land_parcel":"油舍段97地號","_featureId":"楠梓217","countyCodes":["64000"]}},{"type":"Feature","id":"楠梓218","geometry":{"type":"Point","coordinates":[120.307751,22.715662]},"properties":{"name":"雨豆樹","code":"楠梓218","county":"高雄市","address":"高雄市楠梓區宏毅二路北一巷1號大門左側（靠近路口轉角）","land_parcel":"油舍段97地號","_featureId":"楠梓218","countyCodes":["64000"]}},{"type":"Feature","id":"楠梓219","geometry":{"type":"Point","coordinates":[120.30643,22.715186]},"properties":{"name":"雨豆樹","code":"楠梓219","county":"高雄市","address":"高雄市楠梓區宏毅二路北一巷21號門前","land_parcel":"油舍段103地號","_featureId":"楠梓219","countyCodes":["64000"]}},{"type":"Feature","id":"楠梓220","geometry":{"type":"Point","coordinates":[120.306313,22.715213]},"properties":{"name":"雨豆樹","code":"楠梓220","county":"高雄市","address":"高雄市楠梓區宏毅二路北一巷24號右前方","land_parcel":"油舍段103地號","_featureId":"楠梓220","countyCodes":["64000"]}},{"type":"Feature","id":"楠梓221","geometry":{"type":"Point","coordinates":[120.306206,22.715176]},"properties":{"name":"雨豆樹","code":"楠梓221","county":"高雄市","address":"高雄市楠梓區宏毅二路北一巷26號右前方","land_parcel":"油舍段103地號","_featureId":"楠梓221","countyCodes":["64000"]}},{"type":"Feature","id":"楠梓222","geometry":{"type":"Point","coordinates":[120.306119,22.715131]},"properties":{"name":"雨豆樹","code":"楠梓222","county":"高雄市","address":"高雄市楠梓區宏毅二路北一巷28號門前","land_parcel":"油舍段103地號","_featureId":"楠梓222","countyCodes":["64000"]}},{"type":"Feature","id":"楠梓224","geometry":{"type":"Point","coordinates":[120.305896,22.714985]},"properties":{"name":"雨豆樹","code":"楠梓224","county":"高雄市","address":"高雄市楠梓區宏毅二路北一巷35號右旁","land_parcel":"油舍段103地號","_featureId":"楠梓224","countyCodes":["64000"]}},{"type":"Feature","id":"楠梓225","geometry":{"type":"Point","coordinates":[120.305837,22.714967]},"properties":{"name":"雨豆樹","code":"楠梓225","county":"高雄市","address":"高雄市楠梓區宏毅二路北一巷35號左旁","land_parcel":"油舍段103地號","_featureId":"楠梓225","countyCodes":["64000"]}},{"type":"Feature","id":"楠梓226","geometry":{"type":"Point","coordinates":[120.307402,22.715561]},"properties":{"name":"雨豆樹","code":"楠梓226","county":"高雄市","address":"高雄市楠梓區宏毅二路北一巷7號大門左側","land_parcel":"油舍段102地號","_featureId":"楠梓226","countyCodes":["64000"]}},{"type":"Feature","id":"楠梓227","geometry":{"type":"Point","coordinates":[120.307331,22.715985]},"properties":{"name":"雨豆樹","code":"楠梓227","county":"高雄市","address":"高雄市楠梓區宏毅二路北二巷10號左前方","land_parcel":"油舍段102地號","_featureId":"楠梓227","countyCodes":["64000"]}},{"type":"Feature","id":"楠梓228","geometry":{"type":"Point","coordinates":[120.306564,22.715711]},"properties":{"name":"雨豆樹","code":"楠梓228","county":"高雄市","address":"高雄市楠梓區宏毅二路北二巷18號左前方","land_parcel":"油舍段103地號","_featureId":"楠梓228","countyCodes":["64000"]}},{"type":"Feature","id":"楠梓229","geometry":{"type":"Point","coordinates":[120.306418,22.715665]},"properties":{"name":"雨豆樹","code":"楠梓229","county":"高雄市","address":"高雄市楠梓區宏毅二路北二巷20號右前方","land_parcel":"油舍段103地號","_featureId":"楠梓229","countyCodes":["64000"]}},{"type":"Feature","id":"楠梓230","geometry":{"type":"Point","coordinates":[120.305991,22.715446]},"properties":{"name":"雨豆樹","code":"楠梓230","county":"高雄市","address":"高雄市楠梓區宏毅二路北二巷25號正前方","land_parcel":"油舍段103地號","_featureId":"楠梓230","countyCodes":["64000"]}},{"type":"Feature","id":"楠梓234","geometry":{"type":"Point","coordinates":[120.306697,22.71619]},"properties":{"name":"雨豆樹","code":"楠梓234","county":"高雄市","address":"高雄市楠梓區宏毅二路北三巷16號左前方","land_parcel":"油舍段102地號","_featureId":"楠梓234","countyCodes":["64000"]}},{"type":"Feature","id":"楠梓235","geometry":{"type":"Point","coordinates":[120.306377,22.716026]},"properties":{"name":"雨豆樹","code":"楠梓235","county":"高雄市","address":"高雄市楠梓區宏毅二路北三巷17號左前方","land_parcel":"油舍段103地號","_featureId":"楠梓235","countyCodes":["64000"]}},{"type":"Feature","id":"楠梓236","geometry":{"type":"Point","coordinates":[120.306309,22.716044]},"properties":{"name":"雨豆樹","code":"楠梓236","county":"高雄市","address":"高雄市楠梓區宏毅二路北三巷18號左前方","land_parcel":"油舍段103地號","_featureId":"楠梓236","countyCodes":["64000"]}},{"type":"Feature","id":"楠梓238","geometry":{"type":"Point","coordinates":[120.306251,22.716007]},"properties":{"name":"雨豆樹","code":"楠梓238","county":"高雄市","address":"高雄市楠梓區宏毅二路北三巷20號左前方","land_parcel":"油舍段103地號","_featureId":"楠梓238","countyCodes":["64000"]}},{"type":"Feature","id":"楠梓239","geometry":{"type":"Point","coordinates":[120.305901,22.715843]},"properties":{"name":"雨豆樹","code":"楠梓239","county":"高雄市","address":"高雄市楠梓區宏毅二路北三巷23號左前方","land_parcel":"油舍段103地號","_featureId":"楠梓239","countyCodes":["64000"]}},{"type":"Feature","id":"楠梓240","geometry":{"type":"Point","coordinates":[120.305823,22.715861]},"properties":{"name":"雨豆樹","code":"楠梓240","county":"高雄市","address":"高雄市楠梓區宏毅二路北三巷28號右前方","land_parcel":"油舍段103地號","_featureId":"楠梓240","countyCodes":["64000"]}},{"type":"Feature","id":"楠梓241","geometry":{"type":"Point","coordinates":[120.307572,22.716474]},"properties":{"name":"雨豆樹","code":"楠梓241","county":"高雄市","address":"高雄市楠梓區宏毅二路北三巷2號正前方","land_parcel":"油舍段102地號","_featureId":"楠梓241","countyCodes":["64000"]}},{"type":"Feature","id":"楠梓242","geometry":{"type":"Point","coordinates":[120.305746,22.715789]},"properties":{"name":"雨豆樹","code":"楠梓242","county":"高雄市","address":"高雄市楠梓區宏毅二路北三巷30號左前方","land_parcel":"油舍段103地號","_featureId":"楠梓242","countyCodes":["64000"]}},{"type":"Feature","id":"楠梓243","geometry":{"type":"Point","coordinates":[120.305454,22.715733]},"properties":{"name":"雨豆樹","code":"楠梓243","county":"高雄市","address":"高雄市楠梓區宏毅二路北三巷31號正前方","land_parcel":"油舍段103地號","_featureId":"楠梓243","countyCodes":["64000"]}},{"type":"Feature","id":"楠梓244","geometry":{"type":"Point","coordinates":[120.307444,22.716825]},"properties":{"name":"雨豆樹","code":"楠梓244","county":"高雄市","address":"高雄市楠梓區宏毅二路北四巷1號右邊第三棵","land_parcel":"油舍段105地號","_featureId":"楠梓244","countyCodes":["64000"]}},{"type":"Feature","id":"楠梓245","geometry":{"type":"Point","coordinates":[120.307376,22.716807]},"properties":{"name":"雨豆樹","code":"楠梓245","county":"高雄市","address":"高雄市楠梓區宏毅二路北四巷1號右邊最內側","land_parcel":"油舍段105地號","_featureId":"楠梓245","countyCodes":["64000"]}},{"type":"Feature","id":"楠梓246","geometry":{"type":"Point","coordinates":[120.307269,22.716761]},"properties":{"name":"雨豆樹","code":"楠梓246","county":"高雄市","address":"高雄市楠梓區宏毅二路北四巷1號最右邊","land_parcel":"油舍段105地號","_featureId":"楠梓246","countyCodes":["64000"]}},{"type":"Feature","id":"楠梓247","geometry":{"type":"Point","coordinates":[120.306181,22.716386]},"properties":{"name":"雨豆樹","code":"楠梓247","county":"高雄市","address":"高雄市楠梓區宏毅二路北四巷30號正前方","land_parcel":"油舍段112地號","_featureId":"楠梓247","countyCodes":["64000"]}},{"type":"Feature","id":"楠梓248","geometry":{"type":"Point","coordinates":[120.304926,22.712335]},"properties":{"name":"雨豆樹","code":"楠梓248","county":"高雄市","address":"高雄市楠梓區宏毅二路南四巷55號右前方","land_parcel":"油舍段141地號","_featureId":"楠梓248","countyCodes":["64000"]}},{"type":"Feature","id":"楠梓249","geometry":{"type":"Point","coordinates":[120.304314,22.712071]},"properties":{"name":"雨豆樹","code":"楠梓249","county":"高雄市","address":"高雄市楠梓區宏毅二路南四巷65號右前方","land_parcel":"油舍段142地號","_featureId":"楠梓249","countyCodes":["64000"]}},{"type":"Feature","id":"楠梓250","geometry":{"type":"Point","coordinates":[120.304431,22.712071]},"properties":{"name":"雨豆樹","code":"楠梓250","county":"高雄市","address":"高雄市楠梓區宏毅二路南四巷65號圍牆內","land_parcel":"油舍段142地號","_featureId":"楠梓250","countyCodes":["64000"]}},{"type":"Feature","id":"楠梓251","geometry":{"type":"Point","coordinates":[120.304071,22.712043]},"properties":{"name":"雨豆樹","code":"楠梓251","county":"高雄市","address":"高雄市楠梓區宏毅二路南四巷67號左前方","land_parcel":"油舍段141地號","_featureId":"楠梓251","countyCodes":["64000"]}},{"type":"Feature","id":"楠梓252","geometry":{"type":"Point","coordinates":[120.304303,22.712287]},"properties":{"name":"雨豆樹","code":"楠梓252","county":"高雄市","address":"高雄市楠梓區宏毅二路南四巷75號庭院內","land_parcel":"油舍段141地號","_featureId":"楠梓252","countyCodes":["64000"]}},{"type":"Feature","id":"楠梓254","geometry":{"type":"Point","coordinates":[120.329645,22.753386]},"properties":{"name":"榕樹","code":"楠梓254","county":"高雄市","address":"高雄市楠梓區卓越路2號(跑道與排球場中間，由女生宿舍算第3株榕樹)","land_parcel":"芎蕉段1地號","_featureId":"楠梓254","countyCodes":["64000"]}},{"type":"Feature","id":"楠梓255","geometry":{"type":"Point","coordinates":[120.331733,22.732425]},"properties":{"name":"榕樹","code":"楠梓255","county":"高雄市","address":"高雄市楠梓區東寧路楠梓射擊場對面空地","land_parcel":"清豐段395號","_featureId":"楠梓255","countyCodes":["64000"]}},{"type":"Feature","id":"楠梓260","geometry":{"type":"Point","coordinates":[120.324313,22.726714]},"properties":{"name":"榕樹","code":"楠梓260","county":"高雄市","address":"高雄市楠梓區建楠路229號楠梓火車站右側","land_parcel":"楠梓段三小段773-2號","_featureId":"楠梓260","countyCodes":["64000"]}},{"type":"Feature","id":"楠梓277","geometry":{"type":"Point","coordinates":[120.328437,22.733567]},"properties":{"name":"玉蘭花","code":"楠梓277","county":"高雄市","address":"高雄市楠梓區楠梓路262號(中庭右前方)","land_parcel":"楠梓段一小段104地號","_featureId":"楠梓277","countyCodes":["64000"]}},{"type":"Feature","id":"楠梓279","geometry":{"type":"Point","coordinates":[120.327862,22.733646]},"properties":{"name":"小葉桃花心木","code":"楠梓279","county":"高雄市","address":"高雄市楠梓區楠梓路262號(大門進去左側)","land_parcel":"楠梓段一小段141-1地號","_featureId":"楠梓279","countyCodes":["64000"]}},{"type":"Feature","id":"楠梓280","geometry":{"type":"Point","coordinates":[120.328932,22.733831]},"properties":{"name":"榕樹","code":"楠梓280","county":"高雄市","address":"高雄市楠梓區楠梓路262號中庭左後方(木屋溜滑梯旁)","land_parcel":"楠梓段一小段51地號","_featureId":"楠梓280","countyCodes":["64000"]}},{"type":"Feature","id":"楠梓281","geometry":{"type":"Point","coordinates":[120.328007,22.733846]},"properties":{"name":"榕樹","code":"楠梓281","county":"高雄市","address":"高雄市楠梓區楠梓路262號附設幼稚園左側","land_parcel":"楠梓段一小段104地號","_featureId":"楠梓281","countyCodes":["64000"]}},{"type":"Feature","id":"楠梓282","geometry":{"type":"Point","coordinates":[120.327891,22.733692]},"properties":{"name":"黃脈刺桐","code":"楠梓282","county":"高雄市","address":"高雄市楠梓區楠梓路262號附設幼稚園正前方","land_parcel":"楠梓段一小段141-1地號","_featureId":"楠梓282","countyCodes":["64000"]}},{"type":"Feature","id":"楠梓284","geometry":{"type":"Point","coordinates":[120.329306,22.732975]},"properties":{"name":"榕樹","code":"楠梓284","county":"高雄市","address":"高雄市楠梓區楠梓路262號操場左側","land_parcel":"楠梓段一小段51地號","_featureId":"楠梓284","countyCodes":["64000"]}},{"type":"Feature","id":"楠梓285","geometry":{"type":"Point","coordinates":[120.297805,22.726834]},"properties":{"name":"檬果","code":"楠梓285","county":"高雄市","address":"高雄市楠梓區翠屏路135號翠屏國中右側右前方後勁溪旁","land_parcel":"翠屏段一小段32地號","_featureId":"楠梓285","countyCodes":["64000"]}},{"type":"Feature","id":"楠梓287","geometry":{"type":"Point","coordinates":[120.290146,22.714898]},"properties":{"name":"榕樹","code":"楠梓287","county":"高雄市","address":"高雄市楠梓區藍昌路45號對面","land_parcel":"藍昌段3小段212地號","_featureId":"楠梓287","countyCodes":["64000"]}},{"type":"Feature","id":"楠梓288","geometry":{"type":"Point","coordinates":[120.329624,22.753602]},"properties":{"name":"榕樹","code":"楠梓288","county":"高雄市","address":"高雄市楠梓區卓越路2號(跑道與排球場中間，由女生宿舍算第4株榕樹)","land_parcel":"芎蕉段1地號","_featureId":"楠梓288","countyCodes":["64000"]}},{"type":"Feature","id":"楠梓290","geometry":{"type":"Point","coordinates":[120.329646,22.753214]},"properties":{"name":"榕樹","code":"楠梓290","county":"高雄市","address":"高雄市楠梓區卓越路2號(跑道與排球場中間，由女生宿舍算第1株榕樹)","land_parcel":"芎蕉段1地號","_featureId":"楠梓290","countyCodes":["64000"]}},{"type":"Feature","id":"楠梓292","geometry":{"type":"Point","coordinates":[120.331458,22.752842]},"properties":{"name":"金龜樹","code":"楠梓292","county":"高雄市","address":"高雄市楠梓區卓越路2號(大門口進去到底前方)","land_parcel":"芎蕉段1地號","_featureId":"楠梓292","countyCodes":["64000"]}},{"type":"Feature","id":"楠梓293","geometry":{"type":"Point","coordinates":[120.30436,22.704892]},"properties":{"name":"樟樹","code":"楠梓293","county":"高雄市","address":"高雄市楠梓區中油煉油廠材料一路到底","land_parcel":"油廠段224地號","_featureId":"楠梓293","countyCodes":["64000"]}},{"type":"Feature","id":"楠梓294","geometry":{"type":"Point","coordinates":[120.304824,22.707831]},"properties":{"name":"雨豆樹","code":"楠梓294","county":"高雄市","address":"高雄市楠梓區後昌路512號(中山附中對面右側紅綠燈旁)","land_parcel":"油舍段173地號","_featureId":"楠梓294","countyCodes":["64000"]}},{"type":"Feature","id":"楠梓295","geometry":{"type":"Point","coordinates":[120.305486,22.707847]},"properties":{"name":"雨豆樹","code":"楠梓295","county":"高雄市","address":"高雄市楠梓區後昌路512號(中山附中對面左側路彎角處)","land_parcel":"油舍段173地號","_featureId":"楠梓295","countyCodes":["64000"]}},{"type":"Feature","id":"楠梓296","geometry":{"type":"Point","coordinates":[120.304271,22.714587]},"properties":{"name":"榕樹","code":"楠梓296","county":"高雄市","address":"高雄市楠梓區宏毅二路(中油宏毅宿舍超市停車棚旁對面為煉油廠幼兒園)","land_parcel":"油舍段128地號","_featureId":"楠梓296","countyCodes":["64000"]}},{"type":"Feature","id":"楠梓297","geometry":{"type":"Point","coordinates":[120.305201,22.714364]},"properties":{"name":"榕樹","code":"楠梓297","county":"高雄市","address":"高雄市楠梓區宏毅二路45號對面(中油宏毅宿舍超市旁)","land_parcel":"油舍段128地號","_featureId":"楠梓297","countyCodes":["64000"]}},{"type":"Feature","id":"楠梓298","geometry":{"type":"Point","coordinates":[120.304127,22.710538]},"properties":{"name":"榕樹","code":"楠梓298","county":"高雄市","address":"高雄市楠梓區宏毅二路南七巷(棒球場)","land_parcel":"油舍段178地號","_featureId":"楠梓298","countyCodes":["64000"]}},{"type":"Feature","id":"楠梓299","geometry":{"type":"Point","coordinates":[120.304216,22.710688]},"properties":{"name":"小葉桃花心木","code":"楠梓299","county":"高雄市","address":"高雄市楠梓區宏毅二路南七巷(棒球場)","land_parcel":"油舍段179地號","_featureId":"楠梓299","countyCodes":["64000"]}},{"type":"Feature","id":"楠梓300","geometry":{"type":"Point","coordinates":[120.303883,22.710508]},"properties":{"name":"桃花心木","code":"楠梓300","county":"高雄市","address":"高雄市楠梓區宏毅二路南七巷(棒球場)","land_parcel":"油舍段179地號","_featureId":"楠梓300","countyCodes":["64000"]}},{"type":"Feature","id":"楠梓301","geometry":{"type":"Point","coordinates":[120.303251,22.710575]},"properties":{"name":"桃花心木","code":"楠梓301","county":"高雄市","address":"楠梓區油廠國民小學靠近中油棒球場之圍牆(遊戲場)","land_parcel":"油舍段178地號","_featureId":"楠梓301","countyCodes":["64000"]}},{"type":"Feature","id":"楠梓302","geometry":{"type":"Point","coordinates":[120.302968,22.71066]},"properties":{"name":"桃花心木","code":"楠梓302","county":"高雄市","address":"楠梓區油廠國民小學靠近中油棒球場之圍牆(遊戲場)","land_parcel":"油舍段178地號","_featureId":"楠梓302","countyCodes":["64000"]}},{"type":"Feature","id":"楠梓303","geometry":{"type":"Point","coordinates":[120.302729,22.710759]},"properties":{"name":"桃花心木","code":"楠梓303","county":"高雄市","address":"楠梓區油廠國民小學靠近中油棒球場之圍牆(遊戲場)","land_parcel":"油舍段178地號","_featureId":"楠梓303","countyCodes":["64000"]}},{"type":"Feature","id":"楠梓304","geometry":{"type":"Point","coordinates":[120.302586,22.710731]},"properties":{"name":"鐵刀木","code":"楠梓304","county":"高雄市","address":"楠梓區油廠國民小學靠近中油棒球場之圍牆(遊戲場)","land_parcel":"油舍段178地號","_featureId":"楠梓304","countyCodes":["64000"]}},{"type":"Feature","id":"楠梓305","geometry":{"type":"Point","coordinates":[120.305249,22.715961]},"properties":{"name":"樟樹","code":"楠梓305","county":"高雄市","address":"楠梓區宏毅二路及宏毅北四巷交叉口","land_parcel":"油舍段104地號","_featureId":"楠梓305","countyCodes":["64000"]}},{"type":"Feature","id":"楠梓306","geometry":{"type":"Point","coordinates":[120.301434,22.702452]},"properties":{"name":"小葉欖仁","code":"楠梓306","county":"高雄市","address":"高雄市楠梓區宏毅一路1巷6號旁(宏南餐廳)","land_parcel":"油舍段344地號","_featureId":"楠梓306","countyCodes":["64000"]}},{"type":"Feature","id":"楠梓307","geometry":{"type":"Point","coordinates":[120.29998,22.702629]},"properties":{"name":"白千層","code":"楠梓307","county":"高雄市","address":"高雄市楠梓區宏毅一路4巷14號右方","land_parcel":"油舍段356地號","_featureId":"楠梓307","countyCodes":["64000"]}},{"type":"Feature","id":"楠梓308","geometry":{"type":"Point","coordinates":[120.301816,22.702777]},"properties":{"name":"雨豆樹","code":"楠梓308","county":"高雄市","address":"高雄市楠梓區宏毅一路12巷5號對面(宏南訓練教室宏南活動中心)","land_parcel":"油舍段343地號","_featureId":"楠梓308","countyCodes":["64000"]}},{"type":"Feature","id":"楠梓309","geometry":{"type":"Point","coordinates":[120.298554,22.704646]},"properties":{"name":"雨豆樹","code":"楠梓309","county":"高雄市","address":"高雄市楠梓區宏毅一路7巷16號左旁","land_parcel":"油舍段363地號","_featureId":"楠梓309","countyCodes":["64000"]}},{"type":"Feature","id":"楠梓310","geometry":{"type":"Point","coordinates":[120.298883,22.701615]},"properties":{"name":"雨豆樹","code":"楠梓310","county":"高雄市","address":"高雄市楠梓區宏毅一路8巷2-1號前","land_parcel":"油舍段385地號","_featureId":"楠梓310","countyCodes":["64000"]}},{"type":"Feature","id":"楠梓311","geometry":{"type":"Point","coordinates":[120.304975,22.706257]},"properties":{"name":"雨豆樹","code":"楠梓311","county":"高雄市","address":"高雄市楠梓區中油煉油廠西門總辦公室內(材料五路)","land_parcel":"油廠段221地號","_featureId":"楠梓311","countyCodes":["64000"]}},{"type":"Feature","id":"楠梓312","geometry":{"type":"Point","coordinates":[120.305069,22.705325]},"properties":{"name":"雨豆樹","code":"楠梓312","county":"高雄市","address":"高雄市楠梓區中油煉油廠西門總辦公室內(材料二路)","land_parcel":"油廠段223地號","_featureId":"楠梓312","countyCodes":["64000"]}},{"type":"Feature","id":"楠梓313","geometry":{"type":"Point","coordinates":[120.304887,22.704993]},"properties":{"name":"雨豆樹","code":"楠梓313","county":"高雄市","address":"高雄市楠梓區中油煉油廠西門總辦公室內(材料一路)","land_parcel":"油廠段226地號","_featureId":"楠梓313","countyCodes":["64000"]}},{"type":"Feature","id":"楠梓314","geometry":{"type":"Point","coordinates":[120.305012,22.704967]},"properties":{"name":"雨豆樹","code":"楠梓314","county":"高雄市","address":"高雄市楠梓區中油煉油廠西門總辦公室內(材料一路)","land_parcel":"油廠段226地號","_featureId":"楠梓314","countyCodes":["64000"]}},{"type":"Feature","id":"楠梓315","geometry":{"type":"Point","coordinates":[120.304231,22.714933]},"properties":{"name":"雨豆樹","code":"楠梓315","county":"高雄市","address":"高雄市楠梓區宏毅二路北二巷38號","land_parcel":"油舍段128地號","_featureId":"楠梓315","countyCodes":["64000"]}},{"type":"Feature","id":"楠梓316","geometry":{"type":"Point","coordinates":[120.297604,22.701196]},"properties":{"name":"樟樹","code":"楠梓316","county":"高雄市","address":"高雄市楠梓區宏毅一路8巷底靠近世運大道","land_parcel":"油舍段388地號","_featureId":"楠梓316","countyCodes":["64000"]}},{"type":"Feature","id":"楠梓317","geometry":{"type":"Point","coordinates":[120.307443,22.701419]},"properties":{"name":"樟樹","code":"楠梓317","county":"高雄市","address":"高雄市楠梓區中油煉油廠西門總辦公室內(經過兩排羅漢松後靠近半屏山之步道旁)","land_parcel":"油廠段256地號","_featureId":"楠梓317","countyCodes":["64000"]}},{"type":"Feature","id":"楠梓318","geometry":{"type":"Point","coordinates":[120.303002,22.707794]},"properties":{"name":"雨豆樹","code":"楠梓318","county":"高雄市","address":"高雄市楠梓區後昌路上公車站牌(捷運油廠國小站)","land_parcel":"油舍段173地號","_featureId":"楠梓318","countyCodes":["64000"]}},{"type":"Feature","id":"鼓山001","geometry":{"type":"Point","coordinates":[120.269474,22.627967]},"properties":{"name":"茄苳","code":"鼓山001","county":"高雄市","address":"高雄市鼓山區中山大學男教職員宿舍道路旁 (蓮海路70號)","land_parcel":"鼓南段4小段1地號","_featureId":"鼓山001","countyCodes":["64000"]}},{"type":"Feature","id":"鼓山002","geometry":{"type":"Point","coordinates":[120.269649,22.628094]},"properties":{"name":"欖仁","code":"鼓山002","county":"高雄市","address":"高雄市鼓山區中山大學往教職員宿舍道路坡坎上","land_parcel":"鼓南段4小段1地號","_featureId":"鼓山002","countyCodes":["64000"]}},{"type":"Feature","id":"鼓山003","geometry":{"type":"Point","coordinates":[120.269513,22.62803]},"properties":{"name":"茄苳","code":"鼓山003","county":"高雄市","address":"高雄市鼓山區中山大學往教職員宿舍道路旁","land_parcel":"鼓南段4小段1地號","_featureId":"鼓山003","countyCodes":["64000"]}},{"type":"Feature","id":"鼓山004","geometry":{"type":"Point","coordinates":[120.268937,22.62829]},"properties":{"name":"雨豆樹","code":"鼓山004","county":"高雄市","address":"高雄市鼓山區中山大學往翠享宿舍轉角處","land_parcel":"鼓南段4小段1地號","_featureId":"鼓山004","countyCodes":["64000"]}},{"type":"Feature","id":"鼓山005","geometry":{"type":"Point","coordinates":[120.268821,22.628316]},"properties":{"name":"木麻黃","code":"鼓山005","county":"高雄市","address":"高雄市鼓山區中山大學往翠享宿舍轉角處","land_parcel":"鼓南段4小段1地號","_featureId":"鼓山005","countyCodes":["64000"]}},{"type":"Feature","id":"鼓山006","geometry":{"type":"Point","coordinates":[120.268366,22.627899]},"properties":{"name":"雨豆樹","code":"鼓山006","county":"高雄市","address":"高雄市鼓山區中山大學往翠享樓宿舍正面左方(L棟前方)","land_parcel":"鼓南段4小段1地號","_featureId":"鼓山006","countyCodes":["64000"]}},{"type":"Feature","id":"鼓山007","geometry":{"type":"Point","coordinates":[120.26571,22.626135]},"properties":{"name":"印度菩提樹","code":"鼓山007","county":"高雄市","address":"高雄市鼓山區中山大學圖書資訊大樓前","land_parcel":"鼓南段4小段43地號","_featureId":"鼓山007","countyCodes":["64000"]}},{"type":"Feature","id":"鼓山008","geometry":{"type":"Point","coordinates":[120.265807,22.626144]},"properties":{"name":"印度菩提樹","code":"鼓山008","county":"高雄市","address":"高雄市鼓山區中山大學圖書資訊大樓前","land_parcel":"鼓南段4小段43地號","_featureId":"鼓山008","countyCodes":["64000"]}},{"type":"Feature","id":"鼓山010","geometry":{"type":"Point","coordinates":[120.265992,22.626136]},"properties":{"name":"印度菩提樹","code":"鼓山010","county":"高雄市","address":"高雄市鼓山區中山大學圖書資訊大樓前","land_parcel":"鼓南段4小段43地號","_featureId":"鼓山010","countyCodes":["64000"]}},{"type":"Feature","id":"鼓山011","geometry":{"type":"Point","coordinates":[120.265062,22.627233]},"properties":{"name":"榕樹","code":"鼓山011","county":"高雄市","address":"高雄市鼓山區中山大學蔣公行館前廣場","land_parcel":"鼓南段4小段43地號","_featureId":"鼓山011","countyCodes":["64000"]}},{"type":"Feature","id":"鼓山012","geometry":{"type":"Point","coordinates":[120.265275,22.627325]},"properties":{"name":"榕樹","code":"鼓山012","county":"高雄市","address":"高雄市鼓山區中山大學蔣公行館前廣場","land_parcel":"鼓南段4小段43地號","_featureId":"鼓山012","countyCodes":["64000"]}},{"type":"Feature","id":"鼓山013","geometry":{"type":"Point","coordinates":[120.265305,22.627226]},"properties":{"name":"榕樹","code":"鼓山013","county":"高雄市","address":"高雄市鼓山區中山大學蔣公行館前廣場","land_parcel":"鼓南段4小段43地號","_featureId":"鼓山013","countyCodes":["64000"]}},{"type":"Feature","id":"鼓山016","geometry":{"type":"Point","coordinates":[120.274052,22.626841]},"properties":{"name":"鐵刀木","code":"鼓山016","county":"高雄市","address":"高雄市鼓山區忠烈祠公廁右方","land_parcel":"壽山段138地號","_featureId":"鼓山016","countyCodes":["64000"]}},{"type":"Feature","id":"鼓山017","geometry":{"type":"Point","coordinates":[120.274286,22.626698]},"properties":{"name":"榕樹","code":"鼓山017","county":"高雄市","address":"高雄市鼓山區忠烈祠公廁左方馬路旁","land_parcel":"壽山段138地號","_featureId":"鼓山017","countyCodes":["64000"]}},{"type":"Feature","id":"鼓山020","geometry":{"type":"Point","coordinates":[120.273813,22.626126]},"properties":{"name":"榕樹","code":"鼓山020","county":"高雄市","address":"高雄市鼓山區忠烈祠右前廣場(浩氣千秋右側)","land_parcel":"壽山段138-3地號","_featureId":"鼓山020","countyCodes":["64000"]}},{"type":"Feature","id":"鼓山022","geometry":{"type":"Point","coordinates":[120.274229,22.626553]},"properties":{"name":"茄苳","code":"鼓山022","county":"高雄市","address":"高雄市鼓山區忠烈祠前廣場(戰爭與和平紀念館右側第3株)","land_parcel":"壽山段138地號","_featureId":"鼓山022","countyCodes":["64000"]}},{"type":"Feature","id":"鼓山023","geometry":{"type":"Point","coordinates":[120.274239,22.626444]},"properties":{"name":"檬果","code":"鼓山023","county":"高雄市","address":"高雄市鼓山區忠烈祠前廣場(戰爭與和平紀念館正前方)","land_parcel":"壽山段138-3地號","_featureId":"鼓山023","countyCodes":["64000"]}},{"type":"Feature","id":"鼓山024","geometry":{"type":"Point","coordinates":[120.274692,22.625336]},"properties":{"name":"欖仁","code":"鼓山024","county":"高雄市","address":"高雄市鼓山區忠烈祠樓梯下方停車場","land_parcel":"壽山段139-8地號","_featureId":"鼓山024","countyCodes":["64000"]}},{"type":"Feature","id":"鼓山026","geometry":{"type":"Point","coordinates":[120.274354,22.625027]},"properties":{"name":"榕樹","code":"鼓山026","county":"高雄市","address":"高雄市鼓山區忠烈祠樓梯下方停車場","land_parcel":"壽山段137-6地號","_featureId":"鼓山026","countyCodes":["64000"]}},{"type":"Feature","id":"鼓山027","geometry":{"type":"Point","coordinates":[120.283826,22.634931]},"properties":{"name":"榕樹","code":"鼓山027","county":"高雄市","address":"高雄市鼓山區河川街26號","land_parcel":"鼓中段1小段1026地號","_featureId":"鼓山027","countyCodes":["64000"]}},{"type":"Feature","id":"鼓山028","geometry":{"type":"Point","coordinates":[120.281586,22.640936]},"properties":{"name":"榕樹","code":"鼓山028","county":"高雄市","address":"高雄市鼓山區河邊街161-10號前","land_parcel":"鼓中段1小段24-38地號","_featureId":"鼓山028","countyCodes":["64000"]}},{"type":"Feature","id":"鼓山029","geometry":{"type":"Point","coordinates":[120.281741,22.641009]},"properties":{"name":"榕樹","code":"鼓山029","county":"高雄市","address":"高雄市鼓山區河邊街161-6號前","land_parcel":"鼓中段1小段24地號","_featureId":"鼓山029","countyCodes":["64000"]}},{"type":"Feature","id":"鼓山030","geometry":{"type":"Point","coordinates":[120.281644,22.640972]},"properties":{"name":"榕樹","code":"鼓山030","county":"高雄市","address":"高雄市鼓山區河邊街161-8號前","land_parcel":"鼓中段1小段24地號","_featureId":"鼓山030","countyCodes":["64000"]}},{"type":"Feature","id":"鼓山032","geometry":{"type":"Point","coordinates":[120.275769,22.62032]},"properties":{"name":"榕樹","code":"鼓山032","county":"高雄市","address":"高雄市鼓山區港務局鐵路旁","land_parcel":"鼓南段1小段92-6地號","_featureId":"鼓山032","countyCodes":["64000"]}},{"type":"Feature","id":"鼓山033","geometry":{"type":"Point","coordinates":[120.276493,22.619546]},"properties":{"name":"榕樹","code":"鼓山033","county":"高雄市","address":"高雄市鼓山區港務局一號碼頭倉庫後方","land_parcel":"鼓南段1小段92-6地號","_featureId":"鼓山033","countyCodes":["64000"]}},{"type":"Feature","id":"鼓山034","geometry":{"type":"Point","coordinates":[120.276318,22.619618]},"properties":{"name":"榕樹","code":"鼓山034","county":"高雄市","address":"高雄市鼓山區港務局一號碼頭倉庫後方","land_parcel":"鼓南段1小段92-6地號","_featureId":"鼓山034","countyCodes":["64000"]}},{"type":"Feature","id":"鼓山035","geometry":{"type":"Point","coordinates":[120.273531,22.626098]},"properties":{"name":"茄苳","code":"鼓山035","county":"高雄市","address":"高雄市鼓山區萬壽山老人活動中心羽球場右方7m處","land_parcel":"壽山段138-3地號","_featureId":"鼓山035","countyCodes":["64000"]}},{"type":"Feature","id":"鼓山036","geometry":{"type":"Point","coordinates":[120.273588,22.626243]},"properties":{"name":"茄苳","code":"鼓山036","county":"高雄市","address":"高雄市鼓山區萬壽山老人活動中心門口右方","land_parcel":"壽山段138-3地號","_featureId":"鼓山036","countyCodes":["64000"]}},{"type":"Feature","id":"鼓山037","geometry":{"type":"Point","coordinates":[120.273628,22.626189]},"properties":{"name":"茄苳","code":"鼓山037","county":"高雄市","address":"高雄市鼓山區萬壽山老人活動中心門口右方","land_parcel":"壽山段138-3地號","_featureId":"鼓山037","countyCodes":["64000"]}},{"type":"Feature","id":"鼓山040","geometry":{"type":"Point","coordinates":[120.278433,22.629931]},"properties":{"name":"印度菩提樹","code":"鼓山040","county":"高雄市","address":"高雄市鼓山區萬壽路100號(海巡署停車場旁)","land_parcel":"鼓中段五小段208地號","_featureId":"鼓山040","countyCodes":["64000"]}},{"type":"Feature","id":"鼓山041","geometry":{"type":"Point","coordinates":[120.278491,22.629949]},"properties":{"name":"印度菩提樹","code":"鼓山041","county":"高雄市","address":"高雄市鼓山區萬壽路100號(海巡署停車場旁)","land_parcel":"鼓中段五小段208地號","_featureId":"鼓山041","countyCodes":["64000"]}},{"type":"Feature","id":"鼓山044","geometry":{"type":"Point","coordinates":[120.281467,22.637711]},"properties":{"name":"榕樹","code":"鼓山044","county":"高雄市","address":"高雄市鼓山區鼓山二路168巷3號旁(停車場內)（鼓山區公所後面）","land_parcel":"鼓中段2小段426地號","_featureId":"鼓山044","countyCodes":["64000"]}},{"type":"Feature","id":"鼓山045","geometry":{"type":"Point","coordinates":[120.276244,22.650367]},"properties":{"name":"雨豆樹","code":"鼓山045","county":"高雄市","address":"高雄市鼓山區鼓山三路15號之1(天主教露德聖母堂)","land_parcel":"內惟段8小段549地號","_featureId":"鼓山045","countyCodes":["64000"]}},{"type":"Feature","id":"鼓山046","geometry":{"type":"Point","coordinates":[120.276157,22.650357]},"properties":{"name":"雨豆樹","code":"鼓山046","county":"高雄市","address":"高雄市鼓山區鼓山三路15號之1(天主教露德聖母堂)","land_parcel":"內惟段8小段549地號","_featureId":"鼓山046","countyCodes":["64000"]}},{"type":"Feature","id":"鼓山047","geometry":{"type":"Point","coordinates":[120.276069,22.65033]},"properties":{"name":"雨豆樹","code":"鼓山047","county":"高雄市","address":"高雄市鼓山區鼓山三路15號之1(天主教露德聖母堂)","land_parcel":"內惟段8小段549地號","_featureId":"鼓山047","countyCodes":["64000"]}},{"type":"Feature","id":"鼓山048","geometry":{"type":"Point","coordinates":[120.272046,22.621702]},"properties":{"name":"欖仁","code":"鼓山048","county":"高雄市","address":"高雄市鼓山區鼓元街與延平街交叉口","land_parcel":"鼓南段三小段611號","_featureId":"鼓山048","countyCodes":["64000"]}},{"type":"Feature","id":"鼓山049","geometry":{"type":"Point","coordinates":[120.283439,22.662608]},"properties":{"name":"榕樹","code":"鼓山049","county":"高雄市","address":"高雄市鼓山區葆禎路內惟埤公園內","land_parcel":"內惟段11小段5地號","_featureId":"鼓山049","countyCodes":["64000"]}},{"type":"Feature","id":"鼓山050","geometry":{"type":"Point","coordinates":[120.274567,22.634348]},"properties":{"name":"雨豆樹","code":"鼓山050","county":"高雄市","address":"高雄市鼓山區萬壽路350號壽山動物園內馬來熊區親水公園旁","land_parcel":"壽山段126地號","_featureId":"鼓山050","countyCodes":["64000"]}},{"type":"Feature","id":"鼓山051","geometry":{"type":"Point","coordinates":[120.27463,22.635441]},"properties":{"name":"猢猻木","code":"鼓山051","county":"高雄市","address":"高雄市鼓山區萬壽路350號壽山動物園內黑熊區","land_parcel":"壽山段126地號","_featureId":"鼓山051","countyCodes":["64000"]}},{"type":"Feature","id":"鼓山052","geometry":{"type":"Point","coordinates":[120.274443,22.635774]},"properties":{"name":"猢猻木","code":"鼓山052","county":"高雄市","address":"高雄市鼓山區萬壽路350號壽山動物園內黑熊區","land_parcel":"壽山段126地號","_featureId":"鼓山052","countyCodes":["64000"]}},{"type":"Feature","id":"鼓山053","geometry":{"type":"Point","coordinates":[120.274357,22.635512]},"properties":{"name":"猢猻木","code":"鼓山053","county":"高雄市","address":"高雄市鼓山區萬壽路350號壽山動物園內黑熊區","land_parcel":"壽山段126地號","_featureId":"鼓山053","countyCodes":["64000"]}},{"type":"Feature","id":"鼓山054","geometry":{"type":"Point","coordinates":[120.275112,22.63435]},"properties":{"name":"雨豆樹","code":"鼓山054","county":"高雄市","address":"高雄市鼓山區萬壽路350號壽山動物園內伊蘭羚區","land_parcel":"壽山段126地號","_featureId":"鼓山054","countyCodes":["64000"]}},{"type":"Feature","id":"旗津001","geometry":{"type":"Point","coordinates":[120.280875,22.596204]},"properties":{"name":"榕樹","code":"旗津001","county":"高雄市","address":"高雄市旗津中洲三路1號(大願院)","land_parcel":"旗汕段740-6地號","_featureId":"旗津001","countyCodes":["64000"]}},{"type":"Feature","id":"旗津002","geometry":{"type":"Point","coordinates":[120.285904,22.590392]},"properties":{"name":"海茄冬","code":"旗津002","county":"高雄市","address":"高雄市旗津區中洲二路392號","land_parcel":"旗汕段902-1地號","_featureId":"旗津002","countyCodes":["64000"]}},{"type":"Feature","id":"旗津003","geometry":{"type":"Point","coordinates":[120.286158,22.590195]},"properties":{"name":"海茄冬","code":"旗津003","county":"高雄市","address":"高雄市旗津區中洲二路392號（後方空地）","land_parcel":"旗汕段902-1地號","_featureId":"旗津003","countyCodes":["64000"]}},{"type":"Feature","id":"旗津004","geometry":{"type":"Point","coordinates":[120.28607,22.590239]},"properties":{"name":"海茄冬","code":"旗津004","county":"高雄市","address":"高雄市旗津區中洲二路392號（後方空地）","land_parcel":"旗汕段902-1地號","_featureId":"旗津004","countyCodes":["64000"]}},{"type":"Feature","id":"旗津005","geometry":{"type":"Point","coordinates":[120.286187,22.590276]},"properties":{"name":"欖李","code":"旗津005","county":"高雄市","address":"高雄市旗津區中洲二路392號（後方空地）","land_parcel":"旗汕段902-1地號","_featureId":"旗津005","countyCodes":["64000"]}},{"type":"Feature","id":"旗津006","geometry":{"type":"Point","coordinates":[120.285982,22.590438]},"properties":{"name":"海茄冬","code":"旗津006","county":"高雄市","address":"高雄市旗津區中洲二路392號（後方空地）","land_parcel":"旗汕段902-1地號","_featureId":"旗津006","countyCodes":["64000"]}},{"type":"Feature","id":"旗津007","geometry":{"type":"Point","coordinates":[120.264642,22.614688]},"properties":{"name":"榕樹","code":"旗津007","county":"高雄市","address":"高雄市旗津區旗后山上燈塔旁","land_parcel":"旗港段1231-17地號","_featureId":"旗津007","countyCodes":["64000"]}},{"type":"Feature","id":"鹽埕001","geometry":{"type":"Point","coordinates":[120.283021,22.623161]},"properties":{"name":"榕樹","code":"鹽埕001","county":"高雄市","address":"高雄市鹽埕區五福四路(鹽埕國小大門進入左側)","land_parcel":"大勇段265地號","_featureId":"鹽埕001","countyCodes":["64000"]}},{"type":"Feature","id":"鹽埕002","geometry":{"type":"Point","coordinates":[120.286799,22.618716]},"properties":{"name":"榕樹","code":"鹽埕002","county":"高雄市","address":"高雄市鹽埕區大成街往公園二路到底公園內(台糖公園)","land_parcel":"大成段251地號","_featureId":"鹽埕002","countyCodes":["64000"]}},{"type":"Feature","id":"鹽埕003","geometry":{"type":"Point","coordinates":[120.289294,22.621572]},"properties":{"name":"榕樹","code":"鹽埕003","county":"高雄市","address":"高雄市鹽埕區河西路5號對面","land_parcel":"大智段898-3地號","_featureId":"鹽埕003","countyCodes":["64000"]}},{"type":"Feature","id":"大寮090","geometry":{"type":"Point","coordinates":[120.426649,22.649178]},"properties":{"name":"檬果","code":"大寮090","county":"高雄市","address":"曹公圳五孔水門舊跡旁","land_parcel":"未登錄","_featureId":"大寮090","countyCodes":["64000"]}},{"type":"Feature","id":"燕巢093","geometry":{"type":"Point","coordinates":[120.332607,22.752955]},"properties":{"name":"雜交柳","code":"燕巢093","county":"高雄市","address":"高雄市楠梓區卓越路3號","land_parcel":"中安段459地號","_featureId":"燕巢093","countyCodes":["64000"]}},{"type":"Feature","id":"杉林005","geometry":{"type":"Point","coordinates":[120.531893,22.96071]},"properties":{"name":"檬果","code":"杉林005","county":"高雄市","address":"高雄市杉林區月眉里清水路合興巷4號(孝友遺風牌樓前)","land_parcel":"月美段281地號","_featureId":"杉林005","countyCodes":["64000"]}},{"type":"Feature","id":"杉林062","geometry":{"type":"Point","coordinates":[120.551527,23.036434]},"properties":{"name":"雀榕","code":"杉林062","county":"高雄市","address":"高雄市杉林區集來里八張犛通仙巷421號旁","land_parcel":"十張犂段481地號","_featureId":"杉林062","countyCodes":["64000"]}},{"type":"Feature","id":"杉林068","geometry":{"type":"Point","coordinates":[120.560049,22.953955]},"properties":{"name":"茄苳","code":"杉林068","county":"高雄市","address":"高雄市杉林區月眉里內寮路52號往前約200公尺福德祠旁(往倒茄苳路上)","land_parcel":"內寮段797地號","_featureId":"杉林068","countyCodes":["64000"]}},{"type":"Feature","id":"杉林070","geometry":{"type":"Point","coordinates":[120.586754,23.019336]},"properties":{"name":"龍眼","code":"杉林070","county":"高雄市","address":"高雄市杉林區集來里通仙巷181號房屋後方","land_parcel":"十張_段783-71地號","_featureId":"杉林070","countyCodes":["64000"]}},{"type":"Feature","id":"內門007","geometry":{"type":"Point","coordinates":[120.431856,22.91003]},"properties":{"name":"檬果","code":"內門007","county":"高雄市","address":"高雄市內門區內東里夏梅林路6號(神農宮，182線接夏梅林神農宮)","land_parcel":"虎頭山段1070地號","_featureId":"內門007","countyCodes":["64000"]}},{"type":"Feature","id":"內門073","geometry":{"type":"Point","coordinates":[120.443349,22.926695]},"properties":{"name":"緬梔","code":"內門073","county":"高雄市","address":"高雄市內門區中埔里小烏山路14-1號(北天宮，中埔里活動中心對面)","land_parcel":"虎頭山段379地號","_featureId":"內門073","countyCodes":["64000"]}},{"type":"Feature","id":"內門074","geometry":{"type":"Point","coordinates":[120.501603,22.992911]},"properties":{"name":"雨豆樹","code":"內門074","county":"高雄市","address":"高雄市內門區溝坪里廣福47號(高雄市內門區溝坪國民小學)","land_parcel":"溝坪段310-1地號","_featureId":"內門074","countyCodes":["64000"]}},{"type":"Feature","id":"旗山004","geometry":{"type":"Point","coordinates":[120.473781,22.852351]},"properties":{"name":"榕樹","code":"旗山004","county":"高雄市","address":"高雄市旗山區上洲里中洲路84號","land_parcel":"北溪洲段512地號","_featureId":"旗山004","countyCodes":["64000"]}},{"type":"Feature","id":"旗山038","geometry":{"type":"Point","coordinates":[120.49166,22.881533]},"properties":{"name":"樟樹","code":"旗山038","county":"高雄市","address":"高雄市旗山區糖廠里糖廠販賣部前","land_parcel":"旗尾段二小段2051地號","_featureId":"旗山038","countyCodes":["64000"]}},{"type":"Feature","id":"旗山083","geometry":{"type":"Point","coordinates":[120.480692,22.889977]},"properties":{"name":"菲律賓欖仁","code":"旗山083","county":"高雄市","address":"高雄市旗山區文中路7號(旗山生活文化園區)","land_parcel":"旗山段299-1地號","_featureId":"旗山083","countyCodes":["64000"]}},{"type":"Feature","id":"旗山084","geometry":{"type":"Point","coordinates":[120.474967,22.896036]},"properties":{"name":"雨豆樹","code":"旗山084","county":"高雄市","address":"高雄市旗山區義德街37巷2號之1(旗山清潔隊)","land_parcel":"鼓山段112-1地號","_featureId":"旗山084","countyCodes":["64000"]}},{"type":"Feature","id":"橋頭008","geometry":{"type":"Point","coordinates":[120.316015,22.752958]},"properties":{"name":"榕樹","code":"橋頭008","county":"高雄市","address":"高雄市橋頭區橋南村興糖路","land_parcel":"橋子頭段1065-1地號","_featureId":"橋頭008","countyCodes":["64000"]}},{"type":"Feature","id":"橋頭009","geometry":{"type":"Point","coordinates":[120.306577,22.763239]},"properties":{"name":"榕樹","code":"橋頭009","county":"高雄市","address":"高雄市橋頭區德松村樹德路","land_parcel":"建樹段155地號","_featureId":"橋頭009","countyCodes":["64000"]}},{"type":"Feature","id":"橋頭089","geometry":{"type":"Point","coordinates":[120.305713,22.756923]},"properties":{"name":"榕樹","code":"橋頭089","county":"高雄市","address":"高雄市橋頭區橋頭里隆豐路1號(竹林公園內)","land_parcel":"橋中段135地號","_featureId":"橋頭089","countyCodes":["64000"]}},{"type":"Feature","id":"橋頭090","geometry":{"type":"Point","coordinates":[120.297023,22.733035]},"properties":{"name":"雨豆樹","code":"橋頭090","county":"高雄市","address":"高雄市橋頭區明德路明德巷口","land_parcel":"甲圍段1504地號","_featureId":"橋頭090","countyCodes":["64000"]}},{"type":"Feature","id":"橋頭091","geometry":{"type":"Point","coordinates":[120.296145,22.731478]},"properties":{"name":"榕樹","code":"橋頭091","county":"高雄市","address":"高雄市橋頭區明德路明德巷最裡面右側房子旁","land_parcel":"甲圍段1510地號","_featureId":"橋頭091","countyCodes":["64000"]}},{"type":"Feature","id":"大樹012","geometry":{"type":"Point","coordinates":[120.401124,22.645789]},"properties":{"name":"榕樹","code":"大樹012","county":"高雄市","address":"高雄市大樹區九曲里瓦厝街(水管路)","land_parcel":"水安段1258地號","_featureId":"大樹012","countyCodes":["64000"]}},{"type":"Feature","id":"大樹013","geometry":{"type":"Point","coordinates":[120.401085,22.645743]},"properties":{"name":"榕樹","code":"大樹013","county":"高雄市","address":"高雄市大樹區九曲里瓦厝街(水管路)","land_parcel":"水安段1258地號","_featureId":"大樹013","countyCodes":["64000"]}},{"type":"Feature","id":"大樹003","geometry":{"type":"Point","coordinates":[120.429967,22.686857]},"properties":{"name":"榕樹","code":"大樹003","county":"高雄市","address":"高雄市大樹區大樹里大樹路71號","land_parcel":"大樹新吉段273地號","_featureId":"大樹003","countyCodes":["64000"]}},{"type":"Feature","id":"大樹004","geometry":{"type":"Point","coordinates":[120.409855,22.669861]},"properties":{"name":"檬果","code":"大樹004","county":"高雄市","address":"高雄市大樹區井腳里193號","land_parcel":"坪頂段653地號","_featureId":"大樹004","countyCodes":["64000"]}},{"type":"Feature","id":"大樹005","geometry":{"type":"Point","coordinates":[120.434854,22.688834]},"properties":{"name":"樟樹","code":"大樹005","county":"高雄市","address":"高雄市大樹區大樹里中正一路249號","land_parcel":"大樹保安段11地號","_featureId":"大樹005","countyCodes":["64000"]}},{"type":"Feature","id":"大樹085","geometry":{"type":"Point","coordinates":[120.417334,22.705469]},"properties":{"name":"榕樹","code":"大樹085","county":"高雄市","address":"高雄市大樹區和山里和山路55號","land_parcel":"和山段191地號","_featureId":"大樹085","countyCodes":["64000"]}},{"type":"Feature","id":"大樹086","geometry":{"type":"Point","coordinates":[120.441436,22.733858]},"properties":{"name":"印度橡膠樹","code":"大樹086","county":"高雄市","address":"大樹軍備局溪埔路3巷進去後的停車場","land_parcel":"田寮段1025地號","_featureId":"大樹086","countyCodes":["64000"]}},{"type":"Feature","id":"大樹087","geometry":{"type":"Point","coordinates":[120.44129,22.733848]},"properties":{"name":"印度橡膠樹","code":"大樹087","county":"高雄市","address":"大樹軍備局溪埔路3巷進去後的停車場","land_parcel":"田寮段1025地號","_featureId":"大樹087","countyCodes":["64000"]}},{"type":"Feature","id":"六龜014","geometry":{"type":"Point","coordinates":[120.64931,23.004541]},"properties":{"name":"雀榕","code":"六龜014","county":"高雄市","address":"高雄市六龜區興龍里土壠路121號(興壠里六角亭旁，龍福祠對面)","land_parcel":"龍興段772地號","_featureId":"六龜014","countyCodes":["64000"]}},{"type":"Feature","id":"六龜003","geometry":{"type":"Point","coordinates":[120.627186,22.897532]},"properties":{"name":"吉貝木棉","code":"六龜003","county":"高雄市","address":"高雄市六龜區新威里212 號","land_parcel":"新民庄段1361地號","_featureId":"六龜003","countyCodes":["64000"]}},{"type":"Feature","id":"六龜035","geometry":{"type":"Point","coordinates":[120.633437,22.997714]},"properties":{"name":"樟樹","code":"六龜035","county":"高雄市","address":"高雄市六龜區義寶里民生路1號","land_parcel":"文武段446地號","_featureId":"六龜035","countyCodes":["64000"]}},{"type":"Feature","id":"六龜037","geometry":{"type":"Point","coordinates":[120.698647,23.107176]},"properties":{"name":"樟樹","code":"六龜037","county":"高雄市","address":"高雄市六龜區寶來里1巷38 號","land_parcel":"寶來段653地號","_featureId":"六龜037","countyCodes":["64000"]}},{"type":"Feature","id":"六龜071","geometry":{"type":"Point","coordinates":[120.646379,22.9839]},"properties":{"name":"克蘭樹","code":"六龜071","county":"高雄市","address":"高雄市六龜區中興里尾庄路(福德祠)","land_parcel":"紫蝶段740地號","_featureId":"六龜071","countyCodes":["64000"]}},{"type":"Feature","id":"六龜072","geometry":{"type":"Point","coordinates":[120.703669,23.105524]},"properties":{"name":"黃連木","code":"六龜072","county":"高雄市","address":"高雄市六龜區寶來二巷36-30號","land_parcel":"寶來段432號","_featureId":"六龜072","countyCodes":["64000"]}},{"type":"Feature","id":"鳳山015","geometry":{"type":"Point","coordinates":[120.354818,22.615482]},"properties":{"name":"雀榕","code":"鳳山015","county":"高雄市","address":"高雄市鳳山區北門里建國路一段(鎮南宮仙公廟旁八仙公園)","land_parcel":"道爺_段下菜園小段84-3地號","_featureId":"鳳山015","countyCodes":["64000"]}},{"type":"Feature","id":"鳳山051","geometry":{"type":"Point","coordinates":[120.357875,22.627415]},"properties":{"name":"茄苳","code":"鳳山051","county":"高雄市","address":"高雄市鳳山區縣衙里曹公路6號","land_parcel":"鳳山段縣口小段88-1地號","_featureId":"鳳山051","countyCodes":["64000"]}},{"type":"Feature","id":"鳳山053","geometry":{"type":"Point","coordinates":[120.356738,22.624936]},"properties":{"name":"茄苳","code":"鳳山053","county":"高雄市","address":"高雄市鳳山區興仁里中山路231號","land_parcel":"鳳山段大老衙小段157地號","_featureId":"鳳山053","countyCodes":["64000"]}},{"type":"Feature","id":"鳳山054","geometry":{"type":"Point","coordinates":[120.338573,22.617665]},"properties":{"name":"榕樹","code":"鳳山054","county":"高雄市","address":"衛武營都會公園","land_parcel":"新甲段44-1地號","_featureId":"鳳山054","countyCodes":["64000"]}},{"type":"Feature","id":"鳳山055","geometry":{"type":"Point","coordinates":[120.337987,22.618159]},"properties":{"name":"榕樹","code":"鳳山055","county":"高雄市","address":"衛武營都會公園","land_parcel":"道爺廍段162-5地號","_featureId":"鳳山055","countyCodes":["64000"]}},{"type":"Feature","id":"鳳山056","geometry":{"type":"Point","coordinates":[120.340506,22.618242]},"properties":{"name":"榕樹","code":"鳳山056","county":"高雄市","address":"衛武營都會公園","land_parcel":"新甲段37-1地號","_featureId":"鳳山056","countyCodes":["64000"]}},{"type":"Feature","id":"鳳山057","geometry":{"type":"Point","coordinates":[120.341155,22.618723]},"properties":{"name":"榕樹","code":"鳳山057","county":"高雄市","address":"衛武營都會公園","land_parcel":"道爺廍段57地號","_featureId":"鳳山057","countyCodes":["64000"]}},{"type":"Feature","id":"鳳山058","geometry":{"type":"Point","coordinates":[120.341369,22.618742]},"properties":{"name":"榕樹","code":"鳳山058","county":"高雄市","address":"衛武營都會公園","land_parcel":"道爺廍段57地號","_featureId":"鳳山058","countyCodes":["64000"]}},{"type":"Feature","id":"鳳山059","geometry":{"type":"Point","coordinates":[120.341191,22.619319]},"properties":{"name":"榕樹","code":"鳳山059","county":"高雄市","address":"衛武營都會公園","land_parcel":"道爺廍段162-5地號","_featureId":"鳳山059","countyCodes":["64000"]}},{"type":"Feature","id":"鳳山060","geometry":{"type":"Point","coordinates":[120.33999,22.620308]},"properties":{"name":"大葉桉","code":"鳳山060","county":"高雄市","address":"衛武營都會公園","land_parcel":"道爺廍段162-5地號","_featureId":"鳳山060","countyCodes":["64000"]}},{"type":"Feature","id":"鳳山061","geometry":{"type":"Point","coordinates":[120.328265,22.616954]},"properties":{"name":"雨豆樹","code":"鳳山061","county":"高雄市","address":"交通部臺灣鐵路管理局高雄機廠","land_parcel":"新甲段1351地號","_featureId":"鳳山061","countyCodes":["64000"]}},{"type":"Feature","id":"鳳山062","geometry":{"type":"Point","coordinates":[120.327995,22.616528]},"properties":{"name":"榕樹","code":"鳳山062","county":"高雄市","address":"交通部臺灣鐵路管理局高雄機廠","land_parcel":"新甲段1351地號","_featureId":"鳳山062","countyCodes":["64000"]}},{"type":"Feature","id":"鳳山063","geometry":{"type":"Point","coordinates":[120.327898,22.616528]},"properties":{"name":"榕樹","code":"鳳山063","county":"高雄市","address":"交通部臺灣鐵路管理局高雄機廠","land_parcel":"新甲段1351地號","_featureId":"鳳山063","countyCodes":["64000"]}},{"type":"Feature","id":"鳳山064","geometry":{"type":"Point","coordinates":[120.32779,22.616545]},"properties":{"name":"榕樹","code":"鳳山064","county":"高雄市","address":"交通部臺灣鐵路管理局高雄機廠","land_parcel":"新甲段1351地號","_featureId":"鳳山064","countyCodes":["64000"]}},{"type":"Feature","id":"鳳山065","geometry":{"type":"Point","coordinates":[120.327433,22.616002]},"properties":{"name":"榕樹","code":"鳳山065","county":"高雄市","address":"交通部臺灣鐵路管理局高雄機廠","land_parcel":"新甲段1351地號","_featureId":"鳳山065","countyCodes":["64000"]}},{"type":"Feature","id":"鳳山066","geometry":{"type":"Point","coordinates":[120.328127,22.615445]},"properties":{"name":"大葉桃花心木","code":"鳳山066","county":"高雄市","address":"交通部臺灣鐵路管理局高雄機廠","land_parcel":"新甲段1351地號","_featureId":"鳳山066","countyCodes":["64000"]}},{"type":"Feature","id":"鳳山067","geometry":{"type":"Point","coordinates":[120.327876,22.613015]},"properties":{"name":"菩提樹","code":"鳳山067","county":"高雄市","address":"交通部臺灣鐵路管理局高雄機廠","land_parcel":"新甲段1351地號","_featureId":"鳳山067","countyCodes":["64000"]}},{"type":"Feature","id":"鳳山068","geometry":{"type":"Point","coordinates":[120.331004,22.615719]},"properties":{"name":"印度紫檀","code":"鳳山068","county":"高雄市","address":"交通部臺灣鐵路管理局高雄機廠","land_parcel":"新甲段1351地號","_featureId":"鳳山068","countyCodes":["64000"]}},{"type":"Feature","id":"鳳山069","geometry":{"type":"Point","coordinates":[120.330842,22.615131]},"properties":{"name":"印度紫檀","code":"鳳山069","county":"高雄市","address":"交通部臺灣鐵路管理局高雄機廠","land_parcel":"新甲段1351地號","_featureId":"鳳山069","countyCodes":["64000"]}},{"type":"Feature","id":"鳳山070","geometry":{"type":"Point","coordinates":[120.330948,22.615285]},"properties":{"name":"印度紫檀","code":"鳳山070","county":"高雄市","address":"交通部臺灣鐵路管理局高雄機廠","land_parcel":"新甲段1351地號","_featureId":"鳳山070","countyCodes":["64000"]}},{"type":"Feature","id":"鳳山071","geometry":{"type":"Point","coordinates":[120.331516,22.614511]},"properties":{"name":"雨豆樹","code":"鳳山071","county":"高雄市","address":"交通部臺灣鐵路管理局高雄機廠","land_parcel":"新甲段1351地號","_featureId":"鳳山071","countyCodes":["64000"]}},{"type":"Feature","id":"鳳山072","geometry":{"type":"Point","coordinates":[120.331469,22.614285]},"properties":{"name":"雨豆樹","code":"鳳山072","county":"高雄市","address":"交通部臺灣鐵路管理局高雄機廠","land_parcel":"新甲段1351地號","_featureId":"鳳山072","countyCodes":["64000"]}},{"type":"Feature","id":"鳳山073","geometry":{"type":"Point","coordinates":[120.331634,22.614268]},"properties":{"name":"雨豆樹","code":"鳳山073","county":"高雄市","address":"交通部臺灣鐵路管理局高雄機廠","land_parcel":"新甲段1351地號","_featureId":"鳳山073","countyCodes":["64000"]}},{"type":"Feature","id":"鳳山074","geometry":{"type":"Point","coordinates":[120.331712,22.614295]},"properties":{"name":"雨豆樹","code":"鳳山074","county":"高雄市","address":"交通部臺灣鐵路管理局高雄機廠","land_parcel":"新甲段1351地號","_featureId":"鳳山074","countyCodes":["64000"]}},{"type":"Feature","id":"鳳山075","geometry":{"type":"Point","coordinates":[120.331799,22.614331]},"properties":{"name":"雨豆樹","code":"鳳山075","county":"高雄市","address":"交通部臺灣鐵路管理局高雄機廠","land_parcel":"新甲段1351地號","_featureId":"鳳山075","countyCodes":["64000"]}},{"type":"Feature","id":"鳳山076","geometry":{"type":"Point","coordinates":[120.331275,22.614013]},"properties":{"name":"黑板樹","code":"鳳山076","county":"高雄市","address":"交通部臺灣鐵路管理局高雄機廠","land_parcel":"新甲段1351地號","_featureId":"鳳山076","countyCodes":["64000"]}},{"type":"Feature","id":"鳳山077","geometry":{"type":"Point","coordinates":[120.32697,22.611151]},"properties":{"name":"榕樹","code":"鳳山077","county":"高雄市","address":"交通部臺灣鐵路管理局高雄機廠","land_parcel":"瑞隆段一小段656-2","_featureId":"鳳山077","countyCodes":["64000"]}},{"type":"Feature","id":"鳳山078","geometry":{"type":"Point","coordinates":[120.326932,22.61115]},"properties":{"name":"榕樹","code":"鳳山078","county":"高雄市","address":"交通部臺灣鐵路管理局高雄機廠","land_parcel":"瑞隆段一小段656-2","_featureId":"鳳山078","countyCodes":["64000"]}},{"type":"Feature","id":"鳳山079","geometry":{"type":"Point","coordinates":[120.328464,22.616124]},"properties":{"name":"樟樹","code":"鳳山079","county":"高雄市","address":"交通部臺灣鐵路管理局高雄機廠","land_parcel":"新甲段1351地號","_featureId":"鳳山079","countyCodes":["64000"]}},{"type":"Feature","id":"鳳山080","geometry":{"type":"Point","coordinates":[120.327434,22.615812]},"properties":{"name":"印度紫檀","code":"鳳山080","county":"高雄市","address":"交通部臺灣鐵路管理局高雄機廠","land_parcel":"新甲段1351地號","_featureId":"鳳山080","countyCodes":["64000"]}},{"type":"Feature","id":"鳳山081","geometry":{"type":"Point","coordinates":[120.330985,22.617778]},"properties":{"name":"樟樹","code":"鳳山081","county":"高雄市","address":"交通部臺灣鐵路管理局高雄機廠","land_parcel":"新甲段1351地號","_featureId":"鳳山081","countyCodes":["64000"]}},{"type":"Feature","id":"鳳山082","geometry":{"type":"Point","coordinates":[120.330985,22.617724]},"properties":{"name":"樟樹","code":"鳳山082","county":"高雄市","address":"交通部臺灣鐵路管理局高雄機廠","land_parcel":"新甲段1351地號","_featureId":"鳳山082","countyCodes":["64000"]}},{"type":"Feature","id":"鳳山083","geometry":{"type":"Point","coordinates":[120.33091,22.617037]},"properties":{"name":"樟樹","code":"鳳山083","county":"高雄市","address":"交通部臺灣鐵路管理局高雄機廠","land_parcel":"新甲段1351地號","_featureId":"鳳山083","countyCodes":["64000"]}},{"type":"Feature","id":"鳳山084","geometry":{"type":"Point","coordinates":[120.330957,22.615385]},"properties":{"name":"印度紫檀","code":"鳳山084","county":"高雄市","address":"交通部臺灣鐵路管理局高雄機廠","land_parcel":"新甲段1351地號","_featureId":"鳳山084","countyCodes":["64000"]}},{"type":"Feature","id":"鳳山085","geometry":{"type":"Point","coordinates":[120.331085,22.615087]},"properties":{"name":"雨豆樹","code":"鳳山085","county":"高雄市","address":"交通部臺灣鐵路管理局高雄機廠","land_parcel":"新甲段1351地號","_featureId":"鳳山085","countyCodes":["64000"]}},{"type":"Feature","id":"鳳山086","geometry":{"type":"Point","coordinates":[120.331611,22.614972]},"properties":{"name":"雨豆樹","code":"鳳山086","county":"高雄市","address":"交通部臺灣鐵路管理局高雄機廠","land_parcel":"新甲段1351地號","_featureId":"鳳山086","countyCodes":["64000"]}},{"type":"Feature","id":"鳳山087","geometry":{"type":"Point","coordinates":[120.33164,22.615089]},"properties":{"name":"雨豆樹","code":"鳳山087","county":"高雄市","address":"交通部臺灣鐵路管理局高雄機廠","land_parcel":"新甲段1351地號","_featureId":"鳳山087","countyCodes":["64000"]}},{"type":"Feature","id":"鳳山088","geometry":{"type":"Point","coordinates":[120.331775,22.61518]},"properties":{"name":"雨豆樹","code":"鳳山088","county":"高雄市","address":"交通部臺灣鐵路管理局高雄機廠","land_parcel":"新甲段1351地號","_featureId":"鳳山088","countyCodes":["64000"]}},{"type":"Feature","id":"鳳山089","geometry":{"type":"Point","coordinates":[120.331941,22.615181]},"properties":{"name":"雨豆樹","code":"鳳山089","county":"高雄市","address":"交通部臺灣鐵路管理局高雄機廠","land_parcel":"新甲段1351地號","_featureId":"鳳山089","countyCodes":["64000"]}},{"type":"Feature","id":"鳳山090","geometry":{"type":"Point","coordinates":[120.332096,22.6152]},"properties":{"name":"雨豆樹","code":"鳳山090","county":"高雄市","address":"交通部臺灣鐵路管理局高雄機廠","land_parcel":"新甲段1351地號","_featureId":"鳳山090","countyCodes":["64000"]}},{"type":"Feature","id":"鳳山091","geometry":{"type":"Point","coordinates":[120.332165,22.615074]},"properties":{"name":"雨豆樹","code":"鳳山091","county":"高雄市","address":"交通部臺灣鐵路管理局高雄機廠","land_parcel":"新甲段1351地號","_featureId":"鳳山091","countyCodes":["64000"]}},{"type":"Feature","id":"鳳山092","geometry":{"type":"Point","coordinates":[120.332195,22.615001]},"properties":{"name":"雨豆樹","code":"鳳山092","county":"高雄市","address":"交通部臺灣鐵路管理局高雄機廠","land_parcel":"新甲段1351地號","_featureId":"鳳山092","countyCodes":["64000"]}},{"type":"Feature","id":"鳳山093","geometry":{"type":"Point","coordinates":[120.33174,22.614431]},"properties":{"name":"雨豆樹","code":"鳳山093","county":"高雄市","address":"交通部臺灣鐵路管理局高雄機廠","land_parcel":"新甲段1351地號","_featureId":"鳳山093","countyCodes":["64000"]}},{"type":"Feature","id":"鳳山094","geometry":{"type":"Point","coordinates":[120.339081,22.617089]},"properties":{"name":"榕樹","code":"鳳山094","county":"高雄市","address":"衛武營都會公園","land_parcel":"新甲段37-1地號","_featureId":"鳳山094","countyCodes":["64000"]}},{"type":"Feature","id":"鳳山095","geometry":{"type":"Point","coordinates":[120.341544,22.618643]},"properties":{"name":"榕樹","code":"鳳山095","county":"高雄市","address":"衛武營都會公園","land_parcel":"道爺廍段57地號","_featureId":"鳳山095","countyCodes":["64000"]}},{"type":"Feature","id":"鳳山096","geometry":{"type":"Point","coordinates":[120.342183,22.61935]},"properties":{"name":"大葉桃花心木","code":"鳳山096","county":"高雄市","address":"衛武營都會公園","land_parcel":"道爺廍段57地號","_featureId":"鳳山096","countyCodes":["64000"]}},{"type":"Feature","id":"鳳山097","geometry":{"type":"Point","coordinates":[120.34148,22.61793]},"properties":{"name":"摩鹿加合歡","code":"鳳山097","county":"高雄市","address":"衛武營都會公園","land_parcel":"新甲段37-1地號","_featureId":"鳳山097","countyCodes":["64000"]}},{"type":"Feature","id":"鳳山098","geometry":{"type":"Point","coordinates":[120.341422,22.617848]},"properties":{"name":"榕樹","code":"鳳山098","county":"高雄市","address":"衛武營都會公園","land_parcel":"新甲段37-1地號","_featureId":"鳳山098","countyCodes":["64000"]}},{"type":"Feature","id":"鳳山099","geometry":{"type":"Point","coordinates":[120.342216,22.618601]},"properties":{"name":"榕樹","code":"鳳山099","county":"高雄市","address":"衛武營都會公園","land_parcel":"道爺廍段55地號","_featureId":"鳳山099","countyCodes":["64000"]}},{"type":"Feature","id":"鳳山100","geometry":{"type":"Point","coordinates":[120.342933,22.619128]},"properties":{"name":"榕樹","code":"鳳山100","county":"高雄市","address":"衛武營都會公園","land_parcel":"道爺廍段46-1地號","_featureId":"鳳山100","countyCodes":["64000"]}},{"type":"Feature","id":"鳳山101","geometry":{"type":"Point","coordinates":[120.342943,22.619083]},"properties":{"name":"榕樹","code":"鳳山101","county":"高雄市","address":"衛武營都會公園","land_parcel":"道爺廍段46-1地號","_featureId":"鳳山101","countyCodes":["64000"]}},{"type":"Feature","id":"鳳山102","geometry":{"type":"Point","coordinates":[120.345321,22.618126]},"properties":{"name":"榕樹","code":"鳳山102","county":"高雄市","address":"衛武營都會公園","land_parcel":"道爺廍段46-6地號","_featureId":"鳳山102","countyCodes":["64000"]}},{"type":"Feature","id":"鳳山103","geometry":{"type":"Point","coordinates":[120.345253,22.618126]},"properties":{"name":"榕樹","code":"鳳山103","county":"高雄市","address":"衛武營都會公園","land_parcel":"道爺廍段46-6地號","_featureId":"鳳山103","countyCodes":["64000"]}},{"type":"Feature","id":"鳳山104","geometry":{"type":"Point","coordinates":[120.345282,22.618234]},"properties":{"name":"榕樹","code":"鳳山104","county":"高雄市","address":"衛武營都會公園","land_parcel":"道爺廍段46-6地號","_featureId":"鳳山104","countyCodes":["64000"]}},{"type":"Feature","id":"鳳山105","geometry":{"type":"Point","coordinates":[120.345241,22.618505]},"properties":{"name":"榕樹","code":"鳳山105","county":"高雄市","address":"衛武營都會公園","land_parcel":"道爺廍段46-6地號","_featureId":"鳳山105","countyCodes":["64000"]}},{"type":"Feature","id":"鳳山106","geometry":{"type":"Point","coordinates":[120.345193,22.618532]},"properties":{"name":"榕樹","code":"鳳山106","county":"高雄市","address":"衛武營都會公園","land_parcel":"道爺廍段46-6地號","_featureId":"鳳山106","countyCodes":["64000"]}},{"type":"Feature","id":"鳳山107","geometry":{"type":"Point","coordinates":[120.344083,22.618789]},"properties":{"name":"榕樹","code":"鳳山107","county":"高雄市","address":"衛武營都會公園","land_parcel":"道爺廍段46-6地號","_featureId":"鳳山107","countyCodes":["64000"]}},{"type":"Feature","id":"鳳山108","geometry":{"type":"Point","coordinates":[120.344892,22.618287]},"properties":{"name":"榕樹","code":"鳳山108","county":"高雄市","address":"衛武營都會公園","land_parcel":"道爺廍段46-6地號","_featureId":"鳳山108","countyCodes":["64000"]}},{"type":"Feature","id":"鳳山109","geometry":{"type":"Point","coordinates":[120.344747,22.618214]},"properties":{"name":"榕樹","code":"鳳山109","county":"高雄市","address":"衛武營都會公園","land_parcel":"道爺廍段46-6地號","_featureId":"鳳山109","countyCodes":["64000"]}},{"type":"Feature","id":"鳳山110","geometry":{"type":"Point","coordinates":[120.343687,22.620169]},"properties":{"name":"榕樹","code":"鳳山110","county":"高雄市","address":"衛武營都會公園","land_parcel":"道爺廍段57-6地號","_featureId":"鳳山110","countyCodes":["64000"]}},{"type":"Feature","id":"鳳山111","geometry":{"type":"Point","coordinates":[120.343294,22.61884]},"properties":{"name":"樟樹","code":"鳳山111","county":"高雄市","address":"衛武營都會公園","land_parcel":"道爺廍段46-6地號","_featureId":"鳳山111","countyCodes":["64000"]}},{"type":"Feature","id":"鳳山112","geometry":{"type":"Point","coordinates":[120.343653,22.619058]},"properties":{"name":"吉貝木棉","code":"鳳山112","county":"高雄市","address":"衛武營都會公園","land_parcel":"道爺廍段46-6地號","_featureId":"鳳山112","countyCodes":["64000"]}},{"type":"Feature","id":"鳳山113","geometry":{"type":"Point","coordinates":[120.344207,22.619133]},"properties":{"name":"榕樹","code":"鳳山113","county":"高雄市","address":"衛武營都會公園","land_parcel":"道爺廍段46-6地號","_featureId":"鳳山113","countyCodes":["64000"]}},{"type":"Feature","id":"鳳山114","geometry":{"type":"Point","coordinates":[120.344139,22.619178]},"properties":{"name":"榕樹","code":"鳳山114","county":"高雄市","address":"衛武營都會公園","land_parcel":"道爺廍段46-6地號","_featureId":"鳳山114","countyCodes":["64000"]}},{"type":"Feature","id":"鳳山115","geometry":{"type":"Point","coordinates":[120.344357,22.620443]},"properties":{"name":"榕樹","code":"鳳山115","county":"高雄市","address":"衛武營都會公園","land_parcel":"道爺廍段67-14地號","_featureId":"鳳山115","countyCodes":["64000"]}},{"type":"Feature","id":"鳳山116","geometry":{"type":"Point","coordinates":[120.344746,22.620327]},"properties":{"name":"榕樹","code":"鳳山116","county":"高雄市","address":"衛武營都會公園","land_parcel":"道爺廍段67-14地號","_featureId":"鳳山116","countyCodes":["64000"]}},{"type":"Feature","id":"鳳山117","geometry":{"type":"Point","coordinates":[120.344825,22.620228]},"properties":{"name":"榕樹","code":"鳳山117","county":"高雄市","address":"衛武營都會公園","land_parcel":"道爺廍段67-14地號","_featureId":"鳳山117","countyCodes":["64000"]}},{"type":"Feature","id":"鳳山118","geometry":{"type":"Point","coordinates":[120.34088,22.62125]},"properties":{"name":"榕樹","code":"鳳山118","county":"高雄市","address":"衛武營都會公園","land_parcel":"道爺廍段162-5地號","_featureId":"鳳山118","countyCodes":["64000"]}},{"type":"Feature","id":"鳳山119","geometry":{"type":"Point","coordinates":[120.340454,22.622928]},"properties":{"name":"榕樹","code":"鳳山119","county":"高雄市","address":"衛武營都會公園","land_parcel":"道爺廍段162-5地號","_featureId":"鳳山119","countyCodes":["64000"]}},{"type":"Feature","id":"鳳山120","geometry":{"type":"Point","coordinates":[120.340324,22.623578]},"properties":{"name":"榕樹","code":"鳳山120","county":"高雄市","address":"衛武營都會公園","land_parcel":"道爺廍段162-5地號","_featureId":"鳳山120","countyCodes":["64000"]}},{"type":"Feature","id":"鳳山121","geometry":{"type":"Point","coordinates":[120.340723,22.62367]},"properties":{"name":"榕樹","code":"鳳山121","county":"高雄市","address":"衛武營都會公園","land_parcel":"道爺廍段162-33地號","_featureId":"鳳山121","countyCodes":["64000"]}},{"type":"Feature","id":"鳳山122","geometry":{"type":"Point","coordinates":[120.340683,22.621755]},"properties":{"name":"印度紫檀","code":"鳳山122","county":"高雄市","address":"衛武營都會公園","land_parcel":"道爺廍段162-5地號","_featureId":"鳳山122","countyCodes":["64000"]}},{"type":"Feature","id":"鳳山123","geometry":{"type":"Point","coordinates":[120.341386,22.621298]},"properties":{"name":"茄苳","code":"鳳山123","county":"高雄市","address":"衛武營都會公園","land_parcel":"道爺廍段162-5地號","_featureId":"鳳山123","countyCodes":["64000"]}},{"type":"Feature","id":"鳳山124","geometry":{"type":"Point","coordinates":[120.34071,22.624248]},"properties":{"name":"榕樹","code":"鳳山124","county":"高雄市","address":"衛武營都會公園","land_parcel":"道爺廍段162-33地號","_featureId":"鳳山124","countyCodes":["64000"]}},{"type":"Feature","id":"鳳山125","geometry":{"type":"Point","coordinates":[120.342676,22.617953]},"properties":{"name":"吉貝木棉","code":"鳳山125","county":"高雄市","address":"衛武營都會公園","land_parcel":"道爺廍段55地號","_featureId":"鳳山125","countyCodes":["64000"]}},{"type":"Feature","id":"鳳山126","geometry":{"type":"Point","coordinates":[120.341473,22.619393]},"properties":{"name":"苦楝","code":"鳳山126","county":"高雄市","address":"衛武營都會公園","land_parcel":"道爺廍段70-2地號","_featureId":"鳳山126","countyCodes":["64000"]}},{"type":"Feature","id":"鳳山127","geometry":{"type":"Point","coordinates":[120.342134,22.61954]},"properties":{"name":"榕樹","code":"鳳山127","county":"高雄市","address":"衛武營都會公園","land_parcel":"道爺廍段57地號","_featureId":"鳳山127","countyCodes":["64000"]}},{"type":"Feature","id":"鳳山128","geometry":{"type":"Point","coordinates":[120.344699,22.622178]},"properties":{"name":"雨豆樹","code":"鳳山128","county":"高雄市","address":"衛武營都會公園","land_parcel":"道爺廍段65-3地號","_featureId":"鳳山128","countyCodes":["64000"]}},{"type":"Feature","id":"鳳山129","geometry":{"type":"Point","coordinates":[120.344826,22.622016]},"properties":{"name":"雨豆樹","code":"鳳山129","county":"高雄市","address":"衛武營都會公園","land_parcel":"道爺廍段67-8地號","_featureId":"鳳山129","countyCodes":["64000"]}},{"type":"Feature","id":"鳳山130","geometry":{"type":"Point","coordinates":[120.344934,22.621881]},"properties":{"name":"雨豆樹","code":"鳳山130","county":"高雄市","address":"衛武營都會公園","land_parcel":"道爺廍段67-9地號","_featureId":"鳳山130","countyCodes":["64000"]}},{"type":"Feature","id":"鳳山131","geometry":{"type":"Point","coordinates":[120.34624,22.621318]},"properties":{"name":"菩提樹","code":"鳳山131","county":"高雄市","address":"公16公園","land_parcel":"華泰段55地號","_featureId":"鳳山131","countyCodes":["64000"]}},{"type":"Feature","id":"鳳山132","geometry":{"type":"Point","coordinates":[120.346502,22.621454]},"properties":{"name":"菩提樹","code":"鳳山132","county":"高雄市","address":"公16公園","land_parcel":"華泰段55地號","_featureId":"鳳山132","countyCodes":["64000"]}},{"type":"Feature","id":"鳳山133","geometry":{"type":"Point","coordinates":[120.346783,22.6216]},"properties":{"name":"菩提樹","code":"鳳山133","county":"高雄市","address":"公16公園","land_parcel":"華泰段55地號","_featureId":"鳳山133","countyCodes":["64000"]}},{"type":"Feature","id":"鳳山134","geometry":{"type":"Point","coordinates":[120.347084,22.621745]},"properties":{"name":"菩提樹","code":"鳳山134","county":"高雄市","address":"公16公園","land_parcel":"華泰段55地號","_featureId":"鳳山134","countyCodes":["64000"]}},{"type":"Feature","id":"鳳山135","geometry":{"type":"Point","coordinates":[120.34693,22.621492]},"properties":{"name":"菩提樹","code":"鳳山135","county":"高雄市","address":"公16公園","land_parcel":"華泰段55地號","_featureId":"鳳山135","countyCodes":["64000"]}},{"type":"Feature","id":"鳳山136","geometry":{"type":"Point","coordinates":[120.345761,22.621839]},"properties":{"name":"菩提樹","code":"鳳山136","county":"高雄市","address":"公15公園","land_parcel":"華泰段18地號","_featureId":"鳳山136","countyCodes":["64000"]}},{"type":"Feature","id":"鳳山137","geometry":{"type":"Point","coordinates":[120.3461,22.62213]},"properties":{"name":"菩提樹","code":"鳳山137","county":"高雄市","address":"公15公園","land_parcel":"華泰段18地號","_featureId":"鳳山137","countyCodes":["64000"]}},{"type":"Feature","id":"大社017","geometry":{"type":"Point","coordinates":[120.349584,22.745566]},"properties":{"name":"榕樹","code":"大社017","county":"高雄市","address":"高雄市大社區保社里光華路1號","land_parcel":"清福段962地號","_featureId":"大社017","countyCodes":["64000"]}},{"type":"Feature","id":"大社084","geometry":{"type":"Point","coordinates":[120.346768,22.729661]},"properties":{"name":"檬果","code":"大社084","county":"高雄市","address":"高雄市大社區大社里自強街1號","land_parcel":"大安段1265地號","_featureId":"大社084","countyCodes":["64000"]}},{"type":"Feature","id":"田寮019","geometry":{"type":"Point","coordinates":[120.375086,22.879447]},"properties":{"name":"茄苳","code":"田寮019","county":"高雄市","address":"高雄市田寮區西德里西德路山腳巷1-10號","land_parcel":"狗氳氤段340-1地號","_featureId":"田寮019","countyCodes":["64000"]}},{"type":"Feature","id":"梓官020","geometry":{"type":"Point","coordinates":[120.268851,22.756559]},"properties":{"name":"榕樹","code":"梓官020","county":"高雄市","address":"高雄市梓官區梓平里梓官路城隍巷(濟陽宮)","land_parcel":"梓平段425地號","_featureId":"梓官020","countyCodes":["64000"]}},{"type":"Feature","id":"梓官021","geometry":{"type":"Point","coordinates":[120.247215,22.735192]},"properties":{"name":"榕樹","code":"梓官021","county":"高雄市","address":"高雄市赤崁南路79巷上之空地","land_parcel":"赤慈段165號","_featureId":"梓官021","countyCodes":["64000"]}},{"type":"Feature","id":"茂林021","geometry":{"type":"Point","coordinates":[120.663033,22.887271]},"properties":{"name":"茄苳","code":"茂林021","county":"高雄市","address":"高雄市茂林區茂林里16號","land_parcel":"茂林段555地號","_featureId":"茂林021","countyCodes":["64000"]}},{"type":"Feature","id":"甲仙022","geometry":{"type":"Point","coordinates":[120.590054,23.086378]},"properties":{"name":"茄苳","code":"甲仙022","county":"高雄市","address":"高雄市甲仙區和安里竹山巷入口","land_parcel":"東阿里關段1456地號","_featureId":"甲仙022","countyCodes":["64000"]}},{"type":"Feature","id":"甲仙023","geometry":{"type":"Point","coordinates":[120.577058,23.069005]},"properties":{"name":"茄苳","code":"甲仙023","county":"高雄市","address":"高雄市甲仙區大田里新榮巷2號前方","land_parcel":"東大邱園段1203地號","_featureId":"甲仙023","countyCodes":["64000"]}},{"type":"Feature","id":"甲仙024","geometry":{"type":"Point","coordinates":[120.580855,23.078055]},"properties":{"name":"龍眼","code":"甲仙024","county":"高雄市","address":"高雄市甲仙區大田里新興路67巷(仁愛路41巷31號左側)","land_parcel":"公館段469地號","_featureId":"甲仙024","countyCodes":["64000"]}},{"type":"Feature","id":"甲仙025","geometry":{"type":"Point","coordinates":[120.594802,23.084972]},"properties":{"name":"茄苳","code":"甲仙025","county":"高雄市","address":"高雄市甲仙區東安里油礦路油礦巷555號對面山坡上","land_parcel":"東阿里關段2737-1地號","_featureId":"甲仙025","countyCodes":["64000"]}},{"type":"Feature","id":"甲仙028","geometry":{"type":"Point","coordinates":[120.589458,23.083135]},"properties":{"name":"樟樹","code":"甲仙028","county":"高雄市","address":"高雄市甲仙區東安里和安街","land_parcel":"甲仙段414地號","_featureId":"甲仙028","countyCodes":["64000"]}},{"type":"Feature","id":"甲仙076","geometry":{"type":"Point","coordinates":[120.555194,23.042901]},"properties":{"name":"茄苳","code":"甲仙076","county":"高雄市","address":"高雄市甲仙區寶隆里嶺頂巷(入口處被圍鐵鍊，無法進入，有狗)","land_parcel":"東大邱園段463-4地號","_featureId":"甲仙076","countyCodes":["64000"]}},{"type":"Feature","id":"甲仙077","geometry":{"type":"Point","coordinates":[120.556654,23.049877]},"properties":{"name":"龍眼","code":"甲仙077","county":"高雄市","address":"高雄市甲仙區寶隆里光華路13號","land_parcel":"東大邱園段516-3地號","_featureId":"甲仙077","countyCodes":["64000"]}},{"type":"Feature","id":"甲仙078","geometry":{"type":"Point","coordinates":[120.557076,23.049147]},"properties":{"name":"茄苳","code":"甲仙078","county":"高雄市","address":"高雄市甲仙區寶隆里光華路","land_parcel":"東大邱園段516-1地號","_featureId":"甲仙078","countyCodes":["64000"]}},{"type":"Feature","id":"甲仙079","geometry":{"type":"Point","coordinates":[120.60591,23.111523]},"properties":{"name":"茄苳","code":"甲仙079","county":"高雄市","address":"高雄市甲仙區關山里中興路14巷5號前","land_parcel":"東阿里關段94-3地號","_featureId":"甲仙079","countyCodes":["64000"]}},{"type":"Feature","id":"岡山036","geometry":{"type":"Point","coordinates":[120.304919,22.82146]},"properties":{"name":"雨豆樹","code":"岡山036","county":"高雄市","address":"高雄市岡山區嘉興里嘉興路322號","land_parcel":"嘉興段1122地號","_featureId":"岡山036","countyCodes":["64000"]}},{"type":"Feature","id":"岡山086","geometry":{"type":"Point","coordinates":[120.292653,22.787605]},"properties":{"name":"金龜樹","code":"岡山086","county":"高雄市","address":"高雄市岡山區忠孝里樂群路","land_parcel":"岡山段507地號","_featureId":"岡山086","countyCodes":["64000"]}},{"type":"Feature","id":"岡山087","geometry":{"type":"Point","coordinates":[120.292098,22.787747]},"properties":{"name":"金龜樹","code":"岡山087","county":"高雄市","address":"高雄市岡山區忠孝里樂群路","land_parcel":"岡山段507地號","_featureId":"岡山087","countyCodes":["64000"]}},{"type":"Feature","id":"岡山092","geometry":{"type":"Point","coordinates":[120.343738,22.811511]},"properties":{"name":"雨豆樹","code":"岡山092","county":"高雄市","address":"高雄市岡山區阿公店森林公園內","land_parcel":"菜寮段205地號","_featureId":"岡山092","countyCodes":["64000"]}},{"type":"Feature","id":"岡山093","geometry":{"type":"Point","coordinates":[120.343563,22.811537]},"properties":{"name":"雨豆樹","code":"岡山093","county":"高雄市","address":"高雄市岡山區阿公店森林公園內","land_parcel":"菜寮段205地號","_featureId":"岡山093","countyCodes":["64000"]}},{"type":"Feature","id":"岡山094","geometry":{"type":"Point","coordinates":[120.343572,22.811736]},"properties":{"name":"小葉桃花心木","code":"岡山094","county":"高雄市","address":"高雄市岡山區阿公店森林公園內","land_parcel":"菜寮段205地號","_featureId":"岡山094","countyCodes":["64000"]}},{"type":"Feature","id":"阿蓮041","geometry":{"type":"Point","coordinates":[120.297044,22.894057]},"properties":{"name":"榕樹","code":"阿蓮041","county":"高雄市","address":"高雄市阿蓮區中路里萬福宮","land_parcel":"中軍段1300地號","_featureId":"阿蓮041","countyCodes":["64000"]}},{"type":"Feature","id":"阿蓮042","geometry":{"type":"Point","coordinates":[120.329456,22.883406]},"properties":{"name":"榕樹","code":"阿蓮042","county":"高雄市","address":"高雄市阿蓮區阿蓮里阿蓮國民小學","land_parcel":"青蓮段251地號","_featureId":"阿蓮042","countyCodes":["64000"]}},{"type":"Feature","id":"阿蓮043","geometry":{"type":"Point","coordinates":[120.329125,22.883486]},"properties":{"name":"檬果","code":"阿蓮043","county":"高雄市","address":"高雄市阿蓮區阿蓮里阿蓮國民小學","land_parcel":"青蓮段251地號","_featureId":"阿蓮043","countyCodes":["64000"]}},{"type":"Feature","id":"阿蓮048","geometry":{"type":"Point","coordinates":[120.342143,22.853668]},"properties":{"name":"榕樹","code":"阿蓮048","county":"高雄市","address":"高雄市阿蓮區崗山里大崗山(超峰寺，從超峰寺後殿方向上去)","land_parcel":"崗山營段二小段2335-3地號","_featureId":"阿蓮048","countyCodes":["64000"]}},{"type":"Feature","id":"阿蓮080","geometry":{"type":"Point","coordinates":[120.30931,22.897073]},"properties":{"name":"榕樹","code":"阿蓮080","county":"高雄市","address":"高雄市阿蓮區石安里140之12(三奶宮)","land_parcel":"中軍段80地號","_featureId":"阿蓮080","countyCodes":["64000"]}},{"type":"Feature","id":"阿蓮082","geometry":{"type":"Point","coordinates":[120.298435,22.894741]},"properties":{"name":"榕樹","code":"阿蓮082","county":"高雄市","address":"高雄市阿蓮區中路里中路國民小學","land_parcel":"中軍段245地號","_featureId":"阿蓮082","countyCodes":["64000"]}},{"type":"Feature","id":"阿蓮091","geometry":{"type":"Point","coordinates":[120.328698,22.879131]},"properties":{"name":"毛柿","code":"阿蓮091","county":"高雄市","address":"高雄市阿蓮區南蓮里忠孝路228號","land_parcel":"阿蓮區南蓮段970-1號","_featureId":"阿蓮091","countyCodes":["64000"]}},{"type":"Feature","id":"路竹072","geometry":{"type":"Point","coordinates":[120.229998,22.862601]},"properties":{"name":"樟樹","code":"路竹072","county":"高雄市","address":"高雄市路竹區竹滬里成功路2號","land_parcel":"華山段1277地號","_featureId":"路竹072","countyCodes":["64000"]}},{"type":"Feature","id":"美濃055","geometry":{"type":"Point","coordinates":[120.542551,22.89983]},"properties":{"name":"茄苳","code":"美濃055","county":"高雄市","address":"高雄市美濃區泰安里永安路","land_parcel":"泰安段534-2地號","_featureId":"美濃055","countyCodes":["64000"]}},{"type":"Feature","id":"美濃057","geometry":{"type":"Point","coordinates":[120.522805,22.904874]},"properties":{"name":"檬果","code":"美濃057","county":"高雄市","address":"高雄市美濃區福安里福美路460巷6號旁(美濃窯旁)","land_parcel":"福美段132地號","_featureId":"美濃057","countyCodes":["64000"]}},{"type":"Feature","id":"美濃060","geometry":{"type":"Point","coordinates":[120.528051,22.890107]},"properties":{"name":"檬果","code":"美濃060","county":"高雄市","address":"高雄市美濃區祿興里楊寮下路(佰公溝福德祠旁)","land_parcel":"中壇段2593-3地號","_featureId":"美濃060","countyCodes":["64000"]}},{"type":"Feature","id":"美濃061","geometry":{"type":"Point","coordinates":[120.54301,22.899723]},"properties":{"name":"印度紫檀","code":"美濃061","county":"高雄市","address":"美濃國小門口旁","land_parcel":"泰安段-514","_featureId":"美濃061","countyCodes":["64000"]}},{"type":"Feature","id":"美濃062","geometry":{"type":"Point","coordinates":[120.55282,22.856756]},"properties":{"name":"樟樹","code":"美濃062","county":"高雄市","address":"吉東里吉山1號","land_parcel":"龜山段-480-1","_featureId":"美濃062","countyCodes":["64000"]}},{"type":"Feature","id":"林園063","geometry":{"type":"Point","coordinates":[120.401562,22.508404]},"properties":{"name":"茄苳","code":"林園063","county":"高雄市","address":"高雄市林園區溪洲里溪州三路373巷23號對面","land_parcel":"溪洲段2749-2地號","_featureId":"林園063","countyCodes":["64000"]}},{"type":"Feature","id":"林園066","geometry":{"type":"Point","coordinates":[120.390198,22.524174]},"properties":{"name":"茄苳","code":"林園066","county":"高雄市","address":"高雄市林園區潭頭里清水岩路214號","land_parcel":"清水巖段988地號","_featureId":"林園066","countyCodes":["64000"]}},{"type":"Feature","id":"鳥松040","geometry":{"type":"Point","coordinates":[120.346141,22.668918]},"properties":{"name":"大葉巴克豆","code":"鳥松040","county":"高雄市","address":"高雄市鳥松區文前路與西岸道路交叉口(澄清湖攬秀樓旁，無極義理慈惠堂)","land_parcel":"鳥松段177-10地號","_featureId":"鳥松040","countyCodes":["64000"]}},{"type":"Feature","id":"鳥松041","geometry":{"type":"Point","coordinates":[120.361419,22.662523]},"properties":{"name":"樟樹","code":"鳥松041","county":"高雄市","address":"高雄市鳥松區文前路53-1號","land_parcel":"鳳松段670地號","_featureId":"鳥松041","countyCodes":["64000"]}},{"type":"Feature","id":"茄萣088","geometry":{"type":"Point","coordinates":[120.21211,22.879138]},"properties":{"name":"榕樹","code":"茄萣088","county":"高雄市","address":"高雄市茄萣區崎漏里興達港情人碼頭","land_parcel":"興達段64地號","_featureId":"茄萣088","countyCodes":["64000"]}},{"type":"Feature","id":"湖內001","geometry":{"type":"Point","coordinates":[120.239464,22.879443]},"properties":{"name":"榕樹","code":"湖內001","county":"高雄市","address":"高雄市湖內區湖內里344號","land_parcel":"寧靖段1053地號","_featureId":"湖內001","countyCodes":["64000"]}},{"type":"Feature","id":"湖內002","geometry":{"type":"Point","coordinates":[120.239561,22.879534]},"properties":{"name":"榕樹","code":"湖內002","county":"高雄市","address":"高雄市湖內區湖內里344號","land_parcel":"寧靖段1053地號","_featureId":"湖內002","countyCodes":["64000"]}},{"type":"Feature","id":"湖內045","geometry":{"type":"Point","coordinates":[120.243471,22.893261]},"properties":{"name":"榕樹","code":"湖內045","county":"高雄市","address":"高雄市湖內區田尾里民權路244巷10-1號","land_parcel":"玉湖段840地號","_featureId":"湖內045","countyCodes":["64000"]}},{"type":"Feature","id":"湖內046","geometry":{"type":"Point","coordinates":[120.23856,22.885941]},"properties":{"name":"榕樹","code":"湖內046","county":"高雄市","address":"高雄市湖內區民族街149號(普濟宮)","land_parcel":"普濟段902地號","_featureId":"湖內046","countyCodes":["64000"]}}]}